date,train_id,station_name,station_order,distance_km,scheduled_arrival,actual_arrival,delay_minutes
2026-08-08,40003,CHENNAI BEACH,1,0,,,0.0
2026-08-08,40003,CHENNAI FORT,2,2,07:14,07:14,0.0
2026-08-08,40003,CHENNAI PARK,3,3,07:17,07:17,0.0
2026-08-08,40003,CHENNAI EGMORE,4,4,07:20,07:20,0.0
2026-08-08,40003,CHENNAI CHETPAT,5,6,07:24,07:24,0.0
2026-08-08,40003,NUNGAMBAKKAM,6,8,07:27,07:27,0.0
2026-08-08,40003,KODAMBAKKAM,7,9,07:30,07:31,1.0
2026-08-08,40003,MAMBALAM,8,11,07:33,07:33,0.0
2026-08-08,40003,SAIDAPET,9,13,07:36,07:36,0.0
2026-08-08,40003,GUINDY,10,15,07:39,07:39,0.0
2026-08-08,40003,ST THOMAS MOUNT,11,17,07:42,07:43,1.0
2026-08-08,40003,PALAVANTHANGAL,12,18,07:45,07:45,0.0
2026-08-08,40003,MINAMBAKKAM,13,20,07:48,07:48,0.0
2026-08-08,40003,TIRUSULAM,14,22,07:50,07:50,0.0
2026-08-08,40003,PALLAVARAM,15,23,07:53,07:55,2.0
2026-08-08,40003,CHROMEPET,16,25,07:56,07:56,0.0
2026-08-08,40003,TAMBARAM SANATORIUM,17,28,07:59,07:59,0.0
2026-08-08,40003,TAMBARAM,18,29,08:10,08:10,0.0
2026-08-08,40045,CHENNAI BEACH,1,0,,,0.0
2026-08-08,40045,CHENNAI FORT,2,2,12:49,12:49,0.0
2026-08-08,40045,CHENNAI PARK,3,3,12:52,12:54,2.0
2026-08-08,40045,CHENNAI EGMORE,4,4,12:55,12:58,3.0
2026-08-08,40045,CHENNAI CHETPAT,5,6,12:59,12:59,0.0
2026-08-08,40045,NUNGAMBAKKAM,6,8,13:02,13:02,0.0
2026-08-08,40045,KODAMBAKKAM,7,9,13:05,13:06,1.0
2026-08-08,40045,MAMBALAM,8,11,13:08,13:08,0.0
2026-08-08,40045,SAIDAPET,9,13,13:11,13:11,0.0
2026-08-08,40045,GUINDY,10,15,13:14,13:14,0.0
2026-08-08,40045,ST THOMAS MOUNT,11,17,13:17,13:17,0.0
2026-08-08,40045,PALAVANTHANGAL,12,18,13:20,13:20,0.0
2026-08-08,40045,MINAMBAKKAM,13,20,13:23,13:23,0.0
2026-08-08,40045,TIRUSULAM,14,22,13:25,13:25,0.0
2026-08-08,40045,PALLAVARAM,15,23,13:28,13:28,0.0
2026-08-08,40045,CHROMEPET,16,25,13:31,13:31,0.0
2026-08-08,40045,TAMBARAM SANATORIUM,17,28,13:34,13:34,0.0
2026-08-08,40045,TAMBARAM,18,29,13:45,13:45,0.0
2026-08-08,40046,TAMBARAM,1,0,,,0.0
2026-08-08,40046,TAMBARAM SANATORIUM,2,1,12:24,12:24,0.0
2026-08-08,40046,CHROMEPET,3,4,12:27,12:27,0.0
2026-08-08,40046,PALLAVARAM,4,6,12:30,12:32,2.0
2026-08-08,40046,TIRUSULAM,5,8,12:33,12:33,0.0
2026-08-08,40046,MINAMBAKKAM,6,9,12:35,12:35,0.0
2026-08-08,40046,PALAVANTHANGAL,7,10,12:38,12:38,0.0
2026-08-08,40046,ST THOMAS MOUNT,8,12,12:41,12:44,3.0
2026-08-08,40046,GUINDY,9,14,12:44,12:47,3.0
2026-08-08,40046,SAIDAPET,10,16,12:47,12:50,3.0
2026-08-08,40046,MAMBALAM,11,18,12:50,12:53,3.0
2026-08-08,40046,KODAMBAKKAM,12,19,12:53,12:53,0.0
2026-08-08,40046,NUNGAMBAKKAM,13,21,12:56,12:56,0.0
2026-08-08,40046,CHENNAI CHETPAT,14,23,12:59,12:59,0.0
2026-08-08,40046,CHENNAI EGMORE,15,25,13:02,13:02,0.0
2026-08-08,40046,CHENNAI PARK,16,26,13:05,13:05,0.0
2026-08-08,40046,CHENNAI FORT,17,27,13:08,13:08,0.0
2026-08-08,40046,CHENNAI BEACH,18,29,13:20,13:20,0.0
2026-08-08,49003,CHENNAI BEACH,1,0,,,5.0
2026-08-08,49003,CHENNAI FORT,2,2,09:47,09:52,5.0
2026-08-08,49003,CHENNAI PARK,3,3,09:50,09:56,6.0
2026-08-08,49003,CHENNAI EGMORE,4,4,09:53,10:00,7.0
2026-08-08,49003,CHENNAI CHETPAT,5,6,09:57,10:01,4.0
2026-08-08,49003,NUNGAMBAKKAM,6,8,10:00,10:04,4.0
2026-08-08,49003,KODAMBAKKAM,7,9,10:03,10:11,8.0
2026-08-08,49003,MAMBALAM,8,11,10:06,10:13,7.0
2026-08-08,49003,SAIDAPET,9,13,10:09,10:16,7.0
2026-08-08,49003,GUINDY,10,15,10:12,10:19,7.0
2026-08-08,49003,ST THOMAS MOUNT,11,17,10:15,10:23,8.0
2026-08-08,49003,PALAVANTHANGAL,12,18,10:18,10:25,7.0
2026-08-08,49003,MINAMBAKKAM,13,20,10:21,10:28,7.0
2026-08-08,49003,TIRUSULAM,14,22,10:23,10:30,7.0
2026-08-08,49003,PALLAVARAM,15,23,10:26,10:36,10.0
2026-08-08,49003,CHROMEPET,16,25,10:29,10:39,10.0
2026-08-08,49003,TAMBARAM SANATORIUM,17,28,10:32,10:42,10.0
2026-08-08,49003,TAMBARAM,18,29,10:43,10:46,3.0
2026-08-09,40394,TAMBARAM,1,0,,,0.0
2026-08-09,40394,TAMBARAM SANATORIUM,2,1,23:04,23:04,0.0
2026-08-09,40394,CHROMEPET,3,4,23:07,23:07,0.0
2026-08-09,40394,PALLAVARAM,4,6,23:10,23:10,0.0
2026-08-09,40394,TIRUSULAM,5,8,23:13,23:13,0.0
2026-08-09,40394,MINAMBAKKAM,6,9,23:15,23:15,0.0
2026-08-09,40394,PALAVANTHANGAL,7,10,23:18,23:18,0.0
2026-08-09,40394,ST THOMAS MOUNT,8,12,23:21,23:21,0.0
2026-08-09,40394,GUINDY,9,14,23:24,23:24,0.0
2026-08-09,40394,SAIDAPET,10,16,23:27,23:27,0.0
2026-08-09,40394,MAMBALAM,11,18,23:30,23:30,0.0
2026-08-09,40394,KODAMBAKKAM,12,19,23:33,23:33,0.0
2026-08-09,40394,NUNGAMBAKKAM,13,21,23:36,23:36,0.0
2026-08-09,40394,CHENNAI CHETPAT,14,23,23:39,23:39,0.0
2026-08-09,40394,CHENNAI EGMORE,15,25,23:42,23:42,0.0
2026-08-09,40394,CHENNAI PARK,16,26,23:45,23:45,0.0
2026-08-09,40394,CHENNAI FORT,17,27,23:48,23:48,0.0
2026-08-09,40394,CHENNAI BEACH,18,29,00:00,00:00,0.0
2026-08-09,49004,TAMBARAM,1,0,,,0.0
2026-08-09,49004,TAMBARAM SANATORIUM,2,1,14:29,14:29,0.0
2026-08-09,49004,CHROMEPET,3,4,14:32,14:32,0.0
2026-08-09,49004,PALLAVARAM,4,6,14:35,14:35,0.0
2026-08-09,49004,TIRUSULAM,5,8,14:38,14:38,0.0
2026-08-09,49004,MINAMBAKKAM,6,9,14:40,14:40,0.0
2026-08-09,49004,PALAVANTHANGAL,7,10,14:43,14:43,0.0
2026-08-09,49004,ST THOMAS MOUNT,8,12,14:46,14:46,0.0
2026-08-09,49004,GUINDY,9,14,14:49,14:49,0.0
2026-08-09,49004,SAIDAPET,10,16,14:52,14:52,0.0
2026-08-09,49004,MAMBALAM,11,18,14:55,14:55,0.0
2026-08-09,49004,KODAMBAKKAM,12,19,14:58,14:58,0.0
2026-08-09,49004,NUNGAMBAKKAM,13,21,15:01,15:01,0.0
2026-08-09,49004,CHENNAI CHETPAT,14,23,15:04,15:04,0.0
2026-08-09,49004,CHENNAI EGMORE,15,25,15:07,15:08,1.0
2026-08-09,49004,CHENNAI PARK,16,26,15:10,15:12,2.0
2026-08-09,49004,CHENNAI FORT,17,27,15:13,15:13,0.0
2026-08-09,49004,CHENNAI BEACH,18,29,15:25,15:25,0.0
2026-08-10,40003,CHENNAI BEACH,1,0,,,0.0
2026-08-10,40003,CHENNAI FORT,2,2,07:14,07:14,0.0
2026-08-10,40003,CHENNAI PARK,3,3,07:17,07:19,2.0
2026-08-10,40003,CHENNAI EGMORE,4,4,07:20,07:22,2.0
2026-08-10,40003,CHENNAI CHETPAT,5,6,07:24,07:24,0.0
2026-08-10,40003,NUNGAMBAKKAM,6,8,07:27,07:27,0.0
2026-08-10,40003,KODAMBAKKAM,7,9,07:30,07:32,2.0
2026-08-10,40003,MAMBALAM,8,11,07:33,07:33,0.0
2026-08-10,40003,SAIDAPET,9,13,07:36,07:36,0.0
2026-08-10,40003,GUINDY,10,15,07:39,07:39,0.0
2026-08-10,40003,ST THOMAS MOUNT,11,17,07:42,07:44,2.0
2026-08-10,40003,PALAVANTHANGAL,12,18,07:45,07:45,0.0
2026-08-10,40003,MINAMBAKKAM,13,20,07:48,07:48,0.0
2026-08-10,40003,TIRUSULAM,14,22,07:50,07:50,0.0
2026-08-10,40003,PALLAVARAM,15,23,07:53,07:54,1.0
2026-08-10,40003,CHROMEPET,16,25,07:56,07:56,0.0
2026-08-10,40003,TAMBARAM SANATORIUM,17,28,07:59,07:59,0.0
2026-08-10,40003,TAMBARAM,18,29,08:10,08:10,0.0
2026-08-10,40045,CHENNAI BEACH,1,0,,,0.0
2026-08-10,40045,CHENNAI FORT,2,2,12:49,12:49,0.0
2026-08-10,40045,CHENNAI PARK,3,3,12:52,12:53,1.0
2026-08-10,40045,CHENNAI EGMORE,4,4,12:55,12:56,1.0
2026-08-10,40045,CHENNAI CHETPAT,5,6,12:59,12:59,0.0
2026-08-10,40045,NUNGAMBAKKAM,6,8,13:02,13:02,0.0
2026-08-10,40045,KODAMBAKKAM,7,9,13:05,13:06,1.0
2026-08-10,40045,MAMBALAM,8,11,13:08,13:08,0.0
2026-08-10,40045,SAIDAPET,9,13,13:11,13:11,0.0
2026-08-10,40045,GUINDY,10,15,13:14,13:14,0.0
2026-08-10,40045,ST THOMAS MOUNT,11,17,13:17,13:19,2.0
2026-08-10,40045,PALAVANTHANGAL,12,18,13:20,13:20,0.0
2026-08-10,40045,MINAMBAKKAM,13,20,13:23,13:23,0.0
2026-08-10,40045,TIRUSULAM,14,22,13:25,13:25,0.0
2026-08-10,40045,PALLAVARAM,15,23,13:28,13:30,2.0
2026-08-10,40045,CHROMEPET,16,25,13:31,13:31,0.0
2026-08-10,40045,TAMBARAM SANATORIUM,17,28,13:34,13:34,0.0
2026-08-10,40045,TAMBARAM,18,29,13:45,13:45,0.0
2026-08-10,40046,TAMBARAM,1,0,,,0.0
2026-08-10,40046,TAMBARAM SANATORIUM,2,1,12:24,12:24,0.0
2026-08-10,40046,CHROMEPET,3,4,12:27,12:27,0.0
2026-08-10,40046,PALLAVARAM,4,6,12:30,12:32,2.0
2026-08-10,40046,TIRUSULAM,5,8,12:33,12:33,0.0
2026-08-10,40046,MINAMBAKKAM,6,9,12:35,12:35,0.0
2026-08-10,40046,PALAVANTHANGAL,7,10,12:38,12:38,0.0
2026-08-10,40046,ST THOMAS MOUNT,8,12,12:41,12:43,2.0
2026-08-10,40046,GUINDY,9,14,12:44,12:44,0.0
2026-08-10,40046,SAIDAPET,10,16,12:47,12:47,0.0
2026-08-10,40046,MAMBALAM,11,18,12:50,12:50,0.0
2026-08-10,40046,KODAMBAKKAM,12,19,12:53,12:56,3.0
2026-08-10,40046,NUNGAMBAKKAM,13,21,12:56,12:56,0.0
2026-08-10,40046,CHENNAI CHETPAT,14,23,12:59,12:59,0.0
2026-08-10,40046,CHENNAI EGMORE,15,25,13:02,13:05,3.0
2026-08-10,40046,CHENNAI PARK,16,26,13:05,13:08,3.0
2026-08-10,40046,CHENNAI FORT,17,27,13:08,13:11,3.0
2026-08-10,40046,CHENNAI BEACH,18,29,13:20,13:23,3.0
2026-08-10,49003,CHENNAI BEACH,1,0,,,9.0
2026-08-10,49003,CHENNAI FORT,2,2,09:47,09:56,9.0
2026-08-10,49003,CHENNAI PARK,3,3,09:50,10:00,10.0
2026-08-10,49003,CHENNAI EGMORE,4,4,09:53,10:04,11.0
2026-08-10,49003,CHENNAI CHETPAT,5,6,09:57,10:05,8.0
2026-08-10,49003,NUNGAMBAKKAM,6,8,10:00,10:08,8.0
2026-08-10,49003,KODAMBAKKAM,7,9,10:03,10:12,9.0
2026-08-10,49003,MAMBALAM,8,11,10:06,10:12,6.0
2026-08-10,49003,SAIDAPET,9,13,10:09,10:15,6.0
2026-08-10,49003,GUINDY,10,15,10:12,10:18,6.0
2026-08-10,49003,ST THOMAS MOUNT,11,17,10:15,10:25,10.0
2026-08-10,49003,PALAVANTHANGAL,12,18,10:18,10:28,10.0
2026-08-10,49003,MINAMBAKKAM,13,20,10:21,10:31,10.0
2026-08-10,49003,TIRUSULAM,14,22,10:23,10:33,10.0
2026-08-10,49003,PALLAVARAM,15,23,10:26,10:36,10.0
2026-08-10,49003,CHROMEPET,16,25,10:29,10:38,9.0
2026-08-10,49003,TAMBARAM SANATORIUM,17,28,10:32,10:41,9.0
2026-08-10,49003,TAMBARAM,18,29,10:43,10:47,4.0
2026-08-10,49004,TAMBARAM,1,0,,,4.0
2026-08-10,49004,TAMBARAM SANATORIUM,2,1,14:29,14:32,3.0
2026-08-10,49004,CHROMEPET,3,4,14:32,14:35,3.0
2026-08-10,49004,PALLAVARAM,4,6,14:35,14:39,4.0
2026-08-10,49004,TIRUSULAM,5,8,14:38,14:41,3.0
2026-08-10,49004,MINAMBAKKAM,6,9,14:40,14:43,3.0
2026-08-10,49004,PALAVANTHANGAL,7,10,14:43,14:46,3.0
2026-08-10,49004,ST THOMAS MOUNT,8,12,14:46,14:51,5.0
2026-08-10,49004,GUINDY,9,14,14:49,14:52,3.0
2026-08-10,49004,SAIDAPET,10,16,14:52,14:55,3.0
2026-08-10,49004,MAMBALAM,11,18,14:55,14:58,3.0
2026-08-10,49004,KODAMBAKKAM,12,19,14:58,15:04,6.0
2026-08-10,49004,NUNGAMBAKKAM,13,21,15:01,15:06,5.0
2026-08-10,49004,CHENNAI CHETPAT,14,23,15:04,15:09,5.0
2026-08-10,49004,CHENNAI EGMORE,15,25,15:07,15:14,7.0
2026-08-10,49004,CHENNAI PARK,16,26,15:10,15:17,7.0
2026-08-10,49004,CHENNAI FORT,17,27,15:13,15:18,5.0
2026-08-10,49004,CHENNAI BEACH,18,29,15:25,15:26,1.0
2026-08-11,40003,CHENNAI BEACH,1,0,,,0.0
2026-08-11,40003,CHENNAI FORT,2,2,07:14,07:14,0.0
2026-08-11,40003,CHENNAI PARK,3,3,07:17,07:17,0.0
2026-08-11,40003,CHENNAI EGMORE,4,4,07:20,07:21,1.0
2026-08-11,40003,CHENNAI CHETPAT,5,6,07:24,07:24,0.0
2026-08-11,40003,NUNGAMBAKKAM,6,8,07:27,07:27,0.0
2026-08-11,40003,KODAMBAKKAM,7,9,07:30,07:30,0.0
2026-08-11,40003,MAMBALAM,8,11,07:33,07:33,0.0
2026-08-11,40003,SAIDAPET,9,13,07:36,07:36,0.0
2026-08-11,40003,GUINDY,10,15,07:39,07:39,0.0
2026-08-11,40003,ST THOMAS MOUNT,11,17,07:42,07:42,0.0
2026-08-11,40003,PALAVANTHANGAL,12,18,07:45,07:45,0.0
2026-08-11,40003,MINAMBAKKAM,13,20,07:48,07:48,0.0
2026-08-11,40003,TIRUSULAM,14,22,07:50,07:50,0.0
2026-08-11,40003,PALLAVARAM,15,23,07:53,07:53,0.0
2026-08-11,40003,CHROMEPET,16,25,07:56,07:56,0.0
2026-08-11,40003,TAMBARAM SANATORIUM,17,28,07:59,07:59,0.0
2026-08-11,40003,TAMBARAM,18,29,08:10,08:10,0.0
2026-08-11,40045,CHENNAI BEACH,1,0,,,0.0
2026-08-11,40045,CHENNAI FORT,2,2,12:49,12:49,0.0
2026-08-11,40045,CHENNAI PARK,3,3,12:52,12:52,0.0
2026-08-11,40045,CHENNAI EGMORE,4,4,12:55,12:55,0.0
2026-08-11,40045,CHENNAI CHETPAT,5,6,12:59,12:59,0.0
2026-08-11,40045,NUNGAMBAKKAM,6,8,13:02,13:02,0.0
2026-08-11,40045,KODAMBAKKAM,7,9,13:05,13:06,1.0
2026-08-11,40045,MAMBALAM,8,11,13:08,13:08,0.0
2026-08-11,40045,SAIDAPET,9,13,13:11,13:11,0.0
2026-08-11,40045,GUINDY,10,15,13:14,13:14,0.0
2026-08-11,40045,ST THOMAS MOUNT,11,17,13:17,13:17,0.0
2026-08-11,40045,PALAVANTHANGAL,12,18,13:20,13:20,0.0
2026-08-11,40045,MINAMBAKKAM,13,20,13:23,13:23,0.0
2026-08-11,40045,TIRUSULAM,14,22,13:25,13:25,0.0
2026-08-11,40045,PALLAVARAM,15,23,13:28,13:28,0.0
2026-08-11,40045,CHROMEPET,16,25,13:31,13:31,0.0
2026-08-11,40045,TAMBARAM SANATORIUM,17,28,13:34,13:34,0.0
2026-08-11,40045,TAMBARAM,18,29,13:45,13:45,0.0
2026-08-11,40046,TAMBARAM,1,0,,,0.0
2026-08-11,40046,TAMBARAM SANATORIUM,2,1,12:24,12:24,0.0
2026-08-11,40046,CHROMEPET,3,4,12:27,12:27,0.0
2026-08-11,40046,PALLAVARAM,4,6,12:30,12:32,2.0
2026-08-11,40046,TIRUSULAM,5,8,12:33,12:33,0.0
2026-08-11,40046,MINAMBAKKAM,6,9,12:35,12:35,0.0
2026-08-11,40046,PALAVANTHANGAL,7,10,12:38,12:38,0.0
2026-08-11,40046,ST THOMAS MOUNT,8,12,12:41,12:43,2.0
2026-08-11,40046,GUINDY,9,14,12:44,12:44,0.0
2026-08-11,40046,SAIDAPET,10,16,12:47,12:47,0.0
2026-08-11,40046,MAMBALAM,11,18,12:50,12:50,0.0
2026-08-11,40046,KODAMBAKKAM,12,19,12:53,12:54,1.0
2026-08-11,40046,NUNGAMBAKKAM,13,21,12:56,12:56,0.0
2026-08-11,40046,CHENNAI CHETPAT,14,23,12:59,12:59,0.0
2026-08-11,40046,CHENNAI EGMORE,15,25,13:02,13:05,3.0
2026-08-11,40046,CHENNAI PARK,16,26,13:05,13:08,3.0
2026-08-11,40046,CHENNAI FORT,17,27,13:08,13:11,3.0
2026-08-11,40046,CHENNAI BEACH,18,29,13:20,13:25,5.0
2026-08-11,49003,CHENNAI BEACH,1,0,,,17.0
2026-08-11,49003,CHENNAI FORT,2,2,09:47,10:04,17.0
2026-08-11,49003,CHENNAI PARK,3,3,09:50,10:07,17.0
2026-08-11,49003,CHENNAI EGMORE,4,4,09:53,10:10,17.0
2026-08-11,49003,CHENNAI CHETPAT,5,6,09:57,10:13,16.0
2026-08-11,49003,NUNGAMBAKKAM,6,8,10:00,10:16,16.0
2026-08-11,49003,KODAMBAKKAM,7,9,10:03,10:18,15.0
2026-08-11,49003,MAMBALAM,8,11,10:06,10:20,14.0
2026-08-11,49003,SAIDAPET,9,13,10:09,10:23,14.0
2026-08-11,49003,GUINDY,10,15,10:12,10:26,14.0
2026-08-11,49003,ST THOMAS MOUNT,11,17,10:15,10:30,15.0
2026-08-11,49003,PALAVANTHANGAL,12,18,10:18,10:32,14.0
2026-08-11,49003,MINAMBAKKAM,13,20,10:21,10:35,14.0
2026-08-11,49003,TIRUSULAM,14,22,10:23,10:37,14.0
2026-08-11,49003,PALLAVARAM,15,23,10:26,10:39,13.0
2026-08-11,49003,CHROMEPET,16,25,10:29,10:42,13.0
2026-08-11,49003,TAMBARAM SANATORIUM,17,28,10:32,10:45,13.0
2026-08-11,49003,TAMBARAM,18,29,10:43,10:50,7.0
2026-08-11,49004,TAMBARAM,1,0,,,0.0
2026-08-11,49004,TAMBARAM SANATORIUM,2,1,14:29,14:29,0.0
2026-08-11,49004,CHROMEPET,3,4,14:32,14:32,0.0
2026-08-11,49004,PALLAVARAM,4,6,14:35,14:37,2.0
2026-08-11,49004,TIRUSULAM,5,8,14:38,14:38,0.0
2026-08-11,49004,MINAMBAKKAM,6,9,14:40,14:40,0.0
2026-08-11,49004,PALAVANTHANGAL,7,10,14:43,14:43,0.0
2026-08-11,49004,ST THOMAS MOUNT,8,12,14:46,14:48,2.0
2026-08-11,49004,GUINDY,9,14,14:49,14:49,0.0
2026-08-11,49004,SAIDAPET,10,16,14:52,14:52,0.0
2026-08-11,49004,MAMBALAM,11,18,14:55,14:55,0.0
2026-08-11,49004,KODAMBAKKAM,12,19,14:58,14:59,1.0
2026-08-11,49004,NUNGAMBAKKAM,13,21,15:01,15:01,0.0
2026-08-11,49004,CHENNAI CHETPAT,14,23,15:04,15:04,0.0
2026-08-11,49004,CHENNAI EGMORE,15,25,15:07,15:10,3.0
2026-08-11,49004,CHENNAI PARK,16,26,15:10,15:13,3.0
2026-08-11,49004,CHENNAI FORT,17,27,15:13,15:16,3.0
2026-08-11,49004,CHENNAI BEACH,18,29,15:25,15:25,0.0
2026-08-12,40003,CHENNAI BEACH,1,0,,,0.0
2026-08-12,40003,CHENNAI FORT,2,2,07:14,07:14,0.0
2026-08-12,40003,CHENNAI PARK,3,3,07:17,07:19,2.0
2026-08-12,40003,CHENNAI EGMORE,4,4,07:20,07:22,2.0
2026-08-12,40003,CHENNAI CHETPAT,5,6,07:24,07:24,0.0
2026-08-12,40003,NUNGAMBAKKAM,6,8,07:27,07:27,0.0
2026-08-12,40003,KODAMBAKKAM,7,9,07:30,07:32,2.0
2026-08-12,40003,MAMBALAM,8,11,07:33,07:33,0.0
2026-08-12,40003,SAIDAPET,9,13,07:36,07:36,0.0
2026-08-12,40003,GUINDY,10,15,07:39,07:39,0.0
2026-08-12,40003,ST THOMAS MOUNT,11,17,07:42,07:44,2.0
2026-08-12,40003,PALAVANTHANGAL,12,18,07:45,07:45,0.0
2026-08-12,40003,MINAMBAKKAM,13,20,07:48,07:48,0.0
2026-08-12,40003,TIRUSULAM,14,22,07:50,07:50,0.0
2026-08-12,40003,PALLAVARAM,15,23,07:53,07:56,3.0
2026-08-12,40003,CHROMEPET,16,25,07:56,07:59,3.0
2026-08-12,40003,TAMBARAM SANATORIUM,17,28,07:59,08:02,3.0
2026-08-12,40003,TAMBARAM,18,29,08:10,08:10,0.0
2026-08-12,40045,CHENNAI BEACH,1,0,,,0.0
2026-08-12,40045,CHENNAI FORT,2,2,12:49,12:49,0.0
2026-08-12,40045,CHENNAI PARK,3,3,12:52,12:53,1.0
2026-08-12,40045,CHENNAI EGMORE,4,4,12:55,12:57,2.0
2026-08-12,40045,CHENNAI CHETPAT,5,6,12:59,12:59,0.0
2026-08-12,40045,NUNGAMBAKKAM,6,8,13:02,13:02,0.0
2026-08-12,40045,KODAMBAKKAM,7,9,13:05,13:07,2.0
2026-08-12,40045,MAMBALAM,8,11,13:08,13:08,0.0
2026-08-12,40045,SAIDAPET,9,13,13:11,13:11,0.0
2026-08-12,40045,GUINDY,10,15,13:14,13:14,0.0
2026-08-12,40045,ST THOMAS MOUNT,11,17,13:17,13:20,3.0
2026-08-12,40045,PALAVANTHANGAL,12,18,13:20,13:23,3.0
2026-08-12,40045,MINAMBAKKAM,13,20,13:23,13:26,3.0
2026-08-12,40045,TIRUSULAM,14,22,13:25,13:28,3.0
2026-08-12,40045,PALLAVARAM,15,23,13:28,13:31,3.0
2026-08-12,40045,CHROMEPET,16,25,13:31,13:34,3.0
2026-08-12,40045,TAMBARAM SANATORIUM,17,28,13:34,13:37,3.0
2026-08-12,40045,TAMBARAM,18,29,13:45,13:45,0.0
2026-08-12,40046,TAMBARAM,1,0,,,0.0
2026-08-12,40046,TAMBARAM SANATORIUM,2,1,12:24,12:24,0.0
2026-08-12,40046,CHROMEPET,3,4,12:27,12:27,0.0
2026-08-12,40046,PALLAVARAM,4,6,12:30,12:32,2.0
2026-08-12,40046,TIRUSULAM,5,8,12:33,12:33,0.0
2026-08-12,40046,MINAMBAKKAM,6,9,12:35,12:35,0.0
2026-08-12,40046,PALAVANTHANGAL,7,10,12:38,12:38,0.0
2026-08-12,40046,ST THOMAS MOUNT,8,12,12:41,12:44,3.0
2026-08-12,40046,GUINDY,9,14,12:44,12:47,3.0
2026-08-12,40046,SAIDAPET,10,16,12:47,12:50,3.0
2026-08-12,40046,MAMBALAM,11,18,12:50,12:53,3.0
2026-08-12,40046,KODAMBAKKAM,12,19,12:53,12:56,3.0
2026-08-12,40046,NUNGAMBAKKAM,13,21,12:56,12:56,0.0
2026-08-12,40046,CHENNAI CHETPAT,14,23,12:59,12:59,0.0
2026-08-12,40046,CHENNAI EGMORE,15,25,13:02,13:05,3.0
2026-08-12,40046,CHENNAI PARK,16,26,13:05,13:09,4.0
2026-08-12,40046,CHENNAI FORT,17,27,13:08,13:11,3.0
2026-08-12,40046,CHENNAI BEACH,18,29,13:20,13:20,0.0
2026-08-12,49003,CHENNAI BEACH,1,0,,,2.0
2026-08-12,49003,CHENNAI FORT,2,2,09:47,09:47,0.0
2026-08-12,49003,CHENNAI PARK,3,3,09:50,09:54,4.0
2026-08-12,49003,CHENNAI EGMORE,4,4,09:53,09:58,5.0
2026-08-12,49003,CHENNAI CHETPAT,5,6,09:57,10:00,3.0
2026-08-12,49003,NUNGAMBAKKAM,6,8,10:00,10:03,3.0
2026-08-12,49003,KODAMBAKKAM,7,9,10:03,10:08,5.0
2026-08-12,49003,MAMBALAM,8,11,10:06,10:10,4.0
2026-08-12,49003,SAIDAPET,9,13,10:09,10:13,4.0
2026-08-12,49003,GUINDY,10,15,10:12,10:16,4.0
2026-08-12,49003,ST THOMAS MOUNT,11,17,10:15,10:20,5.0
2026-08-12,49003,PALAVANTHANGAL,12,18,10:18,10:22,4.0
2026-08-12,49003,MINAMBAKKAM,13,20,10:21,10:25,4.0
2026-08-12,49003,TIRUSULAM,14,22,10:23,10:27,4.0
2026-08-12,49003,PALLAVARAM,15,23,10:26,10:32,6.0
2026-08-12,49003,CHROMEPET,16,25,10:29,10:35,6.0
2026-08-12,49003,TAMBARAM SANATORIUM,17,28,10:32,10:38,6.0
2026-08-12,49003,TAMBARAM,18,29,10:43,10:46,3.0
2026-08-12,49004,TAMBARAM,1,0,,,0.0
2026-08-12,49004,TAMBARAM SANATORIUM,2,1,14:29,14:29,0.0
2026-08-12,49004,CHROMEPET,3,4,14:32,14:32,0.0
2026-08-12,49004,PALLAVARAM,4,6,14:35,14:37,2.0
2026-08-12,49004,TIRUSULAM,5,8,14:38,14:38,0.0
2026-08-12,49004,MINAMBAKKAM,6,9,14:40,14:40,0.0
2026-08-12,49004,PALAVANTHANGAL,7,10,14:43,14:43,0.0
2026-08-12,49004,ST THOMAS MOUNT,8,12,14:46,14:55,9.0
2026-08-12,49004,GUINDY,9,14,14:49,14:58,9.0
2026-08-12,49004,SAIDAPET,10,16,14:52,15:01,9.0
2026-08-12,49004,MAMBALAM,11,18,14:55,15:04,9.0
2026-08-12,49004,KODAMBAKKAM,12,19,14:58,15:05,7.0
2026-08-12,49004,NUNGAMBAKKAM,13,21,15:01,15:08,7.0
2026-08-12,49004,CHENNAI CHETPAT,14,23,15:04,15:11,7.0
2026-08-12,49004,CHENNAI EGMORE,15,25,15:07,15:12,5.0
2026-08-12,49004,CHENNAI PARK,16,26,15:10,15:18,8.0
2026-08-12,49004,CHENNAI FORT,17,27,15:13,15:20,7.0
2026-08-12,49004,CHENNAI BEACH,18,29,15:25,15:30,5.0
2026-08-12,40501,CHENNAI BEACH,1,0,,,0.0
2026-08-12,40501,CHENNAI FORT,2,2,03:54,03:54,0.0
2026-08-12,40501,CHENNAI PARK,3,3,03:57,03:58,1.0
2026-08-12,40501,CHENNAI EGMORE,4,4,04:00,04:01,1.0
2026-08-12,40501,CHENNAI CHETPAT,5,6,04:04,04:04,0.0
2026-08-12,40501,NUNGAMBAKKAM,6,8,04:07,04:07,0.0
2026-08-12,40501,KODAMBAKKAM,7,9,04:10,04:10,0.0
2026-08-12,40501,MAMBALAM,8,11,04:13,04:13,0.0
2026-08-12,40501,SAIDAPET,9,13,04:16,04:16,0.0
2026-08-12,40501,GUINDY,10,15,04:19,04:19,0.0
2026-08-12,40501,ST THOMAS MOUNT,11,17,04:22,04:22,0.0
2026-08-12,40501,PALAVANTHANGAL,12,18,04:25,04:25,0.0
2026-08-12,40501,MINAMBAKKAM,13,20,04:28,04:28,0.0
2026-08-12,40501,TIRUSULAM,14,22,04:30,04:30,0.0
2026-08-12,40501,PALLAVARAM,15,23,04:33,04:33,0.0
2026-08-12,40501,CHROMEPET,16,25,04:36,04:36,0.0
2026-08-12,40501,TAMBARAM SANATORIUM,17,28,04:39,04:39,0.0
2026-08-12,40501,TAMBARAM,18,29,04:49,04:49,0.0
2026-08-12,40501,PERUNGALATTUR,19,32,04:56,04:56,0.0
2026-08-12,40501,VANDALUR,20,34,04:59,05:00,1.0
2026-08-12,40501,URAPPAKKAM,21,37,05:03,05:03,0.0
2026-08-12,40501,GUDUVANCHERI,22,40,05:07,05:08,1.0
2026-08-12,40501,POTHERI HALT,23,44,05:11,05:11,0.0
2026-08-12,40501,KATTANGULATUR,24,46,05:15,05:16,1.0
2026-08-12,40501,MARAIMALAI NAGAR KAMARAJAR,25,47,05:17,05:17,0.0
2026-08-12,40501,SINGAPERUMAL KOIL,26,51,05:22,05:23,1.0
2026-08-12,40501,PARANUR,27,55,05:27,05:27,0.0
2026-08-12,40501,CHENGALPATTU JN.,28,60,05:40,05:40,0.0
2026-08-12,40701,CHENNAI BEACH,1,0,,,0.0
2026-08-12,40701,CHENNAI FORT,2,2,05:14,05:14,0.0
2026-08-12,40701,CHENNAI PARK,3,3,05:17,05:18,1.0
2026-08-12,40701,CHENNAI EGMORE,4,4,05:20,05:22,2.0
2026-08-12,40701,CHENNAI CHETPAT,5,6,05:24,05:24,0.0
2026-08-12,40701,NUNGAMBAKKAM,6,8,05:27,05:27,0.0
2026-08-12,40701,KODAMBAKKAM,7,9,05:30,05:32,2.0
2026-08-12,40701,MAMBALAM,8,11,05:33,05:33,0.0
2026-08-12,40701,SAIDAPET,9,13,05:36,05:36,0.0
2026-08-12,40701,GUINDY,10,15,05:39,05:39,0.0
2026-08-12,40701,ST THOMAS MOUNT,11,17,05:42,05:43,1.0
2026-08-12,40701,PALAVANTHANGAL,12,18,05:45,05:45,0.0
2026-08-12,40701,MINAMBAKKAM,13,20,05:48,05:48,0.0
2026-08-12,40701,TIRUSULAM,14,22,05:50,05:50,0.0
2026-08-12,40701,PALLAVARAM,15,23,05:53,05:53,0.0
2026-08-12,40701,CHROMEPET,16,25,05:56,05:56,0.0
2026-08-12,40701,TAMBARAM SANATORIUM,17,28,05:59,05:59,0.0
2026-08-12,40701,TAMBARAM,18,29,06:09,06:09,0.0
2026-08-12,40701,PERUNGALATTUR,19,32,06:16,06:16,0.0
2026-08-12,40701,VANDALUR,20,34,06:19,06:22,3.0
2026-08-12,40701,URAPPAKKAM,21,37,06:23,06:26,3.0
2026-08-12,40701,GUDUVANCHERI,22,40,06:27,06:31,4.0
2026-08-12,40701,POTHERI HALT,23,44,06:31,06:48,17.0
2026-08-12,40701,KATTANGULATUR,24,46,06:35,06:53,18.0
2026-08-12,40701,MARAIMALAI NAGAR KAMARAJAR,25,47,06:37,06:53,16.0
2026-08-12,40701,SINGAPERUMAL KOIL,26,51,06:42,07:01,19.0
2026-08-12,40701,PARANUR,27,55,06:47,07:06,19.0
2026-08-12,40701,CHENGALPATTU JN.,28,60,07:19,07:19,0.0
2026-08-12,40701,PALUR,29,71,07:31,07:47,16.0
2026-08-12,40701,WALAJABAD,30,81,07:41,07:56,15.0
2026-08-12,40701,KANCHIPURAM EAST,31,94,07:54,08:10,16.0
2026-08-12,40701,KANCHIPURAM,32,96,08:15,08:20,5.0
2026-08-12,40801,CHENNAI BEACH,1,0,,,0.0
2026-08-12,40801,CHENNAI FORT,2,2,07:24,07:24,0.0
2026-08-12,40801,CHENNAI PARK,3,3,07:27,07:29,2.0
2026-08-12,40801,CHENNAI EGMORE,4,4,07:30,07:32,2.0
2026-08-12,40801,CHENNAI CHETPAT,5,6,07:34,07:34,0.0
2026-08-12,40801,NUNGAMBAKKAM,6,8,07:37,07:37,0.0
2026-08-12,40801,KODAMBAKKAM,7,9,07:40,07:41,1.0
2026-08-12,40801,MAMBALAM,8,11,07:43,07:43,0.0
2026-08-12,40801,SAIDAPET,9,13,07:46,07:46,0.0
2026-08-12,40801,GUINDY,10,15,07:49,07:49,0.0
2026-08-12,40801,ST THOMAS MOUNT,11,17,07:52,07:53,1.0
2026-08-12,40801,PALAVANTHANGAL,12,18,07:55,07:55,0.0
2026-08-12,40801,MINAMBAKKAM,13,20,07:58,07:58,0.0
2026-08-12,40801,TIRUSULAM,14,22,08:00,08:00,0.0
2026-08-12,40801,PALLAVARAM,15,23,08:03,08:04,1.0
2026-08-12,40801,CHROMEPET,16,25,08:06,08:06,0.0
2026-08-12,40801,TAMBARAM SANATORIUM,17,28,08:09,08:09,0.0
2026-08-12,40801,TAMBARAM,18,29,08:19,08:20,1.0
2026-08-12,40801,PERUNGALATTUR,19,32,08:25,08:29,4.0
2026-08-12,40801,VANDALUR,20,34,08:28,08:32,4.0
2026-08-12,40801,URAPPAKKAM,21,37,08:32,08:36,4.0
2026-08-12,40801,GUDUVANCHERI,22,40,08:36,08:40,4.0
2026-08-12,40801,POTHERI HALT,23,44,08:40,08:51,11.0
2026-08-12,40801,KATTANGULATUR,24,46,08:44,08:54,10.0
2026-08-12,40801,MARAIMALAI NAGAR KAMARAJAR,25,47,08:46,08:56,10.0
2026-08-12,40801,SINGAPERUMAL KOIL,26,51,08:54,09:05,11.0
2026-08-12,40801,PARANUR,27,55,09:02,09:10,8.0
2026-08-12,40801,CHENGALPATTU JN.,28,60,09:10,09:20,10.0
2026-08-12,40801,REDDIPALAYAM,29,64,09:26,09:34,8.0
2026-08-12,40801,VILLIYAMBAKKAM,30,68,09:31,09:39,8.0
2026-08-12,40801,PALUR,31,71,09:36,09:50,14.0
2026-08-12,40801,PALAYASIVARAM,32,75,09:41,10:28,47.0
2026-08-12,40801,WALAJABAD,33,81,09:46,10:36,50.0
2026-08-12,40801,NATHAPETTAI,34,89,09:54,10:44,50.0
2026-08-12,40801,KANCHIPURAM EAST,35,94,09:59,10:49,50.0
2026-08-12,40801,KANCHIPURAM,36,96,10:04,10:51,47.0
2026-08-12,40801,TIRUMALPUR,37,108,10:50,10:55,5.0
2026-08-12,42502,GUMMIDIPUNDI,1,0,,,0.0
2026-08-12,42502,KAVARAIPPETTAI,2,6,06:08,06:09,1.0
2026-08-12,42502,PONNERI,3,13,06:17,06:17,0.0
2026-08-12,42502,ANUPPAMBATTU,4,17,06:23,06:23,0.0
2026-08-12,42502,MINJUR,5,21,06:28,06:28,0.0
2026-08-12,42502,NANDIYAMPAKKAM,6,24,06:31,06:31,0.0
2026-08-12,42502,ATTIPPATTU,7,25,06:33,06:33,0.0
2026-08-12,42502,ATTIPATTU PUDU NAGAR.H,8,26,06:36,06:38,2.0
2026-08-12,42502,ENNORE,9,31,06:44,06:45,1.0
2026-08-12,42502,KATHIVAKKAM,10,32,06:46,06:46,0.0
2026-08-12,42502,WIMCO NAGAR,11,35,06:49,06:49,0.0
2026-08-12,42502,TIRUVOTTIYUR,12,38,06:56,07:00,4.0
2026-08-12,42502,VOC NAGAR,13,39,07:00,07:00,0.0
2026-08-12,42502,TONDIARPET,14,41,07:02,07:08,6.0
2026-08-12,42502,KORUKKUPET JN,15,42,07:04,07:12,8.0
2026-08-12,42502,WASHERMANPET,16,44,07:14,07:16,2.0
2026-08-12,42502,ROYAPURAM,17,46,07:19,07:20,1.0
2026-08-12,42502,CHENNAI BEACH,18,47,07:40,07:40,0.0
2026-08-12,42502,CHENNAI FORT,19,49,07:54,07:54,0.0
2026-08-12,42502,CHENNAI PARK,20,50,07:57,07:58,1.0
2026-08-12,42502,CHENNAI EGMORE,21,51,08:00,08:02,2.0
2026-08-12,42502,CHENNAI CHETPAT,22,53,08:04,08:04,0.0
2026-08-12,42502,NUNGAMBAKKAM,23,55,08:07,08:07,0.0
2026-08-12,42502,KODAMBAKKAM,24,56,08:10,08:11,1.0
2026-08-12,42502,MAMBALAM,25,58,08:13,08:13,0.0
2026-08-12,42502,SAIDAPET,26,59,08:16,08:16,0.0
2026-08-12,42502,GUINDY,27,62,08:19,08:19,0.0
2026-08-12,42502,ST THOMAS MOUNT,28,64,08:22,08:23,1.0
2026-08-12,42502,PALAVANTHANGAL,29,65,08:25,08:25,0.0
2026-08-12,42502,MINAMBAKKAM,30,67,08:28,08:28,0.0
2026-08-12,42502,TIRUSULAM,31,69,08:30,08:30,0.0
2026-08-12,42502,PALLAVARAM,32,70,08:33,08:35,2.0
2026-08-12,42502,CHROMEPET,33,72,08:36,08:36,0.0
2026-08-12,42502,TAMBARAM SANATORIUM,34,74,08:39,08:39,0.0
2026-08-12,42502,TAMBARAM,35,76,08:49,08:49,0.0
2026-08-12,42502,PERUNGALATTUR,36,79,08:55,08:55,0.0
2026-08-12,42502,VANDALUR,37,81,08:58,09:00,2.0
2026-08-12,42502,URAPPAKKAM,38,84,09:02,09:02,0.0
2026-08-12,42502,GUDUVANCHERI,39,87,09:06,09:09,3.0
2026-08-12,42502,POTHERI HALT,40,90,09:10,09:13,3.0
2026-08-12,42502,KATTANGULATUR,41,92,09:14,09:18,4.0
2026-08-12,42502,MARAIMALAI NAGAR KAMARAJAR,42,94,09:16,09:20,4.0
2026-08-12,42502,SINGAPERUMAL KOIL,43,98,09:24,09:25,1.0
2026-08-12,42502,PARANUR,44,102,09:32,09:32,0.0
2026-08-12,42502,CHENGALPATTU JN.,45,106,09:40,09:41,1.0
2026-08-12,40009,CHENNAI BEACH,1,0,,,0.0
2026-08-12,40009,CHENNAI FORT,2,2,08:14,08:14,0.0
2026-08-12,40009,CHENNAI PARK,3,3,08:17,08:19,2.0
2026-08-12,40009,CHENNAI EGMORE,4,4,08:20,08:23,3.0
2026-08-12,40009,CHENNAI CHETPAT,5,6,08:24,08:24,0.0
2026-08-12,40009,NUNGAMBAKKAM,6,8,08:27,08:27,0.0
2026-08-12,40009,KODAMBAKKAM,7,9,08:30,08:32,2.0
2026-08-12,40009,MAMBALAM,8,11,08:33,08:33,0.0
2026-08-12,40009,SAIDAPET,9,13,08:36,08:36,0.0
2026-08-12,40009,GUINDY,10,15,08:39,08:39,0.0
2026-08-12,40009,ST THOMAS MOUNT,11,17,08:42,08:43,1.0
2026-08-12,40009,PALAVANTHANGAL,12,18,08:45,08:45,0.0
2026-08-12,40009,MINAMBAKKAM,13,20,08:48,08:48,0.0
2026-08-12,40009,TIRUSULAM,14,22,08:50,08:50,0.0
2026-08-12,40009,PALLAVARAM,15,23,08:53,08:55,2.0
2026-08-12,40009,CHROMEPET,16,25,08:56,08:56,0.0
2026-08-12,40009,TAMBARAM SANATORIUM,17,28,08:59,08:59,0.0
2026-08-12,40009,TAMBARAM,18,29,09:10,09:10,0.0
2026-08-12,66034,TIRUVANNAMALAI,1,0,,,0.0
2026-08-12,66034,POLUR,2,31,04:57,04:57,0.0
2026-08-12,66034,MADIMANGALAM,3,43,05:05,05:05,0.0
2026-08-12,66034,ARNI ROAD,4,48,05:11,05:14,3.0
2026-08-12,66034,SEDARAMPATTU,5,53,05:17,05:17,0.0
2026-08-12,66034,ONNUPURAM,6,57,05:22,05:22,0.0
2026-08-12,66034,KANNAMANGALAM,7,62,05:29,05:31,2.0
2026-08-12,66034,PENNATHUR H,8,74,05:49,05:49,0.0
2026-08-12,66034,VELLORE CANTONMENT,9,83,06:05,06:05,0.0
2026-08-12,66034,KATPADI JN,10,92,06:18,06:21,3.0
2026-08-12,66034,TIRUVALAM,11,104,06:34,06:34,0.0
2026-08-12,66034,MUKUNDARAYAPURM,12,109,06:39,07:00,21.0
2026-08-12,66034,WALAJAH ROAD,13,117,06:49,07:10,21.0
2026-08-12,66034,THALANGAI,14,127,07:00,07:21,21.0
2026-08-12,66034,SHOLINGHUR,15,132,07:14,07:27,13.0
2026-08-12,66034,ANAVARDIKHANPETTAI,16,141,07:25,07:25,0.0
2026-08-12,66034,CHITTERI,17,145,07:35,07:45,10.0
2026-08-12,66034,ARAKKONAM JN.,18,153,07:58,08:04,6.0
2026-08-12,66034,PULIYAMANGALAM,19,155,08:04,08:18,14.0
2026-08-12,66034,MOSUR,20,158,08:07,08:21,14.0
2026-08-12,66034,TIRUVALANGADU,21,163,08:12,08:30,18.0
2026-08-12,66034,MANAVUR,22,168,08:17,08:35,18.0
2026-08-12,66034,SENJI PANAMBAKKAM,23,171,08:21,08:39,18.0
2026-08-12,66034,KADAMBATTUR,24,174,08:25,08:45,20.0
2026-08-12,66034,EGATTUR,25,178,08:29,08:47,18.0
2026-08-12,66034,TIRUVALLUR,26,180,08:34,08:54,20.0
2026-08-12,66034,SEVVAPET ROAD,27,186,08:40,08:58,18.0
2026-08-12,66034,VEPPAMPATTU,28,189,08:43,09:01,18.0
2026-08-12,66034,TIRUNINRAVUR,29,193,08:49,09:11,22.0
2026-08-12,66034,VILLIVAKKAM,30,212,09:09,09:36,27.0
2026-08-12,66034,PERAMBUR,31,216,09:17,09:41,24.0
2026-08-12,66034,WASHERMANPET,32,221,09:25,10:02,37.0
2026-08-12,66034,ROYAPURAM,33,222,09:29,10:06,37.0
2026-08-12,66034,CHENNAI BEACH,34,224,09:39,10:24,45.0
2026-08-12,66034,CHENNAI FORT,35,225,10:04,10:29,25.0
2026-08-12,66034,CHENNAI PARK,36,226,10:07,10:33,26.0
2026-08-12,66034,CHENNAI EGMORE,37,228,10:10,10:36,26.0
2026-08-12,66034,CHENNAI CHETPAT,38,230,10:14,10:39,25.0
2026-08-12,66034,NUNGAMBAKKAM,39,232,10:17,10:42,25.0
2026-08-12,66034,KODAMBAKKAM,40,233,10:20,10:48,28.0
2026-08-12,66034,MAMBALAM,41,235,10:23,10:51,28.0
2026-08-12,66034,SAIDAPET,42,236,10:26,10:54,28.0
2026-08-12,66034,GUINDY,43,239,10:29,10:57,28.0
2026-08-12,66034,ST THOMAS MOUNT,44,241,10:32,10:58,26.0
2026-08-12,66034,PALAVANTHANGAL,45,242,10:35,11:03,28.0
2026-08-12,66034,MINAMBAKKAM,46,244,10:38,11:06,28.0
2026-08-12,66034,TIRUSULAM,47,245,10:40,11:08,28.0
2026-08-12,66034,PALLAVARAM,48,247,10:43,11:10,27.0
2026-08-12,66034,CHROMEPET,49,249,10:46,11:12,26.0
2026-08-12,66034,TAMBARAM SANATORIUM,50,251,10:49,11:14,25.0
2026-08-12,66034,TAMBARAM,51,253,11:10,11:16,6.0
2026-08-12,40527,CHENNAI BEACH,1,0,,,2.0
2026-08-12,40527,CHENNAI FORT,2,2,10:17,10:17,0.0
2026-08-12,40527,CHENNAI PARK,3,3,10:20,10:23,3.0
2026-08-12,40527,CHENNAI EGMORE,4,4,10:23,10:27,4.0
2026-08-12,40527,CHENNAI CHETPAT,5,6,10:27,10:30,3.0
2026-08-12,40527,NUNGAMBAKKAM,6,8,10:30,10:33,3.0
2026-08-12,40527,KODAMBAKKAM,7,9,10:33,10:36,3.0
2026-08-12,40527,MAMBALAM,8,11,10:36,10:36,0.0
2026-08-12,40527,SAIDAPET,9,13,10:39,10:39,0.0
2026-08-12,40527,GUINDY,10,15,10:42,10:42,0.0
2026-08-12,40527,ST THOMAS MOUNT,11,17,10:45,10:48,3.0
2026-08-12,40527,PALAVANTHANGAL,12,18,10:48,10:51,3.0
2026-08-12,40527,MINAMBAKKAM,13,20,10:51,10:54,3.0
2026-08-12,40527,TIRUSULAM,14,22,10:53,10:56,3.0
2026-08-12,40527,PALLAVARAM,15,23,10:56,11:00,4.0
2026-08-12,40527,CHROMEPET,16,25,10:59,11:03,4.0
2026-08-12,40527,TAMBARAM SANATORIUM,17,28,11:02,11:06,4.0
2026-08-12,40527,TAMBARAM,18,29,11:12,11:14,2.0
2026-08-12,40527,PERUNGALATTUR,19,32,11:19,11:19,0.0
2026-08-12,40527,VANDALUR,20,34,11:22,11:40,18.0
2026-08-12,40527,URAPPAKKAM,21,37,11:26,11:44,18.0
2026-08-12,40527,GUDUVANCHERI,22,40,11:30,11:49,19.0
2026-08-12,40527,POTHERI HALT,23,44,11:34,11:52,18.0
2026-08-12,40527,KATTANGULATUR,24,46,11:38,11:56,18.0
2026-08-12,40527,MARAIMALAI NAGAR KAMARAJAR,25,47,11:40,11:57,17.0
2026-08-12,40527,SINGAPERUMAL KOIL,26,51,11:45,12:03,18.0
2026-08-12,40527,PARANUR,27,55,11:50,12:07,17.0
2026-08-12,40527,CHENGALPATTU JN.,28,60,12:05,12:10,5.0
2026-08-12,40033,CHENNAI BEACH,1,0,,,2.0
2026-08-12,40033,CHENNAI FORT,2,2,11:02,11:02,0.0
2026-08-12,40033,CHENNAI PARK,3,3,11:05,11:09,4.0
2026-08-12,40033,CHENNAI EGMORE,4,4,11:08,11:13,5.0
2026-08-12,40033,CHENNAI CHETPAT,5,6,11:12,11:15,3.0
2026-08-12,40033,NUNGAMBAKKAM,6,8,11:15,11:18,3.0
2026-08-12,40033,KODAMBAKKAM,7,9,11:18,11:21,3.0
2026-08-12,40033,MAMBALAM,8,11,11:21,11:21,0.0
2026-08-12,40033,SAIDAPET,9,13,11:24,11:24,0.0
2026-08-12,40033,GUINDY,10,15,11:27,11:27,0.0
2026-08-12,40033,ST THOMAS MOUNT,11,17,11:30,11:34,4.0
2026-08-12,40033,PALAVANTHANGAL,12,18,11:33,11:37,4.0
2026-08-12,40033,MINAMBAKKAM,13,20,11:36,11:40,4.0
2026-08-12,40033,TIRUSULAM,14,22,11:38,11:42,4.0
2026-08-12,40033,PALLAVARAM,15,23,11:41,11:45,4.0
2026-08-12,40033,CHROMEPET,16,25,11:44,11:47,3.0
2026-08-12,40033,TAMBARAM SANATORIUM,17,28,11:47,11:50,3.0
2026-08-12,40033,TAMBARAM,18,29,11:58,12:01,3.0
2026-08-12,40533,CHENNAI BEACH,1,0,,,0.0
2026-08-12,40533,CHENNAI FORT,2,2,12:06,12:06,0.0
2026-08-12,40533,CHENNAI PARK,3,3,12:09,12:11,2.0
2026-08-12,40533,CHENNAI EGMORE,4,4,12:12,12:14,2.0
2026-08-12,40533,CHENNAI CHETPAT,5,6,12:16,12:16,0.0
2026-08-12,40533,NUNGAMBAKKAM,6,8,12:19,12:19,0.0
2026-08-12,40533,KODAMBAKKAM,7,9,12:22,12:23,1.0
2026-08-12,40533,MAMBALAM,8,11,12:25,12:25,0.0
2026-08-12,40533,SAIDAPET,9,13,12:28,12:28,0.0
2026-08-12,40533,GUINDY,10,15,12:31,12:31,0.0
2026-08-12,40533,ST THOMAS MOUNT,11,17,12:34,12:38,4.0
2026-08-12,40533,PALAVANTHANGAL,12,18,12:37,12:41,4.0
2026-08-12,40533,MINAMBAKKAM,13,20,12:40,12:44,4.0
2026-08-12,40533,TIRUSULAM,14,22,12:42,12:46,4.0
2026-08-12,40533,PALLAVARAM,15,23,12:45,12:48,3.0
2026-08-12,40533,CHROMEPET,16,25,12:48,12:51,3.0
2026-08-12,40533,TAMBARAM SANATORIUM,17,28,12:51,12:54,3.0
2026-08-12,40533,TAMBARAM,18,29,13:01,13:02,1.0
2026-08-12,40533,PERUNGALATTUR,19,32,13:07,13:07,0.0
2026-08-12,40533,VANDALUR,20,34,13:10,13:16,6.0
2026-08-12,40533,URAPPAKKAM,21,37,13:14,13:20,6.0
2026-08-12,40533,GUDUVANCHERI,22,40,13:18,13:23,5.0
2026-08-12,40533,POTHERI HALT,23,44,13:22,13:28,6.0
2026-08-12,40533,KATTANGULATUR,24,46,13:26,13:31,5.0
2026-08-12,40533,MARAIMALAI NAGAR KAMARAJAR,25,47,13:28,13:33,5.0
2026-08-12,40533,SINGAPERUMAL KOIL,26,51,13:36,13:38,2.0
2026-08-12,40533,PARANUR,27,55,13:44,13:44,0.0
2026-08-12,40533,CHENGALPATTU JN.,28,60,14:00,14:00,0.0
2026-08-12,40901,CHENNAI BEACH,1,0,,,0.0
2026-08-12,40901,CHENNAI FORT,2,2,13:04,13:04,0.0
2026-08-12,40901,CHENNAI PARK,3,3,13:07,13:07,0.0
2026-08-12,40901,CHENNAI EGMORE,4,4,13:10,13:10,0.0
2026-08-12,40901,CHENNAI CHETPAT,5,6,13:14,13:14,0.0
2026-08-12,40901,NUNGAMBAKKAM,6,8,13:17,13:17,0.0
2026-08-12,40901,KODAMBAKKAM,7,9,13:20,13:20,0.0
2026-08-12,40901,MAMBALAM,8,11,13:23,13:23,0.0
2026-08-12,40901,SAIDAPET,9,13,13:26,13:26,0.0
2026-08-12,40901,GUINDY,10,15,13:29,13:29,0.0
2026-08-12,40901,ST THOMAS MOUNT,11,17,13:32,13:32,0.0
2026-08-12,40901,PALAVANTHANGAL,12,18,13:35,13:35,0.0
2026-08-12,40901,MINAMBAKKAM,13,20,13:38,13:38,0.0
2026-08-12,40901,TIRUSULAM,14,22,13:40,13:40,0.0
2026-08-12,40901,PALLAVARAM,15,23,13:43,13:44,1.0
2026-08-12,40901,CHROMEPET,16,25,13:46,13:46,0.0
2026-08-12,40901,TAMBARAM SANATORIUM,17,28,13:49,13:49,0.0
2026-08-12,40901,TAMBARAM,18,29,13:59,13:59,0.0
2026-08-12,40901,PERUNGALATTUR,19,32,14:05,14:05,0.0
2026-08-12,40901,VANDALUR,20,34,14:08,14:11,3.0
2026-08-12,40901,URAPPAKKAM,21,37,14:12,14:15,3.0
2026-08-12,40901,GUDUVANCHERI,22,40,14:16,14:20,4.0
2026-08-12,40901,POTHERI HALT,23,44,14:20,14:23,3.0
2026-08-12,40901,KATTANGULATUR,24,46,14:24,14:30,6.0
2026-08-12,40901,MARAIMALAI NAGAR KAMARAJAR,25,47,14:26,14:32,6.0
2026-08-12,40901,SINGAPERUMAL KOIL,26,51,14:34,14:38,4.0
2026-08-12,40901,PARANUR,27,55,14:42,14:42,0.0
2026-08-12,40901,CHENGALPATTU JN.,28,60,14:50,14:54,4.0
2026-08-12,40901,REDDIPALAYAM,29,64,15:06,15:17,11.0
2026-08-12,40901,VILLIYAMBAKKAM,30,68,15:11,15:22,11.0
2026-08-12,40901,PALUR,31,71,15:16,15:24,8.0
2026-08-12,40901,PALAYASIVARAM,32,75,15:21,15:28,7.0
2026-08-12,40901,WALAJABAD,33,81,15:26,15:38,12.0
2026-08-12,40901,NATHAPETTAI,34,89,15:34,15:46,12.0
2026-08-12,40901,KANCHIPURAM EAST,35,94,15:39,15:51,12.0
2026-08-12,40901,KANCHIPURAM,36,96,15:44,15:58,14.0
2026-08-12,40901,TIRUMALPUR,37,108,15:57,16:14,17.0
2026-08-12,40901,TAKKOLAM,38,116,16:07,16:22,15.0
2026-08-12,40901,ARAKKONAM JN.,39,128,16:30,16:34,4.0
2026-08-12,40051,CHENNAI BEACH,1,0,,,0.0
2026-08-12,40051,CHENNAI FORT,2,2,14:04,14:04,0.0
2026-08-12,40051,CHENNAI PARK,3,3,14:07,14:09,2.0
2026-08-12,40051,CHENNAI EGMORE,4,4,14:10,14:12,2.0
2026-08-12,40051,CHENNAI CHETPAT,5,6,14:14,14:14,0.0
2026-08-12,40051,NUNGAMBAKKAM,6,8,14:17,14:17,0.0
2026-08-12,40051,KODAMBAKKAM,7,9,14:20,14:22,2.0
2026-08-12,40051,MAMBALAM,8,11,14:23,14:23,0.0
2026-08-12,40051,SAIDAPET,9,13,14:26,14:26,0.0
2026-08-12,40051,GUINDY,10,15,14:29,14:29,0.0
2026-08-12,40051,ST THOMAS MOUNT,11,17,14:32,14:35,3.0
2026-08-12,40051,PALAVANTHANGAL,12,18,14:35,14:38,3.0
2026-08-12,40051,MINAMBAKKAM,13,20,14:38,14:41,3.0
2026-08-12,40051,TIRUSULAM,14,22,14:40,14:43,3.0
2026-08-12,40051,PALLAVARAM,15,23,14:43,14:47,4.0
2026-08-12,40051,CHROMEPET,16,25,14:46,14:50,4.0
2026-08-12,40051,TAMBARAM SANATORIUM,17,28,14:49,14:53,4.0
2026-08-12,40051,TAMBARAM,18,29,14:55,15:00,5.0
2026-08-12,40803,CHENNAI BEACH,1,0,,,0.0
2026-08-12,40803,CHENNAI FORT,2,2,15:04,15:04,0.0
2026-08-12,40803,CHENNAI PARK,3,3,15:07,15:08,1.0
2026-08-12,40803,CHENNAI EGMORE,4,4,15:10,15:12,2.0
2026-08-12,40803,CHENNAI CHETPAT,5,6,15:14,15:14,0.0
2026-08-12,40803,NUNGAMBAKKAM,6,8,15:17,15:17,0.0
2026-08-12,40803,KODAMBAKKAM,7,9,15:20,15:23,3.0
2026-08-12,40803,MAMBALAM,8,11,15:23,15:23,0.0
2026-08-12,40803,SAIDAPET,9,13,15:26,15:26,0.0
2026-08-12,40803,GUINDY,10,15,15:29,15:29,0.0
2026-08-12,40803,ST THOMAS MOUNT,11,17,15:32,15:35,3.0
2026-08-12,40803,PALAVANTHANGAL,12,18,15:35,15:38,3.0
2026-08-12,40803,MINAMBAKKAM,13,20,15:38,15:41,3.0
2026-08-12,40803,TIRUSULAM,14,22,15:40,15:43,3.0
2026-08-12,40803,PALLAVARAM,15,23,15:43,15:45,2.0
2026-08-12,40803,CHROMEPET,16,25,15:46,15:46,0.0
2026-08-12,40803,TAMBARAM SANATORIUM,17,28,15:49,15:49,0.0
2026-08-12,40803,TAMBARAM,18,29,15:59,15:59,0.0
2026-08-12,40803,PERUNGALATTUR,19,32,16:05,16:05,0.0
2026-08-12,40803,VANDALUR,20,34,16:08,16:09,1.0
2026-08-12,40803,URAPPAKKAM,21,37,16:12,16:12,0.0
2026-08-12,40803,GUDUVANCHERI,22,40,16:16,16:17,1.0
2026-08-12,40803,POTHERI HALT,23,44,16:20,16:20,0.0
2026-08-12,40803,KATTANGULATUR,24,46,16:24,16:27,3.0
2026-08-12,40803,MARAIMALAI NAGAR KAMARAJAR,25,47,16:26,16:29,3.0
2026-08-12,40803,SINGAPERUMAL KOIL,26,51,16:34,16:36,2.0
2026-08-12,40803,PARANUR,27,55,16:42,16:42,0.0
2026-08-12,40803,CHENGALPATTU JN.,28,60,16:50,16:53,3.0
2026-08-12,40803,REDDIPALAYAM,29,64,17:06,17:06,0.0
2026-08-12,40803,VILLIYAMBAKKAM,30,68,17:11,17:11,0.0
2026-08-12,40803,PALUR,31,71,17:16,17:17,1.0
2026-08-12,40803,PALAYASIVARAM,32,75,17:21,17:21,0.0
2026-08-12,40803,WALAJABAD,33,81,17:26,17:29,3.0
2026-08-12,40803,NATHAPETTAI,34,89,17:34,17:37,3.0
2026-08-12,40803,KANCHIPURAM EAST,35,94,17:39,17:42,3.0
2026-08-12,40803,KANCHIPURAM,36,96,17:44,17:53,9.0
2026-08-12,40803,TIRUMALPUR,37,108,18:20,18:20,0.0
2026-08-12,40547,CHENNAI BEACH,1,0,,,0.0
2026-08-12,40547,CHENNAI FORT,2,2,16:19,16:19,0.0
2026-08-12,40547,CHENNAI PARK,3,3,16:22,16:24,2.0
2026-08-12,40547,CHENNAI EGMORE,4,4,16:25,16:28,3.0
2026-08-12,40547,CHENNAI CHETPAT,5,6,16:29,16:29,0.0
2026-08-12,40547,NUNGAMBAKKAM,6,8,16:32,16:32,0.0
2026-08-12,40547,KODAMBAKKAM,7,9,16:35,16:38,3.0
2026-08-12,40547,MAMBALAM,8,11,16:38,16:38,0.0
2026-08-12,40547,SAIDAPET,9,13,16:41,16:41,0.0
2026-08-12,40547,GUINDY,10,15,16:44,16:44,0.0
2026-08-12,40547,ST THOMAS MOUNT,11,17,16:47,16:50,3.0
2026-08-12,40547,PALAVANTHANGAL,12,18,16:50,16:53,3.0
2026-08-12,40547,MINAMBAKKAM,13,20,16:53,16:56,3.0
2026-08-12,40547,TIRUSULAM,14,22,16:55,16:58,3.0
2026-08-12,40547,PALLAVARAM,15,23,16:58,17:01,3.0
2026-08-12,40547,CHROMEPET,16,25,17:01,17:04,3.0
2026-08-12,40547,TAMBARAM SANATORIUM,17,28,17:04,17:07,3.0
2026-08-12,40547,TAMBARAM,18,29,17:14,17:14,0.0
2026-08-12,40547,PERUNGALATTUR,19,32,17:20,17:29,9.0
2026-08-12,40547,VANDALUR,20,34,17:23,17:32,9.0
2026-08-12,40547,URAPPAKKAM,21,37,17:27,17:36,9.0
2026-08-12,40547,GUDUVANCHERI,22,40,17:31,17:41,10.0
2026-08-12,40547,POTHERI HALT,23,44,17:35,17:44,9.0
2026-08-12,40547,KATTANGULATUR,24,46,17:39,17:46,7.0
2026-08-12,40547,MARAIMALAI NAGAR KAMARAJAR,25,47,17:41,17:48,7.0
2026-08-12,40547,SINGAPERUMAL KOIL,26,51,17:49,17:54,5.0
2026-08-12,40547,PARANUR,27,55,17:57,17:57,0.0
2026-08-12,40547,CHENGALPATTU JN.,28,60,18:15,18:15,0.0
2026-08-12,42522,GUMMIDIPUNDI,1,0,,,0.0
2026-08-12,42522,KAVARAIPPETTAI,2,6,15:08,15:09,1.0
2026-08-12,42522,PONNERI,3,13,15:17,15:17,0.0
2026-08-12,42522,ANUPPAMBATTU,4,17,15:25,15:25,0.0
2026-08-12,42522,MINJUR,5,21,15:30,15:32,2.0
2026-08-12,42522,NANDIYAMPAKKAM,6,24,15:33,15:33,0.0
2026-08-12,42522,ATTIPPATTU,7,25,15:35,15:38,3.0
2026-08-12,42522,ATTIPATTU PUDU NAGAR.H,8,26,15:38,15:42,4.0
2026-08-12,42522,ENNORE,9,31,15:42,15:48,6.0
2026-08-12,42522,KATHIVAKKAM,10,32,15:44,15:50,6.0
2026-08-12,42522,WIMCO NAGAR,11,35,15:47,15:53,6.0
2026-08-12,42522,TIRUVOTTIYUR,12,38,15:54,15:59,5.0
2026-08-12,42522,VOC NAGAR,13,39,15:58,16:04,6.0
2026-08-12,42522,TONDIARPET,14,41,16:00,16:04,4.0
2026-08-12,42522,KORUKKUPET JN,15,42,16:02,16:11,9.0
2026-08-12,42522,WASHERMANPET,16,44,16:09,16:18,9.0
2026-08-12,42522,ROYAPURAM,17,46,16:12,16:21,9.0
2026-08-12,42522,CHENNAI BEACH,18,47,16:35,16:35,0.0
2026-08-12,42522,CHENNAI FORT,19,49,16:54,16:54,0.0
2026-08-12,42522,CHENNAI PARK,20,50,16:57,16:58,1.0
2026-08-12,42522,CHENNAI EGMORE,21,51,17:00,17:02,2.0
2026-08-12,42522,CHENNAI CHETPAT,22,53,17:04,17:04,0.0
2026-08-12,42522,NUNGAMBAKKAM,23,55,17:07,17:07,0.0
2026-08-12,42522,KODAMBAKKAM,24,56,17:10,17:13,3.0
2026-08-12,42522,MAMBALAM,25,58,17:13,17:13,0.0
2026-08-12,42522,SAIDAPET,26,59,17:16,17:16,0.0
2026-08-12,42522,GUINDY,27,62,17:19,17:19,0.0
2026-08-12,42522,ST THOMAS MOUNT,28,64,17:22,17:22,0.0
2026-08-12,42522,PALAVANTHANGAL,29,65,17:25,17:25,0.0
2026-08-12,42522,MINAMBAKKAM,30,67,17:28,17:28,0.0
2026-08-12,42522,TIRUSULAM,31,69,17:30,17:30,0.0
2026-08-12,42522,PALLAVARAM,32,70,17:33,17:34,1.0
2026-08-12,42522,CHROMEPET,33,72,17:36,17:36,0.0
2026-08-12,42522,TAMBARAM SANATORIUM,34,74,17:39,17:39,0.0
2026-08-12,42522,TAMBARAM,35,76,17:50,17:50,0.0
2026-08-12,40067,CHENNAI BEACH,1,0,,,0.0
2026-08-12,40067,CHENNAI FORT,2,2,17:49,17:49,0.0
2026-08-12,40067,CHENNAI PARK,3,3,17:52,17:54,2.0
2026-08-12,40067,CHENNAI EGMORE,4,4,17:55,17:58,3.0
2026-08-12,40067,CHENNAI CHETPAT,5,6,17:59,17:59,0.0
2026-08-12,40067,NUNGAMBAKKAM,6,8,18:02,18:02,0.0
2026-08-12,40067,KODAMBAKKAM,7,9,18:05,18:09,4.0
2026-08-12,40067,MAMBALAM,8,11,18:08,18:11,3.0
2026-08-12,40067,SAIDAPET,9,13,18:11,18:14,3.0
2026-08-12,40067,GUINDY,10,15,18:14,18:17,3.0
2026-08-12,40067,ST THOMAS MOUNT,11,17,18:17,18:21,4.0
2026-08-12,40067,PALAVANTHANGAL,12,18,18:20,18:23,3.0
2026-08-12,40067,MINAMBAKKAM,13,20,18:23,18:26,3.0
2026-08-12,40067,TIRUSULAM,14,22,18:25,18:28,3.0
2026-08-12,40067,PALLAVARAM,15,23,18:28,18:33,5.0
2026-08-12,40067,CHROMEPET,16,25,18:31,18:36,5.0
2026-08-12,40067,TAMBARAM SANATORIUM,17,28,18:34,18:39,5.0
2026-08-12,40067,TAMBARAM,18,29,18:40,18:45,5.0
2026-08-12,40903,CHENNAI BEACH,1,0,,,5.0
2026-08-12,40903,CHENNAI FORT,2,2,18:11,18:16,5.0
2026-08-12,40903,CHENNAI PARK,3,3,18:14,18:18,4.0
2026-08-12,40903,CHENNAI EGMORE,4,4,18:17,18:22,5.0
2026-08-12,40903,MAMBALAM,5,11,18:27,18:33,6.0
2026-08-12,40903,GUINDY,6,15,18:32,18:38,6.0
2026-08-12,40903,TAMBARAM,7,29,18:54,18:54,0.0
2026-08-12,40903,CHENGALPATTU JN.,8,60,19:27,19:27,0.0
2026-08-12,40903,PALUR,9,71,19:49,19:50,1.0
2026-08-12,40903,WALAJABAD,10,81,19:59,20:04,5.0
2026-08-12,40903,KANCHIPURAM EAST,11,94,20:11,20:16,5.0
2026-08-12,40903,KANCHIPURAM,12,96,20:14,20:21,7.0
2026-08-12,40903,TIRUMALPUR,13,108,20:29,20:34,5.0
2026-08-12,40903,TAKKOLAM,14,116,20:39,20:58,19.0
2026-08-12,40903,ARAKKONAM JN.,15,128,21:15,21:15,0.0
2026-08-12,49007,CHENNAI BEACH,1,0,,,8.0
2026-08-12,49007,CHENNAI FORT,2,2,18:21,18:29,8.0
2026-08-12,49007,CHENNAI PARK,3,3,18:24,18:32,8.0
2026-08-12,49007,CHENNAI EGMORE,4,4,18:27,18:35,8.0
2026-08-12,49007,MAMBALAM,5,11,18:37,18:42,5.0
2026-08-12,49007,GUINDY,6,15,18:42,18:47,5.0
2026-08-12,49007,ST THOMAS MOUNT,7,17,18:45,18:47,2.0
2026-08-12,49007,CHROMEPET,8,25,18:54,18:56,2.0
2026-08-12,49007,TAMBARAM,9,29,19:04,19:07,3.0
2026-08-12,49007,PERUNGALATTUR,10,32,19:10,19:13,3.0
2026-08-12,49007,URAPPAKKAM,11,37,19:16,19:19,3.0
2026-08-12,49007,GUDUVANCHERI,12,40,19:20,19:22,2.0
2026-08-12,49007,POTHERI HALT,13,44,19:24,19:27,3.0
2026-08-12,49007,SINGAPERUMAL KOIL,14,51,19:32,19:33,1.0
2026-08-12,49007,PARANUR,15,55,19:37,19:40,3.0
2026-08-12,49007,CHENGALPATTU JN.,16,60,19:50,19:51,1.0
2026-08-12,40703,CHENNAI BEACH,1,0,,,3.0
2026-08-12,40703,CHENNAI FORT,2,2,19:24,19:27,3.0
2026-08-12,40703,CHENNAI PARK,3,3,19:27,19:32,5.0
2026-08-12,40703,CHENNAI EGMORE,4,4,19:30,19:35,5.0
2026-08-12,40703,CHENNAI CHETPAT,5,6,19:34,19:38,4.0
2026-08-12,40703,NUNGAMBAKKAM,6,8,19:37,19:41,4.0
2026-08-12,40703,KODAMBAKKAM,7,9,19:40,19:46,6.0
2026-08-12,40703,MAMBALAM,8,11,19:43,19:48,5.0
2026-08-12,40703,SAIDAPET,9,13,19:46,19:51,5.0
2026-08-12,40703,GUINDY,10,15,19:49,19:54,5.0
2026-08-12,40703,ST THOMAS MOUNT,11,17,19:52,19:57,5.0
2026-08-12,40703,PALAVANTHANGAL,12,18,19:55,20:00,5.0
2026-08-12,40703,MINAMBAKKAM,13,20,19:58,20:03,5.0
2026-08-12,40703,TIRUSULAM,14,22,20:00,20:05,5.0
2026-08-12,40703,PALLAVARAM,15,23,20:03,20:08,5.0
2026-08-12,40703,CHROMEPET,16,25,20:06,20:10,4.0
2026-08-12,40703,TAMBARAM SANATORIUM,17,28,20:09,20:13,4.0
2026-08-12,40703,TAMBARAM,18,29,20:19,20:24,5.0
2026-08-12,40703,PERUNGALATTUR,19,32,20:25,20:30,5.0
2026-08-12,40703,VANDALUR,20,34,20:28,20:36,8.0
2026-08-12,40703,URAPPAKKAM,21,37,20:32,20:40,8.0
2026-08-12,40703,GUDUVANCHERI,22,40,20:36,20:46,10.0
2026-08-12,40703,POTHERI HALT,23,44,20:40,20:48,8.0
2026-08-12,40703,KATTANGULATUR,24,46,20:44,20:55,11.0
2026-08-12,40703,MARAIMALAI NAGAR KAMARAJAR,25,47,20:46,20:57,11.0
2026-08-12,40703,SINGAPERUMAL KOIL,26,51,20:54,21:03,9.0
2026-08-12,40703,PARANUR,27,55,21:02,21:07,5.0
2026-08-12,40703,CHENGALPATTU JN.,28,60,21:10,21:17,7.0
2026-08-12,40703,REDDIPALAYAM,29,64,21:26,21:39,13.0
2026-08-12,40703,VILLIYAMBAKKAM,30,68,21:31,21:44,13.0
2026-08-12,40703,PALUR,31,71,21:36,21:48,12.0
2026-08-12,40703,PALAYASIVARAM,32,75,21:41,21:53,12.0
2026-08-12,40703,WALAJABAD,33,81,21:46,21:58,12.0
2026-08-12,40703,NATHAPETTAI,34,89,21:54,22:06,12.0
2026-08-12,40703,KANCHIPURAM EAST,35,94,21:56,22:08,12.0
2026-08-12,40703,KANCHIPURAM,36,96,22:05,22:13,8.0
2026-08-12,40201,CHENNAI BEACH,1,0,,,3.0
2026-08-12,40201,CHENNAI FORT,2,2,19:34,19:37,3.0
2026-08-12,40201,CHENNAI PARK,3,3,19:37,19:40,3.0
2026-08-12,40201,CHENNAI EGMORE,4,4,19:40,19:43,3.0
2026-08-12,40201,CHENNAI CHETPAT,5,6,19:44,19:44,0.0
2026-08-12,40201,NUNGAMBAKKAM,6,8,19:47,19:47,0.0
2026-08-12,40201,KODAMBAKKAM,7,9,19:50,19:54,4.0
2026-08-12,40201,MAMBALAM,8,11,19:53,19:56,3.0
2026-08-12,40201,SAIDAPET,9,13,19:56,19:59,3.0
2026-08-12,40201,GUINDY,10,15,19:59,20:02,3.0
2026-08-12,40201,ST THOMAS MOUNT,11,17,20:02,20:05,3.0
2026-08-12,40201,PALAVANTHANGAL,12,18,20:05,20:08,3.0
2026-08-12,40201,MINAMBAKKAM,13,20,20:08,20:11,3.0
2026-08-12,40201,TIRUSULAM,14,22,20:10,20:13,3.0
2026-08-12,40201,PALLAVARAM,15,23,20:13,20:16,3.0
2026-08-12,40201,CHROMEPET,16,25,20:16,20:19,3.0
2026-08-12,40201,TAMBARAM SANATORIUM,17,28,20:19,20:22,3.0
2026-08-12,40201,TAMBARAM,18,29,20:29,20:30,1.0
2026-08-12,40201,PERUNGALATTUR,19,32,20:35,20:35,0.0
2026-08-12,40201,VANDALUR,20,34,20:38,20:41,3.0
2026-08-12,40201,URAPPAKKAM,21,37,20:42,20:45,3.0
2026-08-12,40201,GUDUVANCHERI,22,40,20:55,20:55,0.0
2026-08-12,40203,CHENNAI BEACH,1,0,,,0.0
2026-08-12,40203,CHENNAI FORT,2,2,20:04,20:04,0.0
2026-08-12,40203,CHENNAI PARK,3,3,20:07,20:07,0.0
2026-08-12,40203,CHENNAI EGMORE,4,4,20:10,20:10,0.0
2026-08-12,40203,CHENNAI CHETPAT,5,6,20:14,20:14,0.0
2026-08-12,40203,NUNGAMBAKKAM,6,8,20:17,20:17,0.0
2026-08-12,40203,KODAMBAKKAM,7,9,20:20,20:21,1.0
2026-08-12,40203,MAMBALAM,8,11,20:23,20:23,0.0
2026-08-12,40203,SAIDAPET,9,13,20:26,20:26,0.0
2026-08-12,40203,GUINDY,10,15,20:29,20:29,0.0
2026-08-12,40203,ST THOMAS MOUNT,11,17,20:32,20:32,0.0
2026-08-12,40203,PALAVANTHANGAL,12,18,20:35,20:35,0.0
2026-08-12,40203,MINAMBAKKAM,13,20,20:38,20:38,0.0
2026-08-12,40203,TIRUSULAM,14,22,20:40,20:40,0.0
2026-08-12,40203,PALLAVARAM,15,23,20:43,20:43,0.0
2026-08-12,40203,CHROMEPET,16,25,20:46,20:46,0.0
2026-08-12,40203,TAMBARAM SANATORIUM,17,28,20:49,20:49,0.0
2026-08-12,40203,TAMBARAM,18,29,20:59,21:00,1.0
2026-08-12,40203,PERUNGALATTUR,19,32,21:05,21:05,0.0
2026-08-12,40203,VANDALUR,20,34,21:08,21:16,8.0
2026-08-12,40203,URAPPAKKAM,21,37,21:12,21:20,8.0
2026-08-12,40203,GUDUVANCHERI,22,40,21:30,21:30,0.0
2026-08-12,40081,CHENNAI BEACH,1,0,,,0.0
2026-08-12,40081,CHENNAI FORT,2,2,21:04,21:04,0.0
2026-08-12,40081,CHENNAI PARK,3,3,21:07,21:07,0.0
2026-08-12,40081,CHENNAI EGMORE,4,4,21:10,21:10,0.0
2026-08-12,40081,CHENNAI CHETPAT,5,6,21:14,21:14,0.0
2026-08-12,40081,NUNGAMBAKKAM,6,8,21:17,21:17,0.0
2026-08-12,40081,KODAMBAKKAM,7,9,21:20,21:21,1.0
2026-08-12,40081,MAMBALAM,8,11,21:23,21:23,0.0
2026-08-12,40081,SAIDAPET,9,13,21:26,21:26,0.0
2026-08-12,40081,GUINDY,10,15,21:29,21:29,0.0
2026-08-12,40081,ST THOMAS MOUNT,11,17,21:32,21:32,0.0
2026-08-12,40081,PALAVANTHANGAL,12,18,21:35,21:35,0.0
2026-08-12,40081,MINAMBAKKAM,13,20,21:38,21:38,0.0
2026-08-12,40081,TIRUSULAM,14,22,21:40,21:40,0.0
2026-08-12,40081,PALLAVARAM,15,23,21:43,21:43,0.0
2026-08-12,40081,CHROMEPET,16,25,21:46,21:46,0.0
2026-08-12,40081,TAMBARAM SANATORIUM,17,28,21:49,21:49,0.0
2026-08-12,40081,TAMBARAM,18,29,22:00,22:00,0.0
2026-08-12,40569,CHENNAI BEACH,1,0,,,0.0
2026-08-12,40569,CHENNAI FORT,2,2,22:04,22:04,0.0
2026-08-12,40569,CHENNAI PARK,3,3,22:07,22:07,0.0
2026-08-12,40569,CHENNAI EGMORE,4,4,22:10,22:10,0.0
2026-08-12,40569,CHENNAI CHETPAT,5,6,22:14,22:14,0.0
2026-08-12,40569,NUNGAMBAKKAM,6,8,22:17,22:17,0.0
2026-08-12,40569,KODAMBAKKAM,7,9,22:20,22:20,0.0
2026-08-12,40569,MAMBALAM,8,11,22:23,22:23,0.0
2026-08-12,40569,SAIDAPET,9,13,22:26,22:26,0.0
2026-08-12,40569,GUINDY,10,15,22:29,22:29,0.0
2026-08-12,40569,ST THOMAS MOUNT,11,17,22:32,22:32,0.0
2026-08-12,40569,PALAVANTHANGAL,12,18,22:35,22:35,0.0
2026-08-12,40569,MINAMBAKKAM,13,20,22:38,22:38,0.0
2026-08-12,40569,TIRUSULAM,14,22,22:40,22:40,0.0
2026-08-12,40569,PALLAVARAM,15,23,22:43,22:43,0.0
2026-08-12,40569,CHROMEPET,16,25,22:46,22:46,0.0
2026-08-12,40569,TAMBARAM SANATORIUM,17,28,22:49,22:49,0.0
2026-08-12,40569,TAMBARAM,18,29,22:59,22:59,0.0
2026-08-12,40569,PERUNGALATTUR,19,32,23:05,23:05,0.0
2026-08-12,40569,VANDALUR,20,34,23:08,23:08,0.0
2026-08-12,40569,URAPPAKKAM,21,37,23:12,23:12,0.0
2026-08-12,40569,GUDUVANCHERI,22,40,23:16,23:16,0.0
2026-08-12,40569,POTHERI HALT,23,44,23:20,23:20,0.0
2026-08-12,40569,KATTANGULATUR,24,46,23:24,23:24,0.0
2026-08-12,40569,MARAIMALAI NAGAR KAMARAJAR,25,47,23:26,23:26,0.0
2026-08-12,40569,SINGAPERUMAL KOIL,26,51,23:34,23:34,0.0
2026-08-12,40569,PARANUR,27,55,23:42,23:42,0.0
2026-08-12,40569,CHENGALPATTU JN.,28,60,00:05,00:05,0.0
2026-08-12,40085,CHENNAI BEACH,1,0,,,0.0
2026-08-12,40085,CHENNAI FORT,2,2,23:04,23:04,0.0
2026-08-12,40085,CHENNAI PARK,3,3,23:07,23:07,0.0
2026-08-12,40085,CHENNAI EGMORE,4,4,23:10,23:10,0.0
2026-08-12,40085,CHENNAI CHETPAT,5,6,23:14,23:14,0.0
2026-08-12,40085,NUNGAMBAKKAM,6,8,23:17,23:17,0.0
2026-08-12,40085,KODAMBAKKAM,7,9,23:20,23:20,0.0
2026-08-12,40085,MAMBALAM,8,11,23:23,23:23,0.0
2026-08-12,40085,SAIDAPET,9,13,23:26,23:26,0.0
2026-08-12,40085,GUINDY,10,15,23:29,23:29,0.0
2026-08-12,40085,ST THOMAS MOUNT,11,17,23:32,23:32,0.0
2026-08-12,40085,PALAVANTHANGAL,12,18,23:35,23:35,0.0
2026-08-12,40085,MINAMBAKKAM,13,20,23:38,23:38,0.0
2026-08-12,40085,TIRUSULAM,14,22,23:40,23:40,0.0
2026-08-12,40085,PALLAVARAM,15,23,23:43,23:43,0.0
2026-08-12,40085,CHROMEPET,16,25,23:46,23:46,0.0
2026-08-12,40085,TAMBARAM SANATORIUM,17,28,23:49,23:49,0.0
2026-08-12,40085,TAMBARAM,18,29,00:00,00:00,0.0
2026-08-13,40003,CHENNAI BEACH,1,0,,,0.0
2026-08-13,40003,CHENNAI FORT,2,2,07:14,07:14,0.0
2026-08-13,40003,CHENNAI PARK,3,3,07:17,07:18,1.0
2026-08-13,40003,CHENNAI EGMORE,4,4,07:20,07:21,1.0
2026-08-13,40003,CHENNAI CHETPAT,5,6,07:24,07:24,0.0
2026-08-13,40003,NUNGAMBAKKAM,6,8,07:27,07:27,0.0
2026-08-13,40003,KODAMBAKKAM,7,9,07:30,07:32,2.0
2026-08-13,40003,MAMBALAM,8,11,07:33,07:33,0.0
2026-08-13,40003,SAIDAPET,9,13,07:36,07:36,0.0
2026-08-13,40003,GUINDY,10,15,07:39,07:39,0.0
2026-08-13,40003,ST THOMAS MOUNT,11,17,07:42,07:43,1.0
2026-08-13,40003,PALAVANTHANGAL,12,18,07:45,07:45,0.0
2026-08-13,40003,MINAMBAKKAM,13,20,07:48,07:48,0.0
2026-08-13,40003,TIRUSULAM,14,22,07:50,07:50,0.0
2026-08-13,40003,PALLAVARAM,15,23,07:53,07:55,2.0
2026-08-13,40003,CHROMEPET,16,25,07:56,07:56,0.0
2026-08-13,40003,TAMBARAM SANATORIUM,17,28,07:59,07:59,0.0
2026-08-13,40003,TAMBARAM,18,29,08:10,08:10,0.0
2026-08-13,40045,CHENNAI BEACH,1,0,,,0.0
2026-08-13,40045,CHENNAI FORT,2,2,12:49,12:49,0.0
2026-08-13,40045,CHENNAI PARK,3,3,12:52,12:53,1.0
2026-08-13,40045,CHENNAI EGMORE,4,4,12:55,12:58,3.0
2026-08-13,40045,CHENNAI CHETPAT,5,6,12:59,12:59,0.0
2026-08-13,40045,NUNGAMBAKKAM,6,8,13:02,13:02,0.0
2026-08-13,40045,KODAMBAKKAM,7,9,13:05,13:07,2.0
2026-08-13,40045,MAMBALAM,8,11,13:08,13:08,0.0
2026-08-13,40045,SAIDAPET,9,13,13:11,13:11,0.0
2026-08-13,40045,GUINDY,10,15,13:14,13:14,0.0
2026-08-13,40045,ST THOMAS MOUNT,11,17,13:17,13:20,3.0
2026-08-13,40045,PALAVANTHANGAL,12,18,13:20,13:23,3.0
2026-08-13,40045,MINAMBAKKAM,13,20,13:23,13:26,3.0
2026-08-13,40045,TIRUSULAM,14,22,13:25,13:28,3.0
2026-08-13,40045,PALLAVARAM,15,23,13:28,13:30,2.0
2026-08-13,40045,CHROMEPET,16,25,13:31,13:31,0.0
2026-08-13,40045,TAMBARAM SANATORIUM,17,28,13:34,13:34,0.0
2026-08-13,40045,TAMBARAM,18,29,13:45,13:45,0.0
2026-08-13,40046,TAMBARAM,1,0,,,3.0
2026-08-13,40046,TAMBARAM SANATORIUM,2,1,12:24,12:24,0.0
2026-08-13,40046,CHROMEPET,3,4,12:27,12:27,0.0
2026-08-13,40046,PALLAVARAM,4,6,12:30,12:34,4.0
2026-08-13,40046,TIRUSULAM,5,8,12:33,12:37,4.0
2026-08-13,40046,MINAMBAKKAM,6,9,12:35,12:39,4.0
2026-08-13,40046,PALAVANTHANGAL,7,10,12:38,12:42,4.0
2026-08-13,40046,ST THOMAS MOUNT,8,12,12:41,12:46,5.0
2026-08-13,40046,GUINDY,9,14,12:44,12:48,4.0
2026-08-13,40046,SAIDAPET,10,16,12:47,12:51,4.0
2026-08-13,40046,MAMBALAM,11,18,12:50,12:54,4.0
2026-08-13,40046,KODAMBAKKAM,12,19,12:53,12:56,3.0
2026-08-13,40046,NUNGAMBAKKAM,13,21,12:56,12:56,0.0
2026-08-13,40046,CHENNAI CHETPAT,14,23,12:59,12:59,0.0
2026-08-13,40046,CHENNAI EGMORE,15,25,13:02,13:06,4.0
2026-08-13,40046,CHENNAI PARK,16,26,13:05,13:09,4.0
2026-08-13,40046,CHENNAI FORT,17,27,13:08,13:12,4.0
2026-08-13,40046,CHENNAI BEACH,18,29,13:20,13:20,0.0
2026-08-13,49003,CHENNAI BEACH,1,0,,,7.0
2026-08-13,49003,CHENNAI FORT,2,2,09:47,09:54,7.0
2026-08-13,49003,CHENNAI PARK,3,3,09:50,09:58,8.0
2026-08-13,49003,CHENNAI EGMORE,4,4,09:53,10:02,9.0
2026-08-13,49003,CHENNAI CHETPAT,5,6,09:57,10:03,6.0
2026-08-13,49003,NUNGAMBAKKAM,6,8,10:00,10:06,6.0
2026-08-13,49003,KODAMBAKKAM,7,9,10:03,10:11,8.0
2026-08-13,49003,MAMBALAM,8,11,10:06,10:13,7.0
2026-08-13,49003,SAIDAPET,9,13,10:09,10:16,7.0
2026-08-13,49003,GUINDY,10,15,10:12,10:19,7.0
2026-08-13,49003,ST THOMAS MOUNT,11,17,10:15,10:24,9.0
2026-08-13,49003,PALAVANTHANGAL,12,18,10:18,10:25,7.0
2026-08-13,49003,MINAMBAKKAM,13,20,10:21,10:28,7.0
2026-08-13,49003,TIRUSULAM,14,22,10:23,10:30,7.0
2026-08-13,49003,PALLAVARAM,15,23,10:26,10:35,9.0
2026-08-13,49003,CHROMEPET,16,25,10:29,10:38,9.0
2026-08-13,49003,TAMBARAM SANATORIUM,17,28,10:32,10:41,9.0
2026-08-13,49003,TAMBARAM,18,29,10:43,10:48,5.0
2026-08-13,49004,TAMBARAM,1,0,,,0.0
2026-08-13,49004,TAMBARAM SANATORIUM,2,1,14:29,14:29,0.0
2026-08-13,49004,CHROMEPET,3,4,14:32,14:32,0.0
2026-08-13,49004,PALLAVARAM,4,6,14:35,14:39,4.0
2026-08-13,49004,TIRUSULAM,5,8,14:38,14:42,4.0
2026-08-13,49004,MINAMBAKKAM,6,9,14:40,14:44,4.0
2026-08-13,49004,PALAVANTHANGAL,7,10,14:43,14:47,4.0
2026-08-13,49004,ST THOMAS MOUNT,8,12,14:46,14:50,4.0
2026-08-13,49004,GUINDY,9,14,14:49,14:53,4.0
2026-08-13,49004,SAIDAPET,10,16,14:52,14:56,4.0
2026-08-13,49004,MAMBALAM,11,18,14:55,14:59,4.0
2026-08-13,49004,KODAMBAKKAM,12,19,14:58,15:00,2.0
2026-08-13,49004,NUNGAMBAKKAM,13,21,15:01,15:01,0.0
2026-08-13,49004,CHENNAI CHETPAT,14,23,15:04,15:04,0.0
2026-08-13,49004,CHENNAI EGMORE,15,25,15:07,15:10,3.0
2026-08-13,49004,CHENNAI PARK,16,26,15:10,15:14,4.0
2026-08-13,49004,CHENNAI FORT,17,27,15:13,15:16,3.0
2026-08-13,49004,CHENNAI BEACH,18,29,15:25,15:25,0.0
2026-08-13,40501,CHENNAI BEACH,1,0,,,0.0
2026-08-13,40501,CHENNAI FORT,2,2,03:54,03:54,0.0
2026-08-13,40501,CHENNAI PARK,3,3,03:57,03:57,0.0
2026-08-13,40501,CHENNAI EGMORE,4,4,04:00,04:00,0.0
2026-08-13,40501,CHENNAI CHETPAT,5,6,04:04,04:04,0.0
2026-08-13,40501,NUNGAMBAKKAM,6,8,04:07,04:07,0.0
2026-08-13,40501,KODAMBAKKAM,7,9,04:10,04:10,0.0
2026-08-13,40501,MAMBALAM,8,11,04:13,04:13,0.0
2026-08-13,40501,SAIDAPET,9,13,04:16,04:16,0.0
2026-08-13,40501,GUINDY,10,15,04:19,04:19,0.0
2026-08-13,40501,ST THOMAS MOUNT,11,17,04:22,04:22,0.0
2026-08-13,40501,PALAVANTHANGAL,12,18,04:25,04:25,0.0
2026-08-13,40501,MINAMBAKKAM,13,20,04:28,04:28,0.0
2026-08-13,40501,TIRUSULAM,14,22,04:30,04:30,0.0
2026-08-13,40501,PALLAVARAM,15,23,04:33,04:34,1.0
2026-08-13,40501,CHROMEPET,16,25,04:36,04:36,0.0
2026-08-13,40501,TAMBARAM SANATORIUM,17,28,04:39,04:39,0.0
2026-08-13,40501,TAMBARAM,18,29,04:49,04:49,0.0
2026-08-13,40501,PERUNGALATTUR,19,32,04:56,04:56,0.0
2026-08-13,40501,VANDALUR,20,34,04:59,04:59,0.0
2026-08-13,40501,URAPPAKKAM,21,37,05:03,05:03,0.0
2026-08-13,40501,GUDUVANCHERI,22,40,05:07,05:08,1.0
2026-08-13,40501,POTHERI HALT,23,44,05:11,05:11,0.0
2026-08-13,40501,KATTANGULATUR,24,46,05:15,05:16,1.0
2026-08-13,40501,MARAIMALAI NAGAR KAMARAJAR,25,47,05:17,05:17,0.0
2026-08-13,40501,SINGAPERUMAL KOIL,26,51,05:22,05:24,2.0
2026-08-13,40501,PARANUR,27,55,05:27,05:27,0.0
2026-08-13,40501,CHENGALPATTU JN.,28,60,05:40,05:40,0.0
2026-08-13,40701,CHENNAI BEACH,1,0,,,0.0
2026-08-13,40701,CHENNAI FORT,2,2,05:14,05:14,0.0
2026-08-13,40701,CHENNAI PARK,3,3,05:17,05:17,0.0
2026-08-13,40701,CHENNAI EGMORE,4,4,05:20,05:20,0.0
2026-08-13,40701,CHENNAI CHETPAT,5,6,05:24,05:24,0.0
2026-08-13,40701,NUNGAMBAKKAM,6,8,05:27,05:27,0.0
2026-08-13,40701,KODAMBAKKAM,7,9,05:30,05:31,1.0
2026-08-13,40701,MAMBALAM,8,11,05:33,05:33,0.0
2026-08-13,40701,SAIDAPET,9,13,05:36,05:36,0.0
2026-08-13,40701,GUINDY,10,15,05:39,05:39,0.0
2026-08-13,40701,ST THOMAS MOUNT,11,17,05:42,05:42,0.0
2026-08-13,40701,PALAVANTHANGAL,12,18,05:45,05:45,0.0
2026-08-13,40701,MINAMBAKKAM,13,20,05:48,05:48,0.0
2026-08-13,40701,TIRUSULAM,14,22,05:50,05:50,0.0
2026-08-13,40701,PALLAVARAM,15,23,05:53,05:53,0.0
2026-08-13,40701,CHROMEPET,16,25,05:56,05:56,0.0
2026-08-13,40701,TAMBARAM SANATORIUM,17,28,05:59,05:59,0.0
2026-08-13,40701,TAMBARAM,18,29,06:09,06:09,0.0
2026-08-13,40701,PERUNGALATTUR,19,32,06:16,06:20,4.0
2026-08-13,40701,VANDALUR,20,34,06:19,06:25,6.0
2026-08-13,40701,URAPPAKKAM,21,37,06:23,06:27,4.0
2026-08-13,40701,GUDUVANCHERI,22,40,06:27,06:34,7.0
2026-08-13,40701,POTHERI HALT,23,44,06:31,06:38,7.0
2026-08-13,40701,KATTANGULATUR,24,46,06:35,06:42,7.0
2026-08-13,40701,MARAIMALAI NAGAR KAMARAJAR,25,47,06:37,06:43,6.0
2026-08-13,40701,SINGAPERUMAL KOIL,26,51,06:42,06:50,8.0
2026-08-13,40701,PARANUR,27,55,06:47,06:53,6.0
2026-08-13,40701,CHENGALPATTU JN.,28,60,07:19,07:19,0.0
2026-08-13,40701,PALUR,29,71,07:31,07:53,22.0
2026-08-13,40701,WALAJABAD,30,81,07:41,08:08,27.0
2026-08-13,40701,KANCHIPURAM EAST,31,94,07:54,08:21,27.0
2026-08-13,40701,KANCHIPURAM,32,96,08:15,08:20,5.0
2026-08-13,40801,CHENNAI BEACH,1,0,,,0.0
2026-08-13,40801,CHENNAI FORT,2,2,07:24,07:24,0.0
2026-08-13,40801,CHENNAI PARK,3,3,07:27,07:28,1.0
2026-08-13,40801,CHENNAI EGMORE,4,4,07:30,07:31,1.0
2026-08-13,40801,CHENNAI CHETPAT,5,6,07:34,07:34,0.0
2026-08-13,40801,NUNGAMBAKKAM,6,8,07:37,07:37,0.0
2026-08-13,40801,KODAMBAKKAM,7,9,07:40,07:42,2.0
2026-08-13,40801,MAMBALAM,8,11,07:43,07:43,0.0
2026-08-13,40801,SAIDAPET,9,13,07:46,07:46,0.0
2026-08-13,40801,GUINDY,10,15,07:49,07:49,0.0
2026-08-13,40801,ST THOMAS MOUNT,11,17,07:52,07:55,3.0
2026-08-13,40801,PALAVANTHANGAL,12,18,07:55,07:58,3.0
2026-08-13,40801,MINAMBAKKAM,13,20,07:58,08:01,3.0
2026-08-13,40801,TIRUSULAM,14,22,08:00,08:03,3.0
2026-08-13,40801,PALLAVARAM,15,23,08:03,08:07,4.0
2026-08-13,40801,CHROMEPET,16,25,08:06,08:10,4.0
2026-08-13,40801,TAMBARAM SANATORIUM,17,28,08:09,08:13,4.0
2026-08-13,40801,TAMBARAM,18,29,08:19,08:24,5.0
2026-08-13,40801,PERUNGALATTUR,19,32,08:25,08:34,9.0
2026-08-13,40801,VANDALUR,20,34,08:28,08:38,10.0
2026-08-13,40801,URAPPAKKAM,21,37,08:32,08:41,9.0
2026-08-13,40801,GUDUVANCHERI,22,40,08:36,08:48,12.0
2026-08-13,40801,POTHERI HALT,23,44,08:40,08:57,17.0
2026-08-13,40801,KATTANGULATUR,24,46,08:44,09:02,18.0
2026-08-13,40801,MARAIMALAI NAGAR KAMARAJAR,25,47,08:46,09:02,16.0
2026-08-13,40801,SINGAPERUMAL KOIL,26,51,08:54,09:13,19.0
2026-08-13,40801,PARANUR,27,55,09:02,09:18,16.0
2026-08-13,40801,CHENGALPATTU JN.,28,60,09:10,09:32,22.0
2026-08-13,40801,REDDIPALAYAM,29,64,09:26,09:46,20.0
2026-08-13,40801,VILLIYAMBAKKAM,30,68,09:31,09:51,20.0
2026-08-13,40801,PALUR,31,71,09:36,09:59,23.0
2026-08-13,40801,PALAYASIVARAM,32,75,09:41,11:02,81.0
2026-08-13,40801,WALAJABAD,33,81,09:46,11:07,81.0
2026-08-13,40801,NATHAPETTAI,34,89,09:54,11:15,81.0
2026-08-13,40801,KANCHIPURAM EAST,35,94,09:59,11:20,81.0
2026-08-13,40801,KANCHIPURAM,36,96,10:04,11:40,96.0
2026-08-13,40801,TIRUMALPUR,37,108,10:50,11:53,63.0
2026-08-13,42502,GUMMIDIPUNDI,1,0,,,0.0
2026-08-13,42502,KAVARAIPPETTAI,2,6,06:08,06:09,1.0
2026-08-13,42502,PONNERI,3,13,06:17,06:17,0.0
2026-08-13,42502,ANUPPAMBATTU,4,17,06:23,06:23,0.0
2026-08-13,42502,MINJUR,5,21,06:28,06:29,1.0
2026-08-13,42502,NANDIYAMPAKKAM,6,24,06:31,06:31,0.0
2026-08-13,42502,ATTIPPATTU,7,25,06:33,06:37,4.0
2026-08-13,42502,ATTIPATTU PUDU NAGAR.H,8,26,06:36,06:40,4.0
2026-08-13,42502,ENNORE,9,31,06:44,06:45,1.0
2026-08-13,42502,KATHIVAKKAM,10,32,06:46,06:46,0.0
2026-08-13,42502,WIMCO NAGAR,11,35,06:49,06:49,0.0
2026-08-13,42502,TIRUVOTTIYUR,12,38,06:56,06:58,2.0
2026-08-13,42502,VOC NAGAR,13,39,07:00,07:00,0.0
2026-08-13,42502,TONDIARPET,14,41,07:02,07:02,0.0
2026-08-13,42502,KORUKKUPET JN,15,42,07:04,07:07,3.0
2026-08-13,42502,WASHERMANPET,16,44,07:14,07:14,0.0
2026-08-13,42502,ROYAPURAM,17,46,07:19,07:19,0.0
2026-08-13,42502,CHENNAI BEACH,18,47,07:40,07:40,0.0
2026-08-13,42502,CHENNAI FORT,19,49,07:54,08:01,7.0
2026-08-13,42502,CHENNAI PARK,20,50,07:57,08:04,7.0
2026-08-13,42502,CHENNAI EGMORE,21,51,08:00,08:08,8.0
2026-08-13,42502,CHENNAI CHETPAT,22,53,08:04,08:10,6.0
2026-08-13,42502,NUNGAMBAKKAM,23,55,08:07,08:13,6.0
2026-08-13,42502,KODAMBAKKAM,24,56,08:10,08:17,7.0
2026-08-13,42502,MAMBALAM,25,58,08:13,08:17,4.0
2026-08-13,42502,SAIDAPET,26,59,08:16,08:20,4.0
2026-08-13,42502,GUINDY,27,62,08:19,08:23,4.0
2026-08-13,42502,ST THOMAS MOUNT,28,64,08:22,08:30,8.0
2026-08-13,42502,PALAVANTHANGAL,29,65,08:25,08:33,8.0
2026-08-13,42502,MINAMBAKKAM,30,67,08:28,08:36,8.0
2026-08-13,42502,TIRUSULAM,31,69,08:30,08:38,8.0
2026-08-13,42502,PALLAVARAM,32,70,08:33,08:41,8.0
2026-08-13,42502,CHROMEPET,33,72,08:36,08:43,7.0
2026-08-13,42502,TAMBARAM SANATORIUM,34,74,08:39,08:46,7.0
2026-08-13,42502,TAMBARAM,35,76,08:49,08:54,5.0
2026-08-13,42502,PERUNGALATTUR,36,79,08:55,09:00,5.0
2026-08-13,42502,VANDALUR,37,81,08:58,09:05,7.0
2026-08-13,42502,URAPPAKKAM,38,84,09:02,09:07,5.0
2026-08-13,42502,GUDUVANCHERI,39,87,09:06,09:17,11.0
2026-08-13,42502,POTHERI HALT,40,90,09:10,09:21,11.0
2026-08-13,42502,KATTANGULATUR,41,92,09:14,09:25,11.0
2026-08-13,42502,MARAIMALAI NAGAR KAMARAJAR,42,94,09:16,09:26,10.0
2026-08-13,42502,SINGAPERUMAL KOIL,43,98,09:24,09:33,9.0
2026-08-13,42502,PARANUR,44,102,09:32,09:36,4.0
2026-08-13,42502,CHENGALPATTU JN.,45,106,09:40,09:45,5.0
2026-08-13,40009,CHENNAI BEACH,1,0,,,5.0
2026-08-13,40009,CHENNAI FORT,2,2,08:14,08:19,5.0
2026-08-13,40009,CHENNAI PARK,3,3,08:17,08:22,5.0
2026-08-13,40009,CHENNAI EGMORE,4,4,08:20,08:26,6.0
2026-08-13,40009,CHENNAI CHETPAT,5,6,08:24,08:28,4.0
2026-08-13,40009,NUNGAMBAKKAM,6,8,08:27,08:31,4.0
2026-08-13,40009,KODAMBAKKAM,7,9,08:30,08:35,5.0
2026-08-13,40009,MAMBALAM,8,11,08:33,08:37,4.0
2026-08-13,40009,SAIDAPET,9,13,08:36,08:40,4.0
2026-08-13,40009,GUINDY,10,15,08:39,08:43,4.0
2026-08-13,40009,ST THOMAS MOUNT,11,17,08:42,08:47,5.0
2026-08-13,40009,PALAVANTHANGAL,12,18,08:45,08:49,4.0
2026-08-13,40009,MINAMBAKKAM,13,20,08:48,08:52,4.0
2026-08-13,40009,TIRUSULAM,14,22,08:50,08:54,4.0
2026-08-13,40009,PALLAVARAM,15,23,08:53,08:57,4.0
2026-08-13,40009,CHROMEPET,16,25,08:56,08:59,3.0
2026-08-13,40009,TAMBARAM SANATORIUM,17,28,08:59,09:02,3.0
2026-08-13,40009,TAMBARAM,18,29,09:10,09:13,3.0
2026-08-13,66034,TIRUVANNAMALAI,1,0,,,0.0
2026-08-13,66034,POLUR,2,31,04:57,04:59,2.0
2026-08-13,66034,MADIMANGALAM,3,43,05:05,05:05,0.0
2026-08-13,66034,ARNI ROAD,4,48,05:11,05:12,1.0
2026-08-13,66034,SEDARAMPATTU,5,53,05:17,05:17,0.0
2026-08-13,66034,ONNUPURAM,6,57,05:22,05:22,0.0
2026-08-13,66034,KANNAMANGALAM,7,62,05:29,05:30,1.0
2026-08-13,66034,PENNATHUR H,8,74,05:49,05:49,0.0
2026-08-13,66034,VELLORE CANTONMENT,9,83,06:05,06:05,0.0
2026-08-13,66034,KATPADI JN,10,92,06:18,06:20,2.0
2026-08-13,66034,TIRUVALAM,11,104,06:34,06:55,21.0
2026-08-13,66034,MUKUNDARAYAPURM,12,109,06:39,06:39,0.0
2026-08-13,66034,WALAJAH ROAD,13,117,06:49,07:11,22.0
2026-08-13,66034,THALANGAI,14,127,07:00,07:24,24.0
2026-08-13,66034,SHOLINGHUR,15,132,07:14,07:35,21.0
2026-08-13,66034,ANAVARDIKHANPETTAI,16,141,07:25,07:25,0.0
2026-08-13,66034,CHITTERI,17,145,07:35,07:49,14.0
2026-08-13,66034,ARAKKONAM JN.,18,153,07:58,08:00,2.0
2026-08-13,66034,PULIYAMANGALAM,19,155,08:04,08:16,12.0
2026-08-13,66034,MOSUR,20,158,08:07,08:19,12.0
2026-08-13,66034,TIRUVALANGADU,21,163,08:12,08:26,14.0
2026-08-13,66034,MANAVUR,22,168,08:17,08:29,12.0
2026-08-13,66034,SENJI PANAMBAKKAM,23,171,08:21,08:33,12.0
2026-08-13,66034,KADAMBATTUR,24,174,08:25,08:40,15.0
2026-08-13,66034,EGATTUR,25,178,08:29,08:44,15.0
2026-08-13,66034,TIRUVALLUR,26,180,08:34,08:48,14.0
2026-08-13,66034,SEVVAPET ROAD,27,186,08:40,08:55,15.0
2026-08-13,66034,VEPPAMPATTU,28,189,08:43,08:58,15.0
2026-08-13,66034,TIRUNINRAVUR,29,193,08:49,09:04,15.0
2026-08-13,66034,VILLIVAKKAM,30,212,09:09,09:30,21.0
2026-08-13,66034,PERAMBUR,31,216,09:17,09:37,20.0
2026-08-13,66034,WASHERMANPET,32,221,09:25,09:47,22.0
2026-08-13,66034,ROYAPURAM,33,222,09:29,09:52,23.0
2026-08-13,66034,CHENNAI BEACH,34,224,09:39,10:03,24.0
2026-08-13,66034,CHENNAI FORT,35,225,10:04,10:09,5.0
2026-08-13,66034,CHENNAI PARK,36,226,10:07,10:16,9.0
2026-08-13,66034,CHENNAI EGMORE,37,228,10:10,10:19,9.0
2026-08-13,66034,CHENNAI CHETPAT,38,230,10:14,10:23,9.0
2026-08-13,66034,NUNGAMBAKKAM,39,232,10:17,10:26,9.0
2026-08-13,66034,KODAMBAKKAM,40,233,10:20,10:29,9.0
2026-08-13,66034,MAMBALAM,41,235,10:23,10:32,9.0
2026-08-13,66034,SAIDAPET,42,236,10:26,10:35,9.0
2026-08-13,66034,GUINDY,43,239,10:29,10:38,9.0
2026-08-13,66034,ST THOMAS MOUNT,44,241,10:32,10:40,8.0
2026-08-13,66034,PALAVANTHANGAL,45,242,10:35,10:44,9.0
2026-08-13,66034,MINAMBAKKAM,46,244,10:38,10:47,9.0
2026-08-13,66034,TIRUSULAM,47,245,10:40,10:49,9.0
2026-08-13,66034,PALLAVARAM,48,247,10:43,10:52,9.0
2026-08-13,66034,CHROMEPET,49,249,10:46,10:53,7.0
2026-08-13,66034,TAMBARAM SANATORIUM,50,251,10:49,10:55,6.0
2026-08-13,66034,TAMBARAM,51,253,11:10,11:10,0.0
2026-08-13,40527,CHENNAI BEACH,1,0,,,4.0
2026-08-13,40527,CHENNAI FORT,2,2,10:17,10:21,4.0
2026-08-13,40527,CHENNAI PARK,3,3,10:20,10:25,5.0
2026-08-13,40527,CHENNAI EGMORE,4,4,10:23,10:29,6.0
2026-08-13,40527,CHENNAI CHETPAT,5,6,10:27,10:30,3.0
2026-08-13,40527,NUNGAMBAKKAM,6,8,10:30,10:33,3.0
2026-08-13,40527,KODAMBAKKAM,7,9,10:33,10:38,5.0
2026-08-13,40527,MAMBALAM,8,11,10:36,10:40,4.0
2026-08-13,40527,SAIDAPET,9,13,10:39,10:43,4.0
2026-08-13,40527,GUINDY,10,15,10:42,10:46,4.0
2026-08-13,40527,ST THOMAS MOUNT,11,17,10:45,10:50,5.0
2026-08-13,40527,PALAVANTHANGAL,12,18,10:48,10:52,4.0
2026-08-13,40527,MINAMBAKKAM,13,20,10:51,10:55,4.0
2026-08-13,40527,TIRUSULAM,14,22,10:53,10:57,4.0
2026-08-13,40527,PALLAVARAM,15,23,10:56,11:01,5.0
2026-08-13,40527,CHROMEPET,16,25,10:59,11:02,3.0
2026-08-13,40527,TAMBARAM SANATORIUM,17,28,11:02,11:05,3.0
2026-08-13,40527,TAMBARAM,18,29,11:12,11:21,9.0
2026-08-13,40527,PERUNGALATTUR,19,32,11:19,11:27,8.0
2026-08-13,40527,VANDALUR,20,34,11:22,11:32,10.0
2026-08-13,40527,URAPPAKKAM,21,37,11:26,11:34,8.0
2026-08-13,40527,GUDUVANCHERI,22,40,11:30,11:39,9.0
2026-08-13,40527,POTHERI HALT,23,44,11:34,11:42,8.0
2026-08-13,40527,KATTANGULATUR,24,46,11:38,11:46,8.0
2026-08-13,40527,MARAIMALAI NAGAR KAMARAJAR,25,47,11:40,11:47,7.0
2026-08-13,40527,SINGAPERUMAL KOIL,26,51,11:45,11:53,8.0
2026-08-13,40527,PARANUR,27,55,11:50,11:57,7.0
2026-08-13,40527,CHENGALPATTU JN.,28,60,12:05,12:09,4.0
2026-08-13,40033,CHENNAI BEACH,1,0,,,2.0
2026-08-13,40033,CHENNAI FORT,2,2,11:02,11:02,0.0
2026-08-13,40033,CHENNAI PARK,3,3,11:05,11:08,3.0
2026-08-13,40033,CHENNAI EGMORE,4,4,11:08,11:12,4.0
2026-08-13,40033,CHENNAI CHETPAT,5,6,11:12,11:15,3.0
2026-08-13,40033,NUNGAMBAKKAM,6,8,11:15,11:18,3.0
2026-08-13,40033,KODAMBAKKAM,7,9,11:18,11:20,2.0
2026-08-13,40033,MAMBALAM,8,11,11:21,11:21,0.0
2026-08-13,40033,SAIDAPET,9,13,11:24,11:24,0.0
2026-08-13,40033,GUINDY,10,15,11:27,11:27,0.0
2026-08-13,40033,ST THOMAS MOUNT,11,17,11:30,11:31,1.0
2026-08-13,40033,PALAVANTHANGAL,12,18,11:33,11:33,0.0
2026-08-13,40033,MINAMBAKKAM,13,20,11:36,11:36,0.0
2026-08-13,40033,TIRUSULAM,14,22,11:38,11:38,0.0
2026-08-13,40033,PALLAVARAM,15,23,11:41,11:42,1.0
2026-08-13,40033,CHROMEPET,16,25,11:44,11:44,0.0
2026-08-13,40033,TAMBARAM SANATORIUM,17,28,11:47,11:47,0.0
2026-08-13,40033,TAMBARAM,18,29,11:58,12:00,2.0
2026-08-13,40533,CHENNAI BEACH,1,0,,,0.0
2026-08-13,40533,CHENNAI FORT,2,2,12:06,12:06,0.0
2026-08-13,40533,CHENNAI PARK,3,3,12:09,12:10,1.0
2026-08-13,40533,CHENNAI EGMORE,4,4,12:12,12:14,2.0
2026-08-13,40533,CHENNAI CHETPAT,5,6,12:16,12:16,0.0
2026-08-13,40533,NUNGAMBAKKAM,6,8,12:19,12:19,0.0
2026-08-13,40533,KODAMBAKKAM,7,9,12:22,12:22,0.0
2026-08-13,40533,MAMBALAM,8,11,12:25,12:25,0.0
2026-08-13,40533,SAIDAPET,9,13,12:28,12:28,0.0
2026-08-13,40533,GUINDY,10,15,12:31,12:31,0.0
2026-08-13,40533,ST THOMAS MOUNT,11,17,12:34,12:35,1.0
2026-08-13,40533,PALAVANTHANGAL,12,18,12:37,12:37,0.0
2026-08-13,40533,MINAMBAKKAM,13,20,12:40,12:40,0.0
2026-08-13,40533,TIRUSULAM,14,22,12:42,12:42,0.0
2026-08-13,40533,PALLAVARAM,15,23,12:45,12:46,1.0
2026-08-13,40533,CHROMEPET,16,25,12:48,12:48,0.0
2026-08-13,40533,TAMBARAM SANATORIUM,17,28,12:51,12:51,0.0
2026-08-13,40533,TAMBARAM,18,29,13:01,13:01,0.0
2026-08-13,40533,PERUNGALATTUR,19,32,13:07,13:10,3.0
2026-08-13,40533,VANDALUR,20,34,13:10,13:15,5.0
2026-08-13,40533,URAPPAKKAM,21,37,13:14,13:17,3.0
2026-08-13,40533,GUDUVANCHERI,22,40,13:18,13:24,6.0
2026-08-13,40533,POTHERI HALT,23,44,13:22,13:28,6.0
2026-08-13,40533,KATTANGULATUR,24,46,13:26,13:33,7.0
2026-08-13,40533,MARAIMALAI NAGAR KAMARAJAR,25,47,13:28,13:33,5.0
2026-08-13,40533,SINGAPERUMAL KOIL,26,51,13:36,13:44,8.0
2026-08-13,40533,PARANUR,27,55,13:44,13:49,5.0
2026-08-13,40533,CHENGALPATTU JN.,28,60,14:00,14:00,0.0
2026-08-13,40901,CHENNAI BEACH,1,0,,,0.0
2026-08-13,40901,CHENNAI FORT,2,2,13:04,13:04,0.0
2026-08-13,40901,CHENNAI PARK,3,3,13:07,13:08,1.0
2026-08-13,40901,CHENNAI EGMORE,4,4,13:10,13:12,2.0
2026-08-13,40901,CHENNAI CHETPAT,5,6,13:14,13:14,0.0
2026-08-13,40901,NUNGAMBAKKAM,6,8,13:17,13:17,0.0
2026-08-13,40901,KODAMBAKKAM,7,9,13:20,13:20,0.0
2026-08-13,40901,MAMBALAM,8,11,13:23,13:23,0.0
2026-08-13,40901,SAIDAPET,9,13,13:26,13:26,0.0
2026-08-13,40901,GUINDY,10,15,13:29,13:29,0.0
2026-08-13,40901,ST THOMAS MOUNT,11,17,13:32,13:33,1.0
2026-08-13,40901,PALAVANTHANGAL,12,18,13:35,13:35,0.0
2026-08-13,40901,MINAMBAKKAM,13,20,13:38,13:38,0.0
2026-08-13,40901,TIRUSULAM,14,22,13:40,13:40,0.0
2026-08-13,40901,PALLAVARAM,15,23,13:43,13:44,1.0
2026-08-13,40901,CHROMEPET,16,25,13:46,13:46,0.0
2026-08-13,40901,TAMBARAM SANATORIUM,17,28,13:49,13:49,0.0
2026-08-13,40901,TAMBARAM,18,29,13:59,13:59,0.0
2026-08-13,40901,PERUNGALATTUR,19,32,14:05,14:05,0.0
2026-08-13,40901,VANDALUR,20,34,14:08,14:08,0.0
2026-08-13,40901,URAPPAKKAM,21,37,14:12,14:12,0.0
2026-08-13,40901,GUDUVANCHERI,22,40,14:16,14:16,0.0
2026-08-13,40901,POTHERI HALT,23,44,14:20,14:20,0.0
2026-08-13,40901,KATTANGULATUR,24,46,14:24,14:26,2.0
2026-08-13,40901,MARAIMALAI NAGAR KAMARAJAR,25,47,14:26,14:26,0.0
2026-08-13,40901,SINGAPERUMAL KOIL,26,51,14:34,14:37,3.0
2026-08-13,40901,PARANUR,27,55,14:42,14:42,0.0
2026-08-13,40901,CHENGALPATTU JN.,28,60,14:50,14:52,2.0
2026-08-13,40901,REDDIPALAYAM,29,64,15:06,15:06,0.0
2026-08-13,40901,VILLIYAMBAKKAM,30,68,15:11,15:11,0.0
2026-08-13,40901,PALUR,31,71,15:16,15:21,5.0
2026-08-13,40901,PALAYASIVARAM,32,75,15:21,15:38,17.0
2026-08-13,40901,WALAJABAD,33,81,15:26,15:43,17.0
2026-08-13,40901,NATHAPETTAI,34,89,15:34,15:51,17.0
2026-08-13,40901,KANCHIPURAM EAST,35,94,15:39,15:56,17.0
2026-08-13,40901,KANCHIPURAM,36,96,15:44,16:11,27.0
2026-08-13,40901,TIRUMALPUR,37,108,15:57,16:25,28.0
2026-08-13,40901,TAKKOLAM,38,116,16:07,16:32,25.0
2026-08-13,40901,ARAKKONAM JN.,39,128,16:30,16:35,5.0
2026-08-13,40051,CHENNAI BEACH,1,0,,,5.0
2026-08-13,40051,CHENNAI FORT,2,2,14:04,14:09,5.0
2026-08-13,40051,CHENNAI PARK,3,3,14:07,14:13,6.0
2026-08-13,40051,CHENNAI EGMORE,4,4,14:10,14:17,7.0
2026-08-13,40051,CHENNAI CHETPAT,5,6,14:14,14:18,4.0
2026-08-13,40051,NUNGAMBAKKAM,6,8,14:17,14:21,4.0
2026-08-13,40051,KODAMBAKKAM,7,9,14:20,14:25,5.0
2026-08-13,40051,MAMBALAM,8,11,14:23,14:27,4.0
2026-08-13,40051,SAIDAPET,9,13,14:26,14:30,4.0
2026-08-13,40051,GUINDY,10,15,14:29,14:33,4.0
2026-08-13,40051,ST THOMAS MOUNT,11,17,14:32,14:38,6.0
2026-08-13,40051,PALAVANTHANGAL,12,18,14:35,14:39,4.0
2026-08-13,40051,MINAMBAKKAM,13,20,14:38,14:42,4.0
2026-08-13,40051,TIRUSULAM,14,22,14:40,14:44,4.0
2026-08-13,40051,PALLAVARAM,15,23,14:43,14:49,6.0
2026-08-13,40051,CHROMEPET,16,25,14:46,14:52,6.0
2026-08-13,40051,TAMBARAM SANATORIUM,17,28,14:49,14:55,6.0
2026-08-13,40051,TAMBARAM,18,29,14:55,15:00,5.0
2026-08-13,40803,CHENNAI BEACH,1,0,,,0.0
2026-08-13,40803,CHENNAI FORT,2,2,15:04,15:04,0.0
2026-08-13,40803,CHENNAI PARK,3,3,15:07,15:08,1.0
2026-08-13,40803,CHENNAI EGMORE,4,4,15:10,15:12,2.0
2026-08-13,40803,CHENNAI CHETPAT,5,6,15:14,15:14,0.0
2026-08-13,40803,NUNGAMBAKKAM,6,8,15:17,15:17,0.0
2026-08-13,40803,KODAMBAKKAM,7,9,15:20,15:21,1.0
2026-08-13,40803,MAMBALAM,8,11,15:23,15:23,0.0
2026-08-13,40803,SAIDAPET,9,13,15:26,15:26,0.0
2026-08-13,40803,GUINDY,10,15,15:29,15:29,0.0
2026-08-13,40803,ST THOMAS MOUNT,11,17,15:32,15:34,2.0
2026-08-13,40803,PALAVANTHANGAL,12,18,15:35,15:35,0.0
2026-08-13,40803,MINAMBAKKAM,13,20,15:38,15:38,0.0
2026-08-13,40803,TIRUSULAM,14,22,15:40,15:40,0.0
2026-08-13,40803,PALLAVARAM,15,23,15:43,15:43,0.0
2026-08-13,40803,CHROMEPET,16,25,15:46,15:46,0.0
2026-08-13,40803,TAMBARAM SANATORIUM,17,28,15:49,15:49,0.0
2026-08-13,40803,TAMBARAM,18,29,15:59,15:59,0.0
2026-08-13,40803,PERUNGALATTUR,19,32,16:05,16:05,0.0
2026-08-13,40803,VANDALUR,20,34,16:08,16:09,1.0
2026-08-13,40803,URAPPAKKAM,21,37,16:12,16:12,0.0
2026-08-13,40803,GUDUVANCHERI,22,40,16:16,16:16,0.0
2026-08-13,40803,POTHERI HALT,23,44,16:20,16:20,0.0
2026-08-13,40803,KATTANGULATUR,24,46,16:24,16:25,1.0
2026-08-13,40803,MARAIMALAI NAGAR KAMARAJAR,25,47,16:26,16:26,0.0
2026-08-13,40803,SINGAPERUMAL KOIL,26,51,16:34,16:36,2.0
2026-08-13,40803,PARANUR,27,55,16:42,16:42,0.0
2026-08-13,40803,CHENGALPATTU JN.,28,60,16:50,16:53,3.0
2026-08-13,40803,REDDIPALAYAM,29,64,17:06,17:06,0.0
2026-08-13,40803,VILLIYAMBAKKAM,30,68,17:11,17:11,0.0
2026-08-13,40803,PALUR,31,71,17:16,17:19,3.0
2026-08-13,40803,PALAYASIVARAM,32,75,17:21,17:21,0.0
2026-08-13,40803,WALAJABAD,33,81,17:26,17:33,7.0
2026-08-13,40803,NATHAPETTAI,34,89,17:34,17:41,7.0
2026-08-13,40803,KANCHIPURAM EAST,35,94,17:39,17:46,7.0
2026-08-13,40803,KANCHIPURAM,36,96,17:44,17:53,9.0
2026-08-13,40803,TIRUMALPUR,37,108,18:20,18:20,0.0
2026-08-13,40547,CHENNAI BEACH,1,0,,,3.0
2026-08-13,40547,CHENNAI FORT,2,2,16:19,16:22,3.0
2026-08-13,40547,CHENNAI PARK,3,3,16:22,16:26,4.0
2026-08-13,40547,CHENNAI EGMORE,4,4,16:25,16:29,4.0
2026-08-13,40547,CHENNAI CHETPAT,5,6,16:29,16:32,3.0
2026-08-13,40547,NUNGAMBAKKAM,6,8,16:32,16:35,3.0
2026-08-13,40547,KODAMBAKKAM,7,9,16:35,16:38,3.0
2026-08-13,40547,MAMBALAM,8,11,16:38,16:38,0.0
2026-08-13,40547,SAIDAPET,9,13,16:41,16:41,0.0
2026-08-13,40547,GUINDY,10,15,16:44,16:44,0.0
2026-08-13,40547,ST THOMAS MOUNT,11,17,16:47,16:50,3.0
2026-08-13,40547,PALAVANTHANGAL,12,18,16:50,16:53,3.0
2026-08-13,40547,MINAMBAKKAM,13,20,16:53,16:56,3.0
2026-08-13,40547,TIRUSULAM,14,22,16:55,16:58,3.0
2026-08-13,40547,PALLAVARAM,15,23,16:58,17:01,3.0
2026-08-13,40547,CHROMEPET,16,25,17:01,17:04,3.0
2026-08-13,40547,TAMBARAM SANATORIUM,17,28,17:04,17:07,3.0
2026-08-13,40547,TAMBARAM,18,29,17:14,17:15,1.0
2026-08-13,40547,PERUNGALATTUR,19,32,17:20,17:25,5.0
2026-08-13,40547,VANDALUR,20,34,17:23,17:29,6.0
2026-08-13,40547,URAPPAKKAM,21,37,17:27,17:32,5.0
2026-08-13,40547,GUDUVANCHERI,22,40,17:31,17:36,5.0
2026-08-13,40547,POTHERI HALT,23,44,17:35,17:40,5.0
2026-08-13,40547,KATTANGULATUR,24,46,17:39,17:47,8.0
2026-08-13,40547,MARAIMALAI NAGAR KAMARAJAR,25,47,17:41,17:49,8.0
2026-08-13,40547,SINGAPERUMAL KOIL,26,51,17:49,17:55,6.0
2026-08-13,40547,PARANUR,27,55,17:57,18:00,3.0
2026-08-13,40547,CHENGALPATTU JN.,28,60,18:15,18:15,0.0
2026-08-13,42522,GUMMIDIPUNDI,1,0,,,0.0
2026-08-13,42522,KAVARAIPPETTAI,2,6,15:08,15:09,1.0
2026-08-13,42522,PONNERI,3,13,15:17,15:20,3.0
2026-08-13,42522,ANUPPAMBATTU,4,17,15:25,15:28,3.0
2026-08-13,42522,MINJUR,5,21,15:30,15:31,1.0
2026-08-13,42522,NANDIYAMPAKKAM,6,24,15:33,15:36,3.0
2026-08-13,42522,ATTIPPATTU,7,25,15:35,15:36,1.0
2026-08-13,42522,ATTIPATTU PUDU NAGAR.H,8,26,15:38,15:41,3.0
2026-08-13,42522,ENNORE,9,31,15:42,15:45,3.0
2026-08-13,42522,KATHIVAKKAM,10,32,15:44,15:47,3.0
2026-08-13,42522,WIMCO NAGAR,11,35,15:47,15:50,3.0
2026-08-13,42522,TIRUVOTTIYUR,12,38,15:54,16:00,6.0
2026-08-13,42522,VOC NAGAR,13,39,15:58,16:04,6.0
2026-08-13,42522,TONDIARPET,14,41,16:00,16:06,6.0
2026-08-13,42522,KORUKKUPET JN,15,42,16:02,16:12,10.0
2026-08-13,42522,WASHERMANPET,16,44,16:09,16:19,10.0
2026-08-13,42522,ROYAPURAM,17,46,16:12,16:22,10.0
2026-08-13,42522,CHENNAI BEACH,18,47,16:35,16:35,0.0
2026-08-13,42522,CHENNAI FORT,19,49,16:54,16:54,0.0
2026-08-13,42522,CHENNAI PARK,20,50,16:57,16:58,1.0
2026-08-13,42522,CHENNAI EGMORE,21,51,17:00,17:02,2.0
2026-08-13,42522,CHENNAI CHETPAT,22,53,17:04,17:04,0.0
2026-08-13,42522,NUNGAMBAKKAM,23,55,17:07,17:07,0.0
2026-08-13,42522,KODAMBAKKAM,24,56,17:10,17:11,1.0
2026-08-13,42522,MAMBALAM,25,58,17:13,17:13,0.0
2026-08-13,42522,SAIDAPET,26,59,17:16,17:16,0.0
2026-08-13,42522,GUINDY,27,62,17:19,17:19,0.0
2026-08-13,42522,ST THOMAS MOUNT,28,64,17:22,17:24,2.0
2026-08-13,42522,PALAVANTHANGAL,29,65,17:25,17:25,0.0
2026-08-13,42522,MINAMBAKKAM,30,67,17:28,17:28,0.0
2026-08-13,42522,TIRUSULAM,31,69,17:30,17:30,0.0
2026-08-13,42522,PALLAVARAM,32,70,17:33,17:36,3.0
2026-08-13,42522,CHROMEPET,33,72,17:36,17:39,3.0
2026-08-13,42522,TAMBARAM SANATORIUM,34,74,17:39,17:42,3.0
2026-08-13,42522,TAMBARAM,35,76,17:50,17:50,0.0
2026-08-13,40067,CHENNAI BEACH,1,0,,,0.0
2026-08-13,40067,CHENNAI FORT,2,2,17:49,17:49,0.0
2026-08-13,40067,CHENNAI PARK,3,3,17:52,17:54,2.0
2026-08-13,40067,CHENNAI EGMORE,4,4,17:55,17:58,3.0
2026-08-13,40067,CHENNAI CHETPAT,5,6,17:59,17:59,0.0
2026-08-13,40067,NUNGAMBAKKAM,6,8,18:02,18:02,0.0
2026-08-13,40067,KODAMBAKKAM,7,9,18:05,18:06,1.0
2026-08-13,40067,MAMBALAM,8,11,18:08,18:08,0.0
2026-08-13,40067,SAIDAPET,9,13,18:11,18:11,0.0
2026-08-13,40067,GUINDY,10,15,18:14,18:14,0.0
2026-08-13,40067,ST THOMAS MOUNT,11,17,18:17,18:19,2.0
2026-08-13,40067,PALAVANTHANGAL,12,18,18:20,18:20,0.0
2026-08-13,40067,MINAMBAKKAM,13,20,18:23,18:23,0.0
2026-08-13,40067,TIRUSULAM,14,22,18:25,18:25,0.0
2026-08-13,40067,PALLAVARAM,15,23,18:28,18:29,1.0
2026-08-13,40067,CHROMEPET,16,25,18:31,18:31,0.0
2026-08-13,40067,TAMBARAM SANATORIUM,17,28,18:34,18:34,0.0
2026-08-13,40067,TAMBARAM,18,29,18:40,18:44,4.0
2026-08-13,40903,CHENNAI BEACH,1,0,,,0.0
2026-08-13,40903,CHENNAI FORT,2,2,18:11,18:11,0.0
2026-08-13,40903,CHENNAI PARK,3,3,18:14,18:14,0.0
2026-08-13,40903,CHENNAI EGMORE,4,4,18:17,18:19,2.0
2026-08-13,40903,MAMBALAM,5,11,18:27,18:27,0.0
2026-08-13,40903,GUINDY,6,15,18:32,18:32,0.0
2026-08-13,40903,TAMBARAM,7,29,18:54,18:54,0.0
2026-08-13,40903,CHENGALPATTU JN.,8,60,19:27,19:32,5.0
2026-08-13,40903,PALUR,9,71,19:49,19:50,1.0
2026-08-13,40903,WALAJABAD,10,81,19:59,20:03,4.0
2026-08-13,40903,KANCHIPURAM EAST,11,94,20:11,20:15,4.0
2026-08-13,40903,KANCHIPURAM,12,96,20:14,20:22,8.0
2026-08-13,40903,TIRUMALPUR,13,108,20:29,20:38,9.0
2026-08-13,40903,TAKKOLAM,14,116,20:39,20:46,7.0
2026-08-13,40903,ARAKKONAM JN.,15,128,21:15,21:15,0.0
2026-08-13,49007,CHENNAI BEACH,1,0,,,0.0
2026-08-13,49007,CHENNAI FORT,2,2,18:21,18:21,0.0
2026-08-13,49007,CHENNAI PARK,3,3,18:24,18:32,8.0
2026-08-13,49007,CHENNAI EGMORE,4,4,18:27,18:35,8.0
2026-08-13,49007,MAMBALAM,5,11,18:37,18:42,5.0
2026-08-13,49007,GUINDY,6,15,18:42,18:47,5.0
2026-08-13,49007,ST THOMAS MOUNT,7,17,18:45,18:50,5.0
2026-08-13,49007,CHROMEPET,8,25,18:54,18:56,2.0
2026-08-13,49007,TAMBARAM,9,29,19:04,19:04,0.0
2026-08-13,49007,PERUNGALATTUR,10,32,19:10,19:10,0.0
2026-08-13,49007,URAPPAKKAM,11,37,19:16,19:16,0.0
2026-08-13,49007,GUDUVANCHERI,12,40,19:20,19:21,1.0
2026-08-13,49007,POTHERI HALT,13,44,19:24,19:24,0.0
2026-08-13,49007,SINGAPERUMAL KOIL,14,51,19:32,19:32,0.0
2026-08-13,49007,PARANUR,15,55,19:37,19:37,0.0
2026-08-13,49007,CHENGALPATTU JN.,16,60,19:50,19:51,1.0
2026-08-13,40703,CHENNAI BEACH,1,0,,,8.0
2026-08-13,40703,CHENNAI FORT,2,2,19:24,19:32,8.0
2026-08-13,40703,CHENNAI PARK,3,3,19:27,19:36,9.0
2026-08-13,40703,CHENNAI EGMORE,4,4,19:30,19:39,9.0
2026-08-13,40703,CHENNAI CHETPAT,5,6,19:34,19:41,7.0
2026-08-13,40703,NUNGAMBAKKAM,6,8,19:37,19:44,7.0
2026-08-13,40703,KODAMBAKKAM,7,9,19:40,19:48,8.0
2026-08-13,40703,MAMBALAM,8,11,19:43,19:48,5.0
2026-08-13,40703,SAIDAPET,9,13,19:46,19:51,5.0
2026-08-13,40703,GUINDY,10,15,19:49,19:54,5.0
2026-08-13,40703,ST THOMAS MOUNT,11,17,19:52,20:01,9.0
2026-08-13,40703,PALAVANTHANGAL,12,18,19:55,20:04,9.0
2026-08-13,40703,MINAMBAKKAM,13,20,19:58,20:07,9.0
2026-08-13,40703,TIRUSULAM,14,22,20:00,20:09,9.0
2026-08-13,40703,PALLAVARAM,15,23,20:03,20:11,8.0
2026-08-13,40703,CHROMEPET,16,25,20:06,20:14,8.0
2026-08-13,40703,TAMBARAM SANATORIUM,17,28,20:09,20:17,8.0
2026-08-13,40703,TAMBARAM,18,29,20:19,20:23,4.0
2026-08-13,40703,PERUNGALATTUR,19,32,20:25,20:39,14.0
2026-08-13,40703,VANDALUR,20,34,20:28,20:42,14.0
2026-08-13,40703,URAPPAKKAM,21,37,20:32,20:46,14.0
2026-08-13,40703,GUDUVANCHERI,22,40,20:36,20:50,14.0
2026-08-13,40703,POTHERI HALT,23,44,20:40,20:54,14.0
2026-08-13,40703,KATTANGULATUR,24,46,20:44,20:59,15.0
2026-08-13,40703,MARAIMALAI NAGAR KAMARAJAR,25,47,20:46,20:59,13.0
2026-08-13,40703,SINGAPERUMAL KOIL,26,51,20:54,21:09,15.0
2026-08-13,40703,PARANUR,27,55,21:02,21:14,12.0
2026-08-13,40703,CHENGALPATTU JN.,28,60,21:10,21:30,20.0
2026-08-13,40703,REDDIPALAYAM,29,64,21:26,21:47,21.0
2026-08-13,40703,VILLIYAMBAKKAM,30,68,21:31,21:52,21.0
2026-08-13,40703,PALUR,31,71,21:36,21:57,21.0
2026-08-13,40703,PALAYASIVARAM,32,75,21:41,22:01,20.0
2026-08-13,40703,WALAJABAD,33,81,21:46,22:02,16.0
2026-08-13,40703,NATHAPETTAI,34,89,21:54,22:10,16.0
2026-08-13,40703,KANCHIPURAM EAST,35,94,21:56,22:12,16.0
2026-08-13,40703,KANCHIPURAM,36,96,22:05,22:10,5.0
2026-08-13,40201,CHENNAI BEACH,1,0,,,7.0
2026-08-13,40201,CHENNAI FORT,2,2,19:34,19:41,7.0
2026-08-13,40201,CHENNAI PARK,3,3,19:37,19:44,7.0
2026-08-13,40201,CHENNAI EGMORE,4,4,19:40,19:48,8.0
2026-08-13,40201,CHENNAI CHETPAT,5,6,19:44,19:50,6.0
2026-08-13,40201,NUNGAMBAKKAM,6,8,19:47,19:53,6.0
2026-08-13,40201,KODAMBAKKAM,7,9,19:50,19:56,6.0
2026-08-13,40201,MAMBALAM,8,11,19:53,19:57,4.0
2026-08-13,40201,SAIDAPET,9,13,19:56,20:00,4.0
2026-08-13,40201,GUINDY,10,15,19:59,20:03,4.0
2026-08-13,40201,ST THOMAS MOUNT,11,17,20:02,20:08,6.0
2026-08-13,40201,PALAVANTHANGAL,12,18,20:05,20:09,4.0
2026-08-13,40201,MINAMBAKKAM,13,20,20:08,20:12,4.0
2026-08-13,40201,TIRUSULAM,14,22,20:10,20:14,4.0
2026-08-13,40201,PALLAVARAM,15,23,20:13,20:19,6.0
2026-08-13,40201,CHROMEPET,16,25,20:16,20:22,6.0
2026-08-13,40201,TAMBARAM SANATORIUM,17,28,20:19,20:25,6.0
2026-08-13,40201,TAMBARAM,18,29,20:29,20:30,1.0
2026-08-13,40201,PERUNGALATTUR,19,32,20:35,20:40,5.0
2026-08-13,40201,VANDALUR,20,34,20:38,20:47,9.0
2026-08-13,40201,URAPPAKKAM,21,37,20:42,20:51,9.0
2026-08-13,40201,GUDUVANCHERI,22,40,20:55,20:58,3.0
2026-08-13,40203,CHENNAI BEACH,1,0,,,0.0
2026-08-13,40203,CHENNAI FORT,2,2,20:04,20:04,0.0
2026-08-13,40203,CHENNAI PARK,3,3,20:07,20:08,1.0
2026-08-13,40203,CHENNAI EGMORE,4,4,20:10,20:12,2.0
2026-08-13,40203,CHENNAI CHETPAT,5,6,20:14,20:14,0.0
2026-08-13,40203,NUNGAMBAKKAM,6,8,20:17,20:17,0.0
2026-08-13,40203,KODAMBAKKAM,7,9,20:20,20:22,2.0
2026-08-13,40203,MAMBALAM,8,11,20:23,20:23,0.0
2026-08-13,40203,SAIDAPET,9,13,20:26,20:26,0.0
2026-08-13,40203,GUINDY,10,15,20:29,20:29,0.0
2026-08-13,40203,ST THOMAS MOUNT,11,17,20:32,20:34,2.0
2026-08-13,40203,PALAVANTHANGAL,12,18,20:35,20:35,0.0
2026-08-13,40203,MINAMBAKKAM,13,20,20:38,20:38,0.0
2026-08-13,40203,TIRUSULAM,14,22,20:40,20:40,0.0
2026-08-13,40203,PALLAVARAM,15,23,20:43,20:45,2.0
2026-08-13,40203,CHROMEPET,16,25,20:46,20:46,0.0
2026-08-13,40203,TAMBARAM SANATORIUM,17,28,20:49,20:49,0.0
2026-08-13,40203,TAMBARAM,18,29,20:59,20:59,0.0
2026-08-13,40203,PERUNGALATTUR,19,32,21:05,21:05,0.0
2026-08-13,40203,VANDALUR,20,34,21:08,21:08,0.0
2026-08-13,40203,URAPPAKKAM,21,37,21:12,21:12,0.0
2026-08-13,40203,GUDUVANCHERI,22,40,21:30,21:30,0.0
2026-08-13,40081,CHENNAI BEACH,1,0,,,0.0
2026-08-13,40081,CHENNAI FORT,2,2,21:04,21:04,0.0
2026-08-13,40081,CHENNAI PARK,3,3,21:07,21:09,2.0
2026-08-13,40081,CHENNAI EGMORE,4,4,21:10,21:13,3.0
2026-08-13,40081,CHENNAI CHETPAT,5,6,21:14,21:14,0.0
2026-08-13,40081,NUNGAMBAKKAM,6,8,21:17,21:17,0.0
2026-08-13,40081,KODAMBAKKAM,7,9,21:20,21:23,3.0
2026-08-13,40081,MAMBALAM,8,11,21:23,21:23,0.0
2026-08-13,40081,SAIDAPET,9,13,21:26,21:26,0.0
2026-08-13,40081,GUINDY,10,15,21:29,21:29,0.0
2026-08-13,40081,ST THOMAS MOUNT,11,17,21:32,21:35,3.0
2026-08-13,40081,PALAVANTHANGAL,12,18,21:35,21:38,3.0
2026-08-13,40081,MINAMBAKKAM,13,20,21:38,21:41,3.0
2026-08-13,40081,TIRUSULAM,14,22,21:40,21:43,3.0
2026-08-13,40081,PALLAVARAM,15,23,21:43,21:45,2.0
2026-08-13,40081,CHROMEPET,16,25,21:46,21:46,0.0
2026-08-13,40081,TAMBARAM SANATORIUM,17,28,21:49,21:49,0.0
2026-08-13,40081,TAMBARAM,18,29,22:00,22:02,2.0
2026-08-13,40569,CHENNAI BEACH,1,0,,,0.0
2026-08-13,40569,CHENNAI FORT,2,2,22:04,22:04,0.0
2026-08-13,40569,CHENNAI PARK,3,3,22:07,22:08,1.0
2026-08-13,40569,CHENNAI EGMORE,4,4,22:10,22:12,2.0
2026-08-13,40569,CHENNAI CHETPAT,5,6,22:14,22:14,0.0
2026-08-13,40569,NUNGAMBAKKAM,6,8,22:17,22:17,0.0
2026-08-13,40569,KODAMBAKKAM,7,9,22:20,22:23,3.0
2026-08-13,40569,MAMBALAM,8,11,22:23,22:23,0.0
2026-08-13,40569,SAIDAPET,9,13,22:26,22:26,0.0
2026-08-13,40569,GUINDY,10,15,22:29,22:29,0.0
2026-08-13,40569,ST THOMAS MOUNT,11,17,22:32,22:33,1.0
2026-08-13,40569,PALAVANTHANGAL,12,18,22:35,22:35,0.0
2026-08-13,40569,MINAMBAKKAM,13,20,22:38,22:38,0.0
2026-08-13,40569,TIRUSULAM,14,22,22:40,22:40,0.0
2026-08-13,40569,PALLAVARAM,15,23,22:43,22:44,1.0
2026-08-13,40569,CHROMEPET,16,25,22:46,22:46,0.0
2026-08-13,40569,TAMBARAM SANATORIUM,17,28,22:49,22:49,0.0
2026-08-13,40569,TAMBARAM,18,29,22:59,22:59,0.0
2026-08-13,40569,PERUNGALATTUR,19,32,23:05,23:05,0.0
2026-08-13,40569,VANDALUR,20,34,23:08,23:08,0.0
2026-08-13,40569,URAPPAKKAM,21,37,23:12,23:12,0.0
2026-08-13,40569,GUDUVANCHERI,22,40,23:16,23:18,2.0
2026-08-13,40569,POTHERI HALT,23,44,23:20,23:20,0.0
2026-08-13,40569,KATTANGULATUR,24,46,23:24,23:24,0.0
2026-08-13,40569,MARAIMALAI NAGAR KAMARAJAR,25,47,23:26,23:26,0.0
2026-08-13,40569,SINGAPERUMAL KOIL,26,51,23:34,23:34,0.0
2026-08-13,40569,PARANUR,27,55,23:42,23:42,0.0
2026-08-13,40569,CHENGALPATTU JN.,28,60,00:05,00:05,0.0
2026-08-13,40085,CHENNAI BEACH,1,0,,,0.0
2026-08-13,40085,CHENNAI FORT,2,2,23:04,23:04,0.0
2026-08-13,40085,CHENNAI PARK,3,3,23:07,23:09,2.0
2026-08-13,40085,CHENNAI EGMORE,4,4,23:10,23:12,2.0
2026-08-13,40085,CHENNAI CHETPAT,5,6,23:14,23:14,0.0
2026-08-13,40085,NUNGAMBAKKAM,6,8,23:17,23:17,0.0
2026-08-13,40085,KODAMBAKKAM,7,9,23:20,23:20,0.0
2026-08-13,40085,MAMBALAM,8,11,23:23,23:23,0.0
2026-08-13,40085,SAIDAPET,9,13,23:26,23:26,0.0
2026-08-13,40085,GUINDY,10,15,23:29,23:29,0.0
2026-08-13,40085,ST THOMAS MOUNT,11,17,23:32,23:32,0.0
2026-08-13,40085,PALAVANTHANGAL,12,18,23:35,23:35,0.0
2026-08-13,40085,MINAMBAKKAM,13,20,23:38,23:38,0.0
2026-08-13,40085,TIRUSULAM,14,22,23:40,23:40,0.0
2026-08-13,40085,PALLAVARAM,15,23,23:43,23:43,0.0
2026-08-13,40085,CHROMEPET,16,25,23:46,23:46,0.0
2026-08-13,40085,TAMBARAM SANATORIUM,17,28,23:49,23:49,0.0
2026-08-13,40085,TAMBARAM,18,29,00:00,00:00,0.0
2026-08-14,40003,CHENNAI BEACH,1,0,,,0.0
2026-08-14,40003,CHENNAI FORT,2,2,07:14,07:14,0.0
2026-08-14,40003,CHENNAI PARK,3,3,07:17,07:18,1.0
2026-08-14,40003,CHENNAI EGMORE,4,4,07:20,07:22,2.0
2026-08-14,40003,CHENNAI CHETPAT,5,6,07:24,07:24,0.0
2026-08-14,40003,NUNGAMBAKKAM,6,8,07:27,07:27,0.0
2026-08-14,40003,KODAMBAKKAM,7,9,07:30,07:30,0.0
2026-08-14,40003,MAMBALAM,8,11,07:33,07:33,0.0
2026-08-14,40003,SAIDAPET,9,13,07:36,07:36,0.0
2026-08-14,40003,GUINDY,10,15,07:39,07:39,0.0
2026-08-14,40003,ST THOMAS MOUNT,11,17,07:42,07:42,0.0
2026-08-14,40003,PALAVANTHANGAL,12,18,07:45,07:45,0.0
2026-08-14,40003,MINAMBAKKAM,13,20,07:48,07:48,0.0
2026-08-14,40003,TIRUSULAM,14,22,07:50,07:50,0.0
2026-08-14,40003,PALLAVARAM,15,23,07:53,07:54,1.0
2026-08-14,40003,CHROMEPET,16,25,07:56,07:56,0.0
2026-08-14,40003,TAMBARAM SANATORIUM,17,28,07:59,07:59,0.0
2026-08-14,40003,TAMBARAM,18,29,08:10,08:10,0.0
2026-08-14,40045,CHENNAI BEACH,1,0,,,0.0
2026-08-14,40045,CHENNAI FORT,2,2,12:49,12:49,0.0
2026-08-14,40045,CHENNAI PARK,3,3,12:52,12:52,0.0
2026-08-14,40045,CHENNAI EGMORE,4,4,12:55,12:55,0.0
2026-08-14,40045,CHENNAI CHETPAT,5,6,12:59,12:59,0.0
2026-08-14,40045,NUNGAMBAKKAM,6,8,13:02,13:02,0.0
2026-08-14,40045,KODAMBAKKAM,7,9,13:05,13:06,1.0
2026-08-14,40045,MAMBALAM,8,11,13:08,13:08,0.0
2026-08-14,40045,SAIDAPET,9,13,13:11,13:11,0.0
2026-08-14,40045,GUINDY,10,15,13:14,13:14,0.0
2026-08-14,40045,ST THOMAS MOUNT,11,17,13:17,13:17,0.0
2026-08-14,40045,PALAVANTHANGAL,12,18,13:20,13:20,0.0
2026-08-14,40045,MINAMBAKKAM,13,20,13:23,13:23,0.0
2026-08-14,40045,TIRUSULAM,14,22,13:25,13:25,0.0
2026-08-14,40045,PALLAVARAM,15,23,13:28,13:29,1.0
2026-08-14,40045,CHROMEPET,16,25,13:31,13:31,0.0
2026-08-14,40045,TAMBARAM SANATORIUM,17,28,13:34,13:34,0.0
2026-08-14,40045,TAMBARAM,18,29,13:45,13:45,0.0
2026-08-14,40046,TAMBARAM,1,0,,,0.0
2026-08-14,40046,TAMBARAM SANATORIUM,2,1,12:24,12:24,0.0
2026-08-14,40046,CHROMEPET,3,4,12:27,12:27,0.0
2026-08-14,40046,PALLAVARAM,4,6,12:30,12:33,3.0
2026-08-14,40046,TIRUSULAM,5,8,12:33,12:36,3.0
2026-08-14,40046,MINAMBAKKAM,6,9,12:35,12:38,3.0
2026-08-14,40046,PALAVANTHANGAL,7,10,12:38,12:41,3.0
2026-08-14,40046,ST THOMAS MOUNT,8,12,12:41,12:44,3.0
2026-08-14,40046,GUINDY,9,14,12:44,12:47,3.0
2026-08-14,40046,SAIDAPET,10,16,12:47,12:50,3.0
2026-08-14,40046,MAMBALAM,11,18,12:50,12:53,3.0
2026-08-14,40046,KODAMBAKKAM,12,19,12:53,12:55,2.0
2026-08-14,40046,NUNGAMBAKKAM,13,21,12:56,12:56,0.0
2026-08-14,40046,CHENNAI CHETPAT,14,23,12:59,12:59,0.0
2026-08-14,40046,CHENNAI EGMORE,15,25,13:02,13:06,4.0
2026-08-14,40046,CHENNAI PARK,16,26,13:05,13:09,4.0
2026-08-14,40046,CHENNAI FORT,17,27,13:08,13:12,4.0
2026-08-14,40046,CHENNAI BEACH,18,29,13:20,13:20,0.0
2026-08-14,49003,CHENNAI BEACH,1,0,,,4.0
2026-08-14,49003,CHENNAI FORT,2,2,09:47,09:51,4.0
2026-08-14,49003,CHENNAI PARK,3,3,09:50,09:54,4.0
2026-08-14,49003,CHENNAI EGMORE,4,4,09:53,09:57,4.0
2026-08-14,49003,CHENNAI CHETPAT,5,6,09:57,10:00,3.0
2026-08-14,49003,NUNGAMBAKKAM,6,8,10:00,10:03,3.0
2026-08-14,49003,KODAMBAKKAM,7,9,10:03,10:07,4.0
2026-08-14,49003,MAMBALAM,8,11,10:06,10:09,3.0
2026-08-14,49003,SAIDAPET,9,13,10:09,10:12,3.0
2026-08-14,49003,GUINDY,10,15,10:12,10:15,3.0
2026-08-14,49003,ST THOMAS MOUNT,11,17,10:15,10:18,3.0
2026-08-14,49003,PALAVANTHANGAL,12,18,10:18,10:21,3.0
2026-08-14,49003,MINAMBAKKAM,13,20,10:21,10:24,3.0
2026-08-14,49003,TIRUSULAM,14,22,10:23,10:26,3.0
2026-08-14,49003,PALLAVARAM,15,23,10:26,10:29,3.0
2026-08-14,49003,CHROMEPET,16,25,10:29,10:32,3.0
2026-08-14,49003,TAMBARAM SANATORIUM,17,28,10:32,10:35,3.0
2026-08-14,49003,TAMBARAM,18,29,10:43,10:48,5.0
2026-08-14,49004,TAMBARAM,1,0,,,0.0
2026-08-14,49004,TAMBARAM SANATORIUM,2,1,14:29,14:29,0.0
2026-08-14,49004,CHROMEPET,3,4,14:32,14:32,0.0
2026-08-14,49004,PALLAVARAM,4,6,14:35,14:38,3.0
2026-08-14,49004,TIRUSULAM,5,8,14:38,14:41,3.0
2026-08-14,49004,MINAMBAKKAM,6,9,14:40,14:43,3.0
2026-08-14,49004,PALAVANTHANGAL,7,10,14:43,14:46,3.0
2026-08-14,49004,ST THOMAS MOUNT,8,12,14:46,14:50,4.0
2026-08-14,49004,GUINDY,9,14,14:49,14:52,3.0
2026-08-14,49004,SAIDAPET,10,16,14:52,14:55,3.0
2026-08-14,49004,MAMBALAM,11,18,14:55,14:58,3.0
2026-08-14,49004,KODAMBAKKAM,12,19,14:58,15:01,3.0
2026-08-14,49004,NUNGAMBAKKAM,13,21,15:01,15:01,0.0
2026-08-14,49004,CHENNAI CHETPAT,14,23,15:04,15:04,0.0
2026-08-14,49004,CHENNAI EGMORE,15,25,15:07,15:12,5.0
2026-08-14,49004,CHENNAI PARK,16,26,15:10,15:15,5.0
2026-08-14,49004,CHENNAI FORT,17,27,15:13,15:18,5.0
2026-08-14,49004,CHENNAI BEACH,18,29,15:25,15:30,5.0
2026-08-14,40501,CHENNAI BEACH,1,0,,,0.0
2026-08-14,40501,CHENNAI FORT,2,2,03:54,03:54,0.0
2026-08-14,40501,CHENNAI PARK,3,3,03:57,03:58,1.0
2026-08-14,40501,CHENNAI EGMORE,4,4,04:00,04:02,2.0
2026-08-14,40501,CHENNAI CHETPAT,5,6,04:04,04:04,0.0
2026-08-14,40501,NUNGAMBAKKAM,6,8,04:07,04:07,0.0
2026-08-14,40501,KODAMBAKKAM,7,9,04:10,04:13,3.0
2026-08-14,40501,MAMBALAM,8,11,04:13,04:13,0.0
2026-08-14,40501,SAIDAPET,9,13,04:16,04:16,0.0
2026-08-14,40501,GUINDY,10,15,04:19,04:19,0.0
2026-08-14,40501,ST THOMAS MOUNT,11,17,04:22,04:23,1.0
2026-08-14,40501,PALAVANTHANGAL,12,18,04:25,04:25,0.0
2026-08-14,40501,MINAMBAKKAM,13,20,04:28,04:28,0.0
2026-08-14,40501,TIRUSULAM,14,22,04:30,04:30,0.0
2026-08-14,40501,PALLAVARAM,15,23,04:33,04:35,2.0
2026-08-14,40501,CHROMEPET,16,25,04:36,04:36,0.0
2026-08-14,40501,TAMBARAM SANATORIUM,17,28,04:39,04:39,0.0
2026-08-14,40501,TAMBARAM,18,29,04:49,04:49,0.0
2026-08-14,40501,PERUNGALATTUR,19,32,04:56,04:56,0.0
2026-08-14,40501,VANDALUR,20,34,04:59,04:59,0.0
2026-08-14,40501,URAPPAKKAM,21,37,05:03,05:03,0.0
2026-08-14,40501,GUDUVANCHERI,22,40,05:07,05:08,1.0
2026-08-14,40501,POTHERI HALT,23,44,05:11,05:11,0.0
2026-08-14,40501,KATTANGULATUR,24,46,05:15,05:17,2.0
2026-08-14,40501,MARAIMALAI NAGAR KAMARAJAR,25,47,05:17,05:17,0.0
2026-08-14,40501,SINGAPERUMAL KOIL,26,51,05:22,05:24,2.0
2026-08-14,40501,PARANUR,27,55,05:27,05:27,0.0
2026-08-14,40501,CHENGALPATTU JN.,28,60,05:40,05:40,0.0
2026-08-14,40701,CHENNAI BEACH,1,0,,,2.0
2026-08-14,40701,CHENNAI FORT,2,2,05:14,05:14,0.0
2026-08-14,40701,CHENNAI PARK,3,3,05:17,05:21,4.0
2026-08-14,40701,CHENNAI EGMORE,4,4,05:20,05:25,5.0
2026-08-14,40701,CHENNAI CHETPAT,5,6,05:24,05:27,3.0
2026-08-14,40701,NUNGAMBAKKAM,6,8,05:27,05:30,3.0
2026-08-14,40701,KODAMBAKKAM,7,9,05:30,05:36,6.0
2026-08-14,40701,MAMBALAM,8,11,05:33,05:38,5.0
2026-08-14,40701,SAIDAPET,9,13,05:36,05:41,5.0
2026-08-14,40701,GUINDY,10,15,05:39,05:44,5.0
2026-08-14,40701,ST THOMAS MOUNT,11,17,05:42,05:48,6.0
2026-08-14,40701,PALAVANTHANGAL,12,18,05:45,05:50,5.0
2026-08-14,40701,MINAMBAKKAM,13,20,05:48,05:53,5.0
2026-08-14,40701,TIRUSULAM,14,22,05:50,05:55,5.0
2026-08-14,40701,PALLAVARAM,15,23,05:53,05:58,5.0
2026-08-14,40701,CHROMEPET,16,25,05:56,06:00,4.0
2026-08-14,40701,TAMBARAM SANATORIUM,17,28,05:59,06:03,4.0
2026-08-14,40701,TAMBARAM,18,29,06:09,06:09,0.0
2026-08-14,40701,PERUNGALATTUR,19,32,06:16,06:35,19.0
2026-08-14,40701,VANDALUR,20,34,06:19,06:40,21.0
2026-08-14,40701,URAPPAKKAM,21,37,06:23,06:42,19.0
2026-08-14,40701,GUDUVANCHERI,22,40,06:27,06:49,22.0
2026-08-14,40701,POTHERI HALT,23,44,06:31,06:53,22.0
2026-08-14,40701,KATTANGULATUR,24,46,06:35,06:56,21.0
2026-08-14,40701,MARAIMALAI NAGAR KAMARAJAR,25,47,06:37,06:58,21.0
2026-08-14,40701,SINGAPERUMAL KOIL,26,51,06:42,07:04,22.0
2026-08-14,40701,PARANUR,27,55,06:47,07:08,21.0
2026-08-14,40701,CHENGALPATTU JN.,28,60,07:19,07:19,0.0
2026-08-14,40701,PALUR,29,71,07:31,07:50,19.0
2026-08-14,40701,WALAJABAD,30,81,07:41,07:57,16.0
2026-08-14,40701,KANCHIPURAM EAST,31,94,07:54,08:10,16.0
2026-08-14,40701,KANCHIPURAM,32,96,08:15,08:18,3.0
2026-08-14,40801,CHENNAI BEACH,1,0,,,0.0
2026-08-14,40801,CHENNAI FORT,2,2,07:24,07:24,0.0
2026-08-14,40801,CHENNAI PARK,3,3,07:27,07:28,1.0
2026-08-14,40801,CHENNAI EGMORE,4,4,07:30,07:32,2.0
2026-08-14,40801,CHENNAI CHETPAT,5,6,07:34,07:34,0.0
2026-08-14,40801,NUNGAMBAKKAM,6,8,07:37,07:37,0.0
2026-08-14,40801,KODAMBAKKAM,7,9,07:40,07:43,3.0
2026-08-14,40801,MAMBALAM,8,11,07:43,07:43,0.0
2026-08-14,40801,SAIDAPET,9,13,07:46,07:46,0.0
2026-08-14,40801,GUINDY,10,15,07:49,07:49,0.0
2026-08-14,40801,ST THOMAS MOUNT,11,17,07:52,07:54,2.0
2026-08-14,40801,PALAVANTHANGAL,12,18,07:55,07:55,0.0
2026-08-14,40801,MINAMBAKKAM,13,20,07:58,07:58,0.0
2026-08-14,40801,TIRUSULAM,14,22,08:00,08:00,0.0
2026-08-14,40801,PALLAVARAM,15,23,08:03,08:05,2.0
2026-08-14,40801,CHROMEPET,16,25,08:06,08:06,0.0
2026-08-14,40801,TAMBARAM SANATORIUM,17,28,08:09,08:09,0.0
2026-08-14,40801,TAMBARAM,18,29,08:19,08:21,2.0
2026-08-14,40801,PERUNGALATTUR,19,32,08:25,08:30,5.0
2026-08-14,40801,VANDALUR,20,34,08:28,08:33,5.0
2026-08-14,40801,URAPPAKKAM,21,37,08:32,08:37,5.0
2026-08-14,40801,GUDUVANCHERI,22,40,08:36,08:41,5.0
2026-08-14,40801,POTHERI HALT,23,44,08:40,08:45,5.0
2026-08-14,40801,KATTANGULATUR,24,46,08:44,08:53,9.0
2026-08-14,40801,MARAIMALAI NAGAR KAMARAJAR,25,47,08:46,08:55,9.0
2026-08-14,40801,SINGAPERUMAL KOIL,26,51,08:54,09:03,9.0
2026-08-14,40801,PARANUR,27,55,09:02,09:08,6.0
2026-08-14,40801,CHENGALPATTU JN.,28,60,09:10,09:21,11.0
2026-08-14,40801,REDDIPALAYAM,29,64,09:26,09:35,9.0
2026-08-14,40801,VILLIYAMBAKKAM,30,68,09:31,09:40,9.0
2026-08-14,40801,PALUR,31,71,09:36,09:49,13.0
2026-08-14,40801,PALAYASIVARAM,32,75,09:41,10:19,38.0
2026-08-14,40801,WALAJABAD,33,81,09:46,10:32,46.0
2026-08-14,40801,NATHAPETTAI,34,89,09:54,10:40,46.0
2026-08-14,40801,KANCHIPURAM EAST,35,94,09:59,10:45,46.0
2026-08-14,40801,KANCHIPURAM,36,96,10:04,10:47,43.0
2026-08-14,40801,TIRUMALPUR,37,108,10:50,10:55,5.0
2026-08-14,42502,GUMMIDIPUNDI,1,0,,,4.0
2026-08-14,42502,KAVARAIPPETTAI,2,6,06:08,06:15,7.0
2026-08-14,42502,PONNERI,3,13,06:17,06:24,7.0
2026-08-14,42502,ANUPPAMBATTU,4,17,06:23,06:30,7.0
2026-08-14,42502,MINJUR,5,21,06:28,06:37,9.0
2026-08-14,42502,NANDIYAMPAKKAM,6,24,06:31,06:38,7.0
2026-08-14,42502,ATTIPPATTU,7,25,06:33,06:44,11.0
2026-08-14,42502,ATTIPATTU PUDU NAGAR.H,8,26,06:36,06:46,10.0
2026-08-14,42502,ENNORE,9,31,06:44,06:52,8.0
2026-08-14,42502,KATHIVAKKAM,10,32,06:46,06:55,9.0
2026-08-14,42502,WIMCO NAGAR,11,35,06:49,06:58,9.0
2026-08-14,42502,TIRUVOTTIYUR,12,38,06:56,07:09,13.0
2026-08-14,42502,VOC NAGAR,13,39,07:00,07:11,11.0
2026-08-14,42502,TONDIARPET,14,41,07:02,07:18,16.0
2026-08-14,42502,KORUKKUPET JN,15,42,07:04,07:23,19.0
2026-08-14,42502,WASHERMANPET,16,44,07:14,07:30,16.0
2026-08-14,42502,ROYAPURAM,17,46,07:19,07:33,14.0
2026-08-14,42502,CHENNAI BEACH,18,47,07:40,07:45,5.0
2026-08-14,42502,CHENNAI FORT,19,49,07:54,07:54,0.0
2026-08-14,42502,CHENNAI PARK,20,50,07:57,07:57,0.0
2026-08-14,42502,CHENNAI EGMORE,21,51,08:00,08:00,0.0
2026-08-14,42502,CHENNAI CHETPAT,22,53,08:04,08:04,0.0
2026-08-14,42502,NUNGAMBAKKAM,23,55,08:07,08:07,0.0
2026-08-14,42502,KODAMBAKKAM,24,56,08:10,08:10,0.0
2026-08-14,42502,MAMBALAM,25,58,08:13,08:13,0.0
2026-08-14,42502,SAIDAPET,26,59,08:16,08:16,0.0
2026-08-14,42502,GUINDY,27,62,08:19,08:19,0.0
2026-08-14,42502,ST THOMAS MOUNT,28,64,08:22,08:22,0.0
2026-08-14,42502,PALAVANTHANGAL,29,65,08:25,08:25,0.0
2026-08-14,42502,MINAMBAKKAM,30,67,08:28,08:28,0.0
2026-08-14,42502,TIRUSULAM,31,69,08:30,08:30,0.0
2026-08-14,42502,PALLAVARAM,32,70,08:33,08:33,0.0
2026-08-14,42502,CHROMEPET,33,72,08:36,08:36,0.0
2026-08-14,42502,TAMBARAM SANATORIUM,34,74,08:39,08:39,0.0
2026-08-14,42502,TAMBARAM,35,76,08:49,08:50,1.0
2026-08-14,42502,PERUNGALATTUR,36,79,08:55,08:55,0.0
2026-08-14,42502,VANDALUR,37,81,08:58,09:00,2.0
2026-08-14,42502,URAPPAKKAM,38,84,09:02,09:02,0.0
2026-08-14,42502,GUDUVANCHERI,39,87,09:06,09:07,1.0
2026-08-14,42502,POTHERI HALT,40,90,09:10,09:10,0.0
2026-08-14,42502,KATTANGULATUR,41,92,09:14,09:16,2.0
2026-08-14,42502,MARAIMALAI NAGAR KAMARAJAR,42,94,09:16,09:16,0.0
2026-08-14,42502,SINGAPERUMAL KOIL,43,98,09:24,09:26,2.0
2026-08-14,42502,PARANUR,44,102,09:32,09:32,0.0
2026-08-14,42502,CHENGALPATTU JN.,45,106,09:40,09:44,4.0
2026-08-14,40009,CHENNAI BEACH,1,0,,,0.0
2026-08-14,40009,CHENNAI FORT,2,2,08:14,08:14,0.0
2026-08-14,40009,CHENNAI PARK,3,3,08:17,08:17,0.0
2026-08-14,40009,CHENNAI EGMORE,4,4,08:20,08:20,0.0
2026-08-14,40009,CHENNAI CHETPAT,5,6,08:24,08:24,0.0
2026-08-14,40009,NUNGAMBAKKAM,6,8,08:27,08:27,0.0
2026-08-14,40009,KODAMBAKKAM,7,9,08:30,08:31,1.0
2026-08-14,40009,MAMBALAM,8,11,08:33,08:33,0.0
2026-08-14,40009,SAIDAPET,9,13,08:36,08:36,0.0
2026-08-14,40009,GUINDY,10,15,08:39,08:39,0.0
2026-08-14,40009,ST THOMAS MOUNT,11,17,08:42,08:42,0.0
2026-08-14,40009,PALAVANTHANGAL,12,18,08:45,08:45,0.0
2026-08-14,40009,MINAMBAKKAM,13,20,08:48,08:48,0.0
2026-08-14,40009,TIRUSULAM,14,22,08:50,08:50,0.0
2026-08-14,40009,PALLAVARAM,15,23,08:53,08:53,0.0
2026-08-14,40009,CHROMEPET,16,25,08:56,08:56,0.0
2026-08-14,40009,TAMBARAM SANATORIUM,17,28,08:59,08:59,0.0
2026-08-14,40009,TAMBARAM,18,29,09:10,09:10,0.0
2026-08-14,66034,TIRUVANNAMALAI,1,0,,,0.0
2026-08-14,66034,POLUR,2,31,04:57,04:57,0.0
2026-08-14,66034,MADIMANGALAM,3,43,05:05,05:05,0.0
2026-08-14,66034,ARNI ROAD,4,48,05:11,05:13,2.0
2026-08-14,66034,SEDARAMPATTU,5,53,05:17,05:17,0.0
2026-08-14,66034,ONNUPURAM,6,57,05:22,05:22,0.0
2026-08-14,66034,KANNAMANGALAM,7,62,05:29,05:30,1.0
2026-08-14,66034,PENNATHUR H,8,74,05:49,05:49,0.0
2026-08-14,66034,VELLORE CANTONMENT,9,83,06:05,06:05,0.0
2026-08-14,66034,KATPADI JN,10,92,06:18,06:21,3.0
2026-08-14,66034,TIRUVALAM,11,104,06:34,07:02,28.0
2026-08-14,66034,MUKUNDARAYAPURM,12,109,06:39,07:10,31.0
2026-08-14,66034,WALAJAH ROAD,13,117,06:49,07:20,31.0
2026-08-14,66034,THALANGAI,14,127,07:00,07:30,30.0
2026-08-14,66034,SHOLINGHUR,15,132,07:14,07:36,22.0
2026-08-14,66034,ANAVARDIKHANPETTAI,16,141,07:25,07:25,0.0
2026-08-14,66034,CHITTERI,17,145,07:35,07:52,17.0
2026-08-14,66034,ARAKKONAM JN.,18,153,07:58,08:05,7.0
2026-08-14,66034,PULIYAMANGALAM,19,155,08:04,08:14,10.0
2026-08-14,66034,MOSUR,20,158,08:07,08:17,10.0
2026-08-14,66034,TIRUVALANGADU,21,163,08:12,08:27,15.0
2026-08-14,66034,MANAVUR,22,168,08:17,08:32,15.0
2026-08-14,66034,SENJI PANAMBAKKAM,23,171,08:21,08:36,15.0
2026-08-14,66034,KADAMBATTUR,24,174,08:25,08:43,18.0
2026-08-14,66034,EGATTUR,25,178,08:29,08:47,18.0
2026-08-14,66034,TIRUVALLUR,26,180,08:34,08:53,19.0
2026-08-14,66034,SEVVAPET ROAD,27,186,08:40,09:01,21.0
2026-08-14,66034,VEPPAMPATTU,28,189,08:43,09:04,21.0
2026-08-14,66034,TIRUNINRAVUR,29,193,08:49,09:16,27.0
2026-08-14,66034,VILLIVAKKAM,30,212,09:09,09:25,16.0
2026-08-14,66034,PERAMBUR,31,216,09:17,09:30,13.0
2026-08-14,66034,WASHERMANPET,32,221,09:25,10:00,35.0
2026-08-14,66034,ROYAPURAM,33,222,09:29,10:04,35.0
2026-08-14,66034,CHENNAI BEACH,34,224,09:39,10:15,36.0
2026-08-14,66034,CHENNAI FORT,35,225,10:04,10:22,18.0
2026-08-14,66034,CHENNAI PARK,36,226,10:07,10:25,18.0
2026-08-14,66034,CHENNAI EGMORE,37,228,10:10,10:28,18.0
2026-08-14,66034,CHENNAI CHETPAT,38,230,10:14,10:32,18.0
2026-08-14,66034,NUNGAMBAKKAM,39,232,10:17,10:35,18.0
2026-08-14,66034,KODAMBAKKAM,40,233,10:20,10:38,18.0
2026-08-14,66034,MAMBALAM,41,235,10:23,10:41,18.0
2026-08-14,66034,SAIDAPET,42,236,10:26,10:44,18.0
2026-08-14,66034,GUINDY,43,239,10:29,10:47,18.0
2026-08-14,66034,ST THOMAS MOUNT,44,241,10:32,10:50,18.0
2026-08-14,66034,PALAVANTHANGAL,45,242,10:35,10:53,18.0
2026-08-14,66034,MINAMBAKKAM,46,244,10:38,10:56,18.0
2026-08-14,66034,TIRUSULAM,47,245,10:40,10:58,18.0
2026-08-14,66034,PALLAVARAM,48,247,10:43,11:00,17.0
2026-08-14,66034,CHROMEPET,49,249,10:46,11:02,16.0
2026-08-14,66034,TAMBARAM SANATORIUM,50,251,10:49,11:04,15.0
2026-08-14,66034,TAMBARAM,51,253,11:10,11:10,0.0
2026-08-14,40527,CHENNAI BEACH,1,0,,,6.0
2026-08-14,40527,CHENNAI FORT,2,2,10:17,10:23,6.0
2026-08-14,40527,CHENNAI PARK,3,3,10:20,10:26,6.0
2026-08-14,40527,CHENNAI EGMORE,4,4,10:23,10:29,6.0
2026-08-14,40527,CHENNAI CHETPAT,5,6,10:27,10:32,5.0
2026-08-14,40527,NUNGAMBAKKAM,6,8,10:30,10:35,5.0
2026-08-14,40527,KODAMBAKKAM,7,9,10:33,10:40,7.0
2026-08-14,40527,MAMBALAM,8,11,10:36,10:42,6.0
2026-08-14,40527,SAIDAPET,9,13,10:39,10:45,6.0
2026-08-14,40527,GUINDY,10,15,10:42,10:48,6.0
2026-08-14,40527,ST THOMAS MOUNT,11,17,10:45,10:51,6.0
2026-08-14,40527,PALAVANTHANGAL,12,18,10:48,10:54,6.0
2026-08-14,40527,MINAMBAKKAM,13,20,10:51,10:57,6.0
2026-08-14,40527,TIRUSULAM,14,22,10:53,10:59,6.0
2026-08-14,40527,PALLAVARAM,15,23,10:56,11:02,6.0
2026-08-14,40527,CHROMEPET,16,25,10:59,11:04,5.0
2026-08-14,40527,TAMBARAM SANATORIUM,17,28,11:02,11:07,5.0
2026-08-14,40527,TAMBARAM,18,29,11:12,11:15,3.0
2026-08-14,40527,PERUNGALATTUR,19,32,11:19,11:22,3.0
2026-08-14,40527,VANDALUR,20,34,11:22,11:26,4.0
2026-08-14,40527,URAPPAKKAM,21,37,11:26,11:29,3.0
2026-08-14,40527,GUDUVANCHERI,22,40,11:30,11:35,5.0
2026-08-14,40527,POTHERI HALT,23,44,11:34,11:37,3.0
2026-08-14,40527,KATTANGULATUR,24,46,11:38,11:42,4.0
2026-08-14,40527,MARAIMALAI NAGAR KAMARAJAR,25,47,11:40,11:44,4.0
2026-08-14,40527,SINGAPERUMAL KOIL,26,51,11:45,11:49,4.0
2026-08-14,40527,PARANUR,27,55,11:50,11:54,4.0
2026-08-14,40527,CHENGALPATTU JN.,28,60,12:05,12:05,0.0
2026-08-14,40033,CHENNAI BEACH,1,0,,,0.0
2026-08-14,40033,CHENNAI FORT,2,2,11:02,11:02,0.0
2026-08-14,40033,CHENNAI PARK,3,3,11:05,11:05,0.0
2026-08-14,40033,CHENNAI EGMORE,4,4,11:08,11:09,1.0
2026-08-14,40033,CHENNAI CHETPAT,5,6,11:12,11:12,0.0
2026-08-14,40033,NUNGAMBAKKAM,6,8,11:15,11:15,0.0
2026-08-14,40033,KODAMBAKKAM,7,9,11:18,11:19,1.0
2026-08-14,40033,MAMBALAM,8,11,11:21,11:21,0.0
2026-08-14,40033,SAIDAPET,9,13,11:24,11:24,0.0
2026-08-14,40033,GUINDY,10,15,11:27,11:27,0.0
2026-08-14,40033,ST THOMAS MOUNT,11,17,11:30,11:30,0.0
2026-08-14,40033,PALAVANTHANGAL,12,18,11:33,11:33,0.0
2026-08-14,40033,MINAMBAKKAM,13,20,11:36,11:36,0.0
2026-08-14,40033,TIRUSULAM,14,22,11:38,11:38,0.0
2026-08-14,40033,PALLAVARAM,15,23,11:41,11:41,0.0
2026-08-14,40033,CHROMEPET,16,25,11:44,11:44,0.0
2026-08-14,40033,TAMBARAM SANATORIUM,17,28,11:47,11:47,0.0
2026-08-14,40033,TAMBARAM,18,29,11:58,12:02,4.0
2026-08-14,40533,CHENNAI BEACH,1,0,,,0.0
2026-08-14,40533,CHENNAI FORT,2,2,12:06,12:06,0.0
2026-08-14,40533,CHENNAI PARK,3,3,12:09,12:09,0.0
2026-08-14,40533,CHENNAI EGMORE,4,4,12:12,12:12,0.0
2026-08-14,40533,CHENNAI CHETPAT,5,6,12:16,12:16,0.0
2026-08-14,40533,NUNGAMBAKKAM,6,8,12:19,12:19,0.0
2026-08-14,40533,KODAMBAKKAM,7,9,12:22,12:23,1.0
2026-08-14,40533,MAMBALAM,8,11,12:25,12:25,0.0
2026-08-14,40533,SAIDAPET,9,13,12:28,12:28,0.0
2026-08-14,40533,GUINDY,10,15,12:31,12:31,0.0
2026-08-14,40533,ST THOMAS MOUNT,11,17,12:34,12:34,0.0
2026-08-14,40533,PALAVANTHANGAL,12,18,12:37,12:37,0.0
2026-08-14,40533,MINAMBAKKAM,13,20,12:40,12:40,0.0
2026-08-14,40533,TIRUSULAM,14,22,12:42,12:42,0.0
2026-08-14,40533,PALLAVARAM,15,23,12:45,12:45,0.0
2026-08-14,40533,CHROMEPET,16,25,12:48,12:48,0.0
2026-08-14,40533,TAMBARAM SANATORIUM,17,28,12:51,12:51,0.0
2026-08-14,40533,TAMBARAM,18,29,13:01,13:01,0.0
2026-08-14,40533,PERUNGALATTUR,19,32,13:07,13:07,0.0
2026-08-14,40533,VANDALUR,20,34,13:10,13:15,5.0
2026-08-14,40533,URAPPAKKAM,21,37,13:14,13:19,5.0
2026-08-14,40533,GUDUVANCHERI,22,40,13:18,13:24,6.0
2026-08-14,40533,POTHERI HALT,23,44,13:22,13:27,5.0
2026-08-14,40533,KATTANGULATUR,24,46,13:26,13:31,5.0
2026-08-14,40533,MARAIMALAI NAGAR KAMARAJAR,25,47,13:28,13:32,4.0
2026-08-14,40533,SINGAPERUMAL KOIL,26,51,13:36,13:39,3.0
2026-08-14,40533,PARANUR,27,55,13:44,13:44,0.0
2026-08-14,40533,CHENGALPATTU JN.,28,60,14:00,14:00,0.0
2026-08-14,40901,CHENNAI BEACH,1,0,,,0.0
2026-08-14,40901,CHENNAI FORT,2,2,13:04,13:04,0.0
2026-08-14,40901,CHENNAI PARK,3,3,13:07,13:07,0.0
2026-08-14,40901,CHENNAI EGMORE,4,4,13:10,13:10,0.0
2026-08-14,40901,CHENNAI CHETPAT,5,6,13:14,13:14,0.0
2026-08-14,40901,NUNGAMBAKKAM,6,8,13:17,13:17,0.0
2026-08-14,40901,KODAMBAKKAM,7,9,13:20,13:21,1.0
2026-08-14,40901,MAMBALAM,8,11,13:23,13:23,0.0
2026-08-14,40901,SAIDAPET,9,13,13:26,13:26,0.0
2026-08-14,40901,GUINDY,10,15,13:29,13:29,0.0
2026-08-14,40901,ST THOMAS MOUNT,11,17,13:32,13:32,0.0
2026-08-14,40901,PALAVANTHANGAL,12,18,13:35,13:35,0.0
2026-08-14,40901,MINAMBAKKAM,13,20,13:38,13:38,0.0
2026-08-14,40901,TIRUSULAM,14,22,13:40,13:40,0.0
2026-08-14,40901,PALLAVARAM,15,23,13:43,13:43,0.0
2026-08-14,40901,CHROMEPET,16,25,13:46,13:46,0.0
2026-08-14,40901,TAMBARAM SANATORIUM,17,28,13:49,13:49,0.0
2026-08-14,40901,TAMBARAM,18,29,13:59,14:00,1.0
2026-08-14,40901,PERUNGALATTUR,19,32,14:05,14:10,5.0
2026-08-14,40901,VANDALUR,20,34,14:08,14:14,6.0
2026-08-14,40901,URAPPAKKAM,21,37,14:12,14:17,5.0
2026-08-14,40901,GUDUVANCHERI,22,40,14:16,14:23,7.0
2026-08-14,40901,POTHERI HALT,23,44,14:20,14:25,5.0
2026-08-14,40901,KATTANGULATUR,24,46,14:24,14:31,7.0
2026-08-14,40901,MARAIMALAI NAGAR KAMARAJAR,25,47,14:26,14:33,7.0
2026-08-14,40901,SINGAPERUMAL KOIL,26,51,14:34,14:41,7.0
2026-08-14,40901,PARANUR,27,55,14:42,14:46,4.0
2026-08-14,40901,CHENGALPATTU JN.,28,60,14:50,14:57,7.0
2026-08-14,40901,REDDIPALAYAM,29,64,15:06,15:09,3.0
2026-08-14,40901,VILLIYAMBAKKAM,30,68,15:11,15:14,3.0
2026-08-14,40901,PALUR,31,71,15:16,15:21,5.0
2026-08-14,40901,PALAYASIVARAM,32,75,15:21,15:25,4.0
2026-08-14,40901,WALAJABAD,33,81,15:26,15:35,9.0
2026-08-14,40901,NATHAPETTAI,34,89,15:34,15:43,9.0
2026-08-14,40901,KANCHIPURAM EAST,35,94,15:39,15:48,9.0
2026-08-14,40901,KANCHIPURAM,36,96,15:44,15:56,12.0
2026-08-14,40901,TIRUMALPUR,37,108,15:57,16:09,12.0
2026-08-14,40901,TAKKOLAM,38,116,16:07,16:26,19.0
2026-08-14,40901,ARAKKONAM JN.,39,128,16:30,16:35,5.0
2026-08-14,40051,CHENNAI BEACH,1,0,,,0.0
2026-08-14,40051,CHENNAI FORT,2,2,14:04,14:04,0.0
2026-08-14,40051,CHENNAI PARK,3,3,14:07,14:07,0.0
2026-08-14,40051,CHENNAI EGMORE,4,4,14:10,14:10,0.0
2026-08-14,40051,CHENNAI CHETPAT,5,6,14:14,14:14,0.0
2026-08-14,40051,NUNGAMBAKKAM,6,8,14:17,14:17,0.0
2026-08-14,40051,KODAMBAKKAM,7,9,14:20,14:21,1.0
2026-08-14,40051,MAMBALAM,8,11,14:23,14:23,0.0
2026-08-14,40051,SAIDAPET,9,13,14:26,14:26,0.0
2026-08-14,40051,GUINDY,10,15,14:29,14:29,0.0
2026-08-14,40051,ST THOMAS MOUNT,11,17,14:32,14:33,1.0
2026-08-14,40051,PALAVANTHANGAL,12,18,14:35,14:35,0.0
2026-08-14,40051,MINAMBAKKAM,13,20,14:38,14:38,0.0
2026-08-14,40051,TIRUSULAM,14,22,14:40,14:40,0.0
2026-08-14,40051,PALLAVARAM,15,23,14:43,14:45,2.0
2026-08-14,40051,CHROMEPET,16,25,14:46,14:46,0.0
2026-08-14,40051,TAMBARAM SANATORIUM,17,28,14:49,14:49,0.0
2026-08-14,40051,TAMBARAM,18,29,14:55,14:55,0.0
2026-08-14,40803,CHENNAI BEACH,1,0,,,0.0
2026-08-14,40803,CHENNAI FORT,2,2,15:04,15:04,0.0
2026-08-14,40803,CHENNAI PARK,3,3,15:07,15:07,0.0
2026-08-14,40803,CHENNAI EGMORE,4,4,15:10,15:10,0.0
2026-08-14,40803,CHENNAI CHETPAT,5,6,15:14,15:14,0.0
2026-08-14,40803,NUNGAMBAKKAM,6,8,15:17,15:17,0.0
2026-08-14,40803,KODAMBAKKAM,7,9,15:20,15:21,1.0
2026-08-14,40803,MAMBALAM,8,11,15:23,15:23,0.0
2026-08-14,40803,SAIDAPET,9,13,15:26,15:26,0.0
2026-08-14,40803,GUINDY,10,15,15:29,15:29,0.0
2026-08-14,40803,ST THOMAS MOUNT,11,17,15:32,15:32,0.0
2026-08-14,40803,PALAVANTHANGAL,12,18,15:35,15:35,0.0
2026-08-14,40803,MINAMBAKKAM,13,20,15:38,15:38,0.0
2026-08-14,40803,TIRUSULAM,14,22,15:40,15:40,0.0
2026-08-14,40803,PALLAVARAM,15,23,15:43,15:43,0.0
2026-08-14,40803,CHROMEPET,16,25,15:46,15:46,0.0
2026-08-14,40803,TAMBARAM SANATORIUM,17,28,15:49,15:49,0.0
2026-08-14,40803,TAMBARAM,18,29,15:59,15:59,0.0
2026-08-14,40803,PERUNGALATTUR,19,32,16:05,16:05,0.0
2026-08-14,40803,VANDALUR,20,34,16:08,16:10,2.0
2026-08-14,40803,URAPPAKKAM,21,37,16:12,16:12,0.0
2026-08-14,40803,GUDUVANCHERI,22,40,16:16,16:20,4.0
2026-08-14,40803,POTHERI HALT,23,44,16:20,16:24,4.0
2026-08-14,40803,KATTANGULATUR,24,46,16:24,16:28,4.0
2026-08-14,40803,MARAIMALAI NAGAR KAMARAJAR,25,47,16:26,16:29,3.0
2026-08-14,40803,SINGAPERUMAL KOIL,26,51,16:34,16:35,1.0
2026-08-14,40803,PARANUR,27,55,16:42,16:42,0.0
2026-08-14,40803,CHENGALPATTU JN.,28,60,16:50,16:52,2.0
2026-08-14,40803,REDDIPALAYAM,29,64,17:06,17:06,0.0
2026-08-14,40803,VILLIYAMBAKKAM,30,68,17:11,17:11,0.0
2026-08-14,40803,PALUR,31,71,17:16,17:17,1.0
2026-08-14,40803,PALAYASIVARAM,32,75,17:21,17:21,0.0
2026-08-14,40803,WALAJABAD,33,81,17:26,17:34,8.0
2026-08-14,40803,NATHAPETTAI,34,89,17:34,17:42,8.0
2026-08-14,40803,KANCHIPURAM EAST,35,94,17:39,17:47,8.0
2026-08-14,40803,KANCHIPURAM,36,96,17:44,17:51,7.0
2026-08-14,40803,TIRUMALPUR,37,108,18:20,18:20,0.0
2026-08-14,40547,CHENNAI BEACH,1,0,,,0.0
2026-08-14,40547,CHENNAI FORT,2,2,16:19,16:19,0.0
2026-08-14,40547,CHENNAI PARK,3,3,16:22,16:22,0.0
2026-08-14,40547,CHENNAI EGMORE,4,4,16:25,16:25,0.0
2026-08-14,40547,CHENNAI CHETPAT,5,6,16:29,16:29,0.0
2026-08-14,40547,NUNGAMBAKKAM,6,8,16:32,16:32,0.0
2026-08-14,40547,KODAMBAKKAM,7,9,16:35,16:36,1.0
2026-08-14,40547,MAMBALAM,8,11,16:38,16:38,0.0
2026-08-14,40547,SAIDAPET,9,13,16:41,16:41,0.0
2026-08-14,40547,GUINDY,10,15,16:44,16:44,0.0
2026-08-14,40547,ST THOMAS MOUNT,11,17,16:47,16:47,0.0
2026-08-14,40547,PALAVANTHANGAL,12,18,16:50,16:50,0.0
2026-08-14,40547,MINAMBAKKAM,13,20,16:53,16:53,0.0
2026-08-14,40547,TIRUSULAM,14,22,16:55,16:55,0.0
2026-08-14,40547,PALLAVARAM,15,23,16:58,16:59,1.0
2026-08-14,40547,CHROMEPET,16,25,17:01,17:01,0.0
2026-08-14,40547,TAMBARAM SANATORIUM,17,28,17:04,17:04,0.0
2026-08-14,40547,TAMBARAM,18,29,17:14,17:14,0.0
2026-08-14,40547,PERUNGALATTUR,19,32,17:20,17:20,0.0
2026-08-14,40547,VANDALUR,20,34,17:23,17:27,4.0
2026-08-14,40547,URAPPAKKAM,21,37,17:27,17:31,4.0
2026-08-14,40547,GUDUVANCHERI,22,40,17:31,17:36,5.0
2026-08-14,40547,POTHERI HALT,23,44,17:35,17:39,4.0
2026-08-14,40547,KATTANGULATUR,24,46,17:39,17:44,5.0
2026-08-14,40547,MARAIMALAI NAGAR KAMARAJAR,25,47,17:41,17:44,3.0
2026-08-14,40547,SINGAPERUMAL KOIL,26,51,17:49,17:53,4.0
2026-08-14,40547,PARANUR,27,55,17:57,17:57,0.0
2026-08-14,40547,CHENGALPATTU JN.,28,60,18:15,18:15,0.0
2026-08-14,42522,GUMMIDIPUNDI,1,0,,,0.0
2026-08-14,42522,KAVARAIPPETTAI,2,6,15:08,15:08,0.0
2026-08-14,42522,PONNERI,3,13,15:17,15:17,0.0
2026-08-14,42522,ANUPPAMBATTU,4,17,15:25,15:25,0.0
2026-08-14,42522,MINJUR,5,21,15:30,15:30,0.0
2026-08-14,42522,NANDIYAMPAKKAM,6,24,15:33,15:33,0.0
2026-08-14,42522,ATTIPPATTU,7,25,15:35,15:37,2.0
2026-08-14,42522,ATTIPATTU PUDU NAGAR.H,8,26,15:38,15:38,0.0
2026-08-14,42522,ENNORE,9,31,15:42,15:44,2.0
2026-08-14,42522,KATHIVAKKAM,10,32,15:44,15:44,0.0
2026-08-14,42522,WIMCO NAGAR,11,35,15:47,15:47,0.0
2026-08-14,42522,TIRUVOTTIYUR,12,38,15:54,15:57,3.0
2026-08-14,42522,VOC NAGAR,13,39,15:58,16:01,3.0
2026-08-14,42522,TONDIARPET,14,41,16:00,16:03,3.0
2026-08-14,42522,KORUKKUPET JN,15,42,16:02,16:09,7.0
2026-08-14,42522,WASHERMANPET,16,44,16:09,16:16,7.0
2026-08-14,42522,ROYAPURAM,17,46,16:12,16:19,7.0
2026-08-14,42522,CHENNAI BEACH,18,47,16:35,16:48,13.0
2026-08-14,42522,CHENNAI FORT,19,49,16:54,16:54,0.0
2026-08-14,42522,CHENNAI PARK,20,50,16:57,16:57,0.0
2026-08-14,42522,CHENNAI EGMORE,21,51,17:00,17:00,0.0
2026-08-14,42522,CHENNAI CHETPAT,22,53,17:04,17:04,0.0
2026-08-14,42522,NUNGAMBAKKAM,23,55,17:07,17:07,0.0
2026-08-14,42522,KODAMBAKKAM,24,56,17:10,17:11,1.0
2026-08-14,42522,MAMBALAM,25,58,17:13,17:13,0.0
2026-08-14,42522,SAIDAPET,26,59,17:16,17:16,0.0
2026-08-14,42522,GUINDY,27,62,17:19,17:19,0.0
2026-08-14,42522,ST THOMAS MOUNT,28,64,17:22,17:22,0.0
2026-08-14,42522,PALAVANTHANGAL,29,65,17:25,17:25,0.0
2026-08-14,42522,MINAMBAKKAM,30,67,17:28,17:28,0.0
2026-08-14,42522,TIRUSULAM,31,69,17:30,17:30,0.0
2026-08-14,42522,PALLAVARAM,32,70,17:33,17:33,0.0
2026-08-14,42522,CHROMEPET,33,72,17:36,17:36,0.0
2026-08-14,42522,TAMBARAM SANATORIUM,34,74,17:39,17:39,0.0
2026-08-14,42522,TAMBARAM,35,76,17:50,17:50,0.0
2026-08-14,40067,CHENNAI BEACH,1,0,,,0.0
2026-08-14,40067,CHENNAI FORT,2,2,17:49,17:49,0.0
2026-08-14,40067,CHENNAI PARK,3,3,17:52,17:52,0.0
2026-08-14,40067,CHENNAI EGMORE,4,4,17:55,17:56,1.0
2026-08-14,40067,CHENNAI CHETPAT,5,6,17:59,17:59,0.0
2026-08-14,40067,NUNGAMBAKKAM,6,8,18:02,18:02,0.0
2026-08-14,40067,KODAMBAKKAM,7,9,18:05,18:07,2.0
2026-08-14,40067,MAMBALAM,8,11,18:08,18:08,0.0
2026-08-14,40067,SAIDAPET,9,13,18:11,18:11,0.0
2026-08-14,40067,GUINDY,10,15,18:14,18:14,0.0
2026-08-14,40067,ST THOMAS MOUNT,11,17,18:17,18:17,0.0
2026-08-14,40067,PALAVANTHANGAL,12,18,18:20,18:20,0.0
2026-08-14,40067,MINAMBAKKAM,13,20,18:23,18:23,0.0
2026-08-14,40067,TIRUSULAM,14,22,18:25,18:25,0.0
2026-08-14,40067,PALLAVARAM,15,23,18:28,18:28,0.0
2026-08-14,40067,CHROMEPET,16,25,18:31,18:31,0.0
2026-08-14,40067,TAMBARAM SANATORIUM,17,28,18:34,18:34,0.0
2026-08-14,40067,TAMBARAM,18,29,18:40,18:40,0.0
2026-08-14,40903,CHENNAI BEACH,1,0,,,3.0
2026-08-14,40903,CHENNAI FORT,2,2,18:11,18:14,3.0
2026-08-14,40903,CHENNAI PARK,3,3,18:14,18:17,3.0
2026-08-14,40903,CHENNAI EGMORE,4,4,18:17,18:21,4.0
2026-08-14,40903,MAMBALAM,5,11,18:27,18:30,3.0
2026-08-14,40903,GUINDY,6,15,18:32,18:35,3.0
2026-08-14,40903,TAMBARAM,7,29,18:54,18:54,0.0
2026-08-14,40903,CHENGALPATTU JN.,8,60,19:27,19:31,4.0
2026-08-14,40903,PALUR,9,71,19:49,19:56,7.0
2026-08-14,40903,WALAJABAD,10,81,19:59,20:11,12.0
2026-08-14,40903,KANCHIPURAM EAST,11,94,20:11,20:23,12.0
2026-08-14,40903,KANCHIPURAM,12,96,20:14,20:32,18.0
2026-08-14,40903,TIRUMALPUR,13,108,20:29,20:44,15.0
2026-08-14,40903,TAKKOLAM,14,116,20:39,20:53,14.0
2026-08-14,40903,ARAKKONAM JN.,15,128,21:15,21:15,0.0
2026-08-14,49007,CHENNAI BEACH,1,0,,,3.0
2026-08-14,49007,CHENNAI FORT,2,2,18:21,18:24,3.0
2026-08-14,49007,CHENNAI PARK,3,3,18:24,18:27,3.0
2026-08-14,49007,CHENNAI EGMORE,4,4,18:27,18:30,3.0
2026-08-14,49007,MAMBALAM,5,11,18:37,18:37,0.0
2026-08-14,49007,GUINDY,6,15,18:42,18:42,0.0
2026-08-14,49007,ST THOMAS MOUNT,7,17,18:45,18:48,3.0
2026-08-14,49007,CHROMEPET,8,25,18:54,18:54,0.0
2026-08-14,49007,TAMBARAM,9,29,19:04,19:04,0.0
2026-08-14,49007,PERUNGALATTUR,10,32,19:10,19:10,0.0
2026-08-14,49007,URAPPAKKAM,11,37,19:16,19:16,0.0
2026-08-14,49007,GUDUVANCHERI,12,40,19:20,19:20,0.0
2026-08-14,49007,POTHERI HALT,13,44,19:24,19:24,0.0
2026-08-14,49007,SINGAPERUMAL KOIL,14,51,19:32,19:32,0.0
2026-08-14,49007,PARANUR,15,55,19:37,19:37,0.0
2026-08-14,49007,CHENGALPATTU JN.,16,60,19:50,19:50,0.0
2026-08-14,40703,CHENNAI BEACH,1,0,,,0.0
2026-08-14,40703,CHENNAI FORT,2,2,19:24,19:24,0.0
2026-08-14,40703,CHENNAI PARK,3,3,19:27,19:27,0.0
2026-08-14,40703,CHENNAI EGMORE,4,4,19:30,19:30,0.0
2026-08-14,40703,CHENNAI CHETPAT,5,6,19:34,19:34,0.0
2026-08-14,40703,NUNGAMBAKKAM,6,8,19:37,19:37,0.0
2026-08-14,40703,KODAMBAKKAM,7,9,19:40,19:40,0.0
2026-08-14,40703,MAMBALAM,8,11,19:43,19:43,0.0
2026-08-14,40703,SAIDAPET,9,13,19:46,19:46,0.0
2026-08-14,40703,GUINDY,10,15,19:49,19:49,0.0
2026-08-14,40703,ST THOMAS MOUNT,11,17,19:52,19:54,2.0
2026-08-14,40703,PALAVANTHANGAL,12,18,19:55,19:55,0.0
2026-08-14,40703,MINAMBAKKAM,13,20,19:58,19:58,0.0
2026-08-14,40703,TIRUSULAM,14,22,20:00,20:00,0.0
2026-08-14,40703,PALLAVARAM,15,23,20:03,20:05,2.0
2026-08-14,40703,CHROMEPET,16,25,20:06,20:06,0.0
2026-08-14,40703,TAMBARAM SANATORIUM,17,28,20:09,20:09,0.0
2026-08-14,40703,TAMBARAM,18,29,20:19,20:24,5.0
2026-08-14,40703,PERUNGALATTUR,19,32,20:25,20:30,5.0
2026-08-14,40703,VANDALUR,20,34,20:28,20:35,7.0
2026-08-14,40703,URAPPAKKAM,21,37,20:32,20:37,5.0
2026-08-14,40703,GUDUVANCHERI,22,40,20:36,20:44,8.0
2026-08-14,40703,POTHERI HALT,23,44,20:40,20:48,8.0
2026-08-14,40703,KATTANGULATUR,24,46,20:44,20:52,8.0
2026-08-14,40703,MARAIMALAI NAGAR KAMARAJAR,25,47,20:46,20:53,7.0
2026-08-14,40703,SINGAPERUMAL KOIL,26,51,20:54,21:03,9.0
2026-08-14,40703,PARANUR,27,55,21:02,21:08,6.0
2026-08-14,40703,CHENGALPATTU JN.,28,60,21:10,21:20,10.0
2026-08-14,40703,REDDIPALAYAM,29,64,21:26,21:36,10.0
2026-08-14,40703,VILLIYAMBAKKAM,30,68,21:31,21:41,10.0
2026-08-14,40703,PALUR,31,71,21:36,21:49,13.0
2026-08-14,40703,PALAYASIVARAM,32,75,21:41,21:53,12.0
2026-08-14,40703,WALAJABAD,33,81,21:46,22:05,19.0
2026-08-14,40703,NATHAPETTAI,34,89,21:54,22:13,19.0
2026-08-14,40703,KANCHIPURAM EAST,35,94,21:56,22:15,19.0
2026-08-14,40703,KANCHIPURAM,36,96,22:05,22:20,15.0
2026-08-14,40201,CHENNAI BEACH,1,0,,,6.0
2026-08-14,40201,CHENNAI FORT,2,2,19:34,19:40,6.0
2026-08-14,40201,CHENNAI PARK,3,3,19:37,19:44,7.0
2026-08-14,40201,CHENNAI EGMORE,4,4,19:40,19:48,8.0
2026-08-14,40201,CHENNAI CHETPAT,5,6,19:44,19:49,5.0
2026-08-14,40201,NUNGAMBAKKAM,6,8,19:47,19:52,5.0
2026-08-14,40201,KODAMBAKKAM,7,9,19:50,19:57,7.0
2026-08-14,40201,MAMBALAM,8,11,19:53,19:59,6.0
2026-08-14,40201,SAIDAPET,9,13,19:56,20:02,6.0
2026-08-14,40201,GUINDY,10,15,19:59,20:05,6.0
2026-08-14,40201,ST THOMAS MOUNT,11,17,20:02,20:10,8.0
2026-08-14,40201,PALAVANTHANGAL,12,18,20:05,20:11,6.0
2026-08-14,40201,MINAMBAKKAM,13,20,20:08,20:14,6.0
2026-08-14,40201,TIRUSULAM,14,22,20:10,20:16,6.0
2026-08-14,40201,PALLAVARAM,15,23,20:13,20:21,8.0
2026-08-14,40201,CHROMEPET,16,25,20:16,20:24,8.0
2026-08-14,40201,TAMBARAM SANATORIUM,17,28,20:19,20:27,8.0
2026-08-14,40201,TAMBARAM,18,29,20:29,20:35,6.0
2026-08-14,40201,PERUNGALATTUR,19,32,20:35,20:44,9.0
2026-08-14,40201,VANDALUR,20,34,20:38,20:47,9.0
2026-08-14,40201,URAPPAKKAM,21,37,20:42,20:51,9.0
2026-08-14,40201,GUDUVANCHERI,22,40,20:55,21:00,5.0
2026-08-14,40203,CHENNAI BEACH,1,0,,,5.0
2026-08-14,40203,CHENNAI FORT,2,2,20:04,20:09,5.0
2026-08-14,40203,CHENNAI PARK,3,3,20:07,20:13,6.0
2026-08-14,40203,CHENNAI EGMORE,4,4,20:10,20:17,7.0
2026-08-14,40203,CHENNAI CHETPAT,5,6,20:14,20:18,4.0
2026-08-14,40203,NUNGAMBAKKAM,6,8,20:17,20:21,4.0
2026-08-14,40203,KODAMBAKKAM,7,9,20:20,20:26,6.0
2026-08-14,40203,MAMBALAM,8,11,20:23,20:28,5.0
2026-08-14,40203,SAIDAPET,9,13,20:26,20:31,5.0
2026-08-14,40203,GUINDY,10,15,20:29,20:34,5.0
2026-08-14,40203,ST THOMAS MOUNT,11,17,20:32,20:39,7.0
2026-08-14,40203,PALAVANTHANGAL,12,18,20:35,20:40,5.0
2026-08-14,40203,MINAMBAKKAM,13,20,20:38,20:43,5.0
2026-08-14,40203,TIRUSULAM,14,22,20:40,20:45,5.0
2026-08-14,40203,PALLAVARAM,15,23,20:43,20:50,7.0
2026-08-14,40203,CHROMEPET,16,25,20:46,20:53,7.0
2026-08-14,40203,TAMBARAM SANATORIUM,17,28,20:49,20:56,7.0
2026-08-14,40203,TAMBARAM,18,29,20:59,21:02,3.0
2026-08-14,40203,PERUNGALATTUR,19,32,21:05,21:08,3.0
2026-08-14,40203,VANDALUR,20,34,21:08,21:14,6.0
2026-08-14,40203,URAPPAKKAM,21,37,21:12,21:18,6.0
2026-08-14,40203,GUDUVANCHERI,22,40,21:30,21:30,0.0
2026-08-14,40081,CHENNAI BEACH,1,0,,,5.0
2026-08-14,40081,CHENNAI FORT,2,2,21:04,21:09,5.0
2026-08-14,40081,CHENNAI PARK,3,3,21:07,21:14,7.0
2026-08-14,40081,CHENNAI EGMORE,4,4,21:10,21:18,8.0
2026-08-14,40081,CHENNAI CHETPAT,5,6,21:14,21:21,7.0
2026-08-14,40081,NUNGAMBAKKAM,6,8,21:17,21:24,7.0
2026-08-14,40081,KODAMBAKKAM,7,9,21:20,21:27,7.0
2026-08-14,40081,MAMBALAM,8,11,21:23,21:28,5.0
2026-08-14,40081,SAIDAPET,9,13,21:26,21:31,5.0
2026-08-14,40081,GUINDY,10,15,21:29,21:34,5.0
2026-08-14,40081,ST THOMAS MOUNT,11,17,21:32,21:42,10.0
2026-08-14,40081,PALAVANTHANGAL,12,18,21:35,21:45,10.0
2026-08-14,40081,MINAMBAKKAM,13,20,21:38,21:48,10.0
2026-08-14,40081,TIRUSULAM,14,22,21:40,21:50,10.0
2026-08-14,40081,PALLAVARAM,15,23,21:43,21:54,11.0
2026-08-14,40081,CHROMEPET,16,25,21:46,21:55,9.0
2026-08-14,40081,TAMBARAM SANATORIUM,17,28,21:49,21:58,9.0
2026-08-14,40081,TAMBARAM,18,29,22:00,22:05,5.0
2026-08-14,40569,CHENNAI BEACH,1,0,,,2.0
2026-08-14,40569,CHENNAI FORT,2,2,22:04,22:04,0.0
2026-08-14,40569,CHENNAI PARK,3,3,22:07,22:11,4.0
2026-08-14,40569,CHENNAI EGMORE,4,4,22:10,22:15,5.0
2026-08-14,40569,CHENNAI CHETPAT,5,6,22:14,22:18,4.0
2026-08-14,40569,NUNGAMBAKKAM,6,8,22:17,22:21,4.0
2026-08-14,40569,KODAMBAKKAM,7,9,22:20,22:23,3.0
2026-08-14,40569,MAMBALAM,8,11,22:23,22:23,0.0
2026-08-14,40569,SAIDAPET,9,13,22:26,22:26,0.0
2026-08-14,40569,GUINDY,10,15,22:29,22:29,0.0
2026-08-14,40569,ST THOMAS MOUNT,11,17,22:32,22:36,4.0
2026-08-14,40569,PALAVANTHANGAL,12,18,22:35,22:39,4.0
2026-08-14,40569,MINAMBAKKAM,13,20,22:38,22:42,4.0
2026-08-14,40569,TIRUSULAM,14,22,22:40,22:44,4.0
2026-08-14,40569,PALLAVARAM,15,23,22:43,22:47,4.0
2026-08-14,40569,CHROMEPET,16,25,22:46,22:49,3.0
2026-08-14,40569,TAMBARAM SANATORIUM,17,28,22:49,22:52,3.0
2026-08-14,40569,TAMBARAM,18,29,22:59,23:01,2.0
2026-08-14,40569,PERUNGALATTUR,19,32,23:05,23:08,3.0
2026-08-14,40569,VANDALUR,20,34,23:08,23:12,4.0
2026-08-14,40569,URAPPAKKAM,21,37,23:12,23:15,3.0
2026-08-14,40569,GUDUVANCHERI,22,40,23:16,23:19,3.0
2026-08-14,40569,POTHERI HALT,23,44,23:20,23:23,3.0
2026-08-14,40569,KATTANGULATUR,24,46,23:24,23:24,0.0
2026-08-14,40569,MARAIMALAI NAGAR KAMARAJAR,25,47,23:26,23:26,0.0
2026-08-14,40569,SINGAPERUMAL KOIL,26,51,23:34,23:34,0.0
2026-08-14,40569,PARANUR,27,55,23:42,23:42,0.0
2026-08-14,40569,CHENGALPATTU JN.,28,60,00:05,00:05,0.0
2026-08-14,40085,CHENNAI BEACH,1,0,,,0.0
2026-08-14,40085,CHENNAI FORT,2,2,23:04,23:04,0.0
2026-08-14,40085,CHENNAI PARK,3,3,23:07,23:08,1.0
2026-08-14,40085,CHENNAI EGMORE,4,4,23:10,23:12,2.0
2026-08-14,40085,CHENNAI CHETPAT,5,6,23:14,23:14,0.0
2026-08-14,40085,NUNGAMBAKKAM,6,8,23:17,23:17,0.0
2026-08-14,40085,KODAMBAKKAM,7,9,23:20,23:20,0.0
2026-08-14,40085,MAMBALAM,8,11,23:23,23:23,0.0
2026-08-14,40085,SAIDAPET,9,13,23:26,23:26,0.0
2026-08-14,40085,GUINDY,10,15,23:29,23:29,0.0
2026-08-14,40085,ST THOMAS MOUNT,11,17,23:32,23:32,0.0
2026-08-14,40085,PALAVANTHANGAL,12,18,23:35,23:35,0.0
2026-08-14,40085,MINAMBAKKAM,13,20,23:38,23:38,0.0
2026-08-14,40085,TIRUSULAM,14,22,23:40,23:40,0.0
2026-08-14,40085,PALLAVARAM,15,23,23:43,23:43,0.0
2026-08-14,40085,CHROMEPET,16,25,23:46,23:46,0.0
2026-08-14,40085,TAMBARAM SANATORIUM,17,28,23:49,23:49,0.0
2026-08-14,40085,TAMBARAM,18,29,00:00,00:00,0.0
2026-08-15,40003,CHENNAI BEACH,1,0,,,4.0
2026-08-15,40003,CHENNAI FORT,2,2,07:14,07:18,4.0
2026-08-15,40003,CHENNAI PARK,3,3,07:17,07:20,3.0
2026-08-15,40003,CHENNAI EGMORE,4,4,07:20,07:24,4.0
2026-08-15,40003,CHENNAI CHETPAT,5,6,07:24,07:27,3.0
2026-08-15,40003,NUNGAMBAKKAM,6,8,07:27,07:30,3.0
2026-08-15,40003,KODAMBAKKAM,7,9,07:30,07:32,2.0
2026-08-15,40003,MAMBALAM,8,11,07:33,07:33,0.0
2026-08-15,40003,SAIDAPET,9,13,07:36,07:36,0.0
2026-08-15,40003,GUINDY,10,15,07:39,07:39,0.0
2026-08-15,40003,ST THOMAS MOUNT,11,17,07:42,07:43,1.0
2026-08-15,40003,PALAVANTHANGAL,12,18,07:45,07:45,0.0
2026-08-15,40003,MINAMBAKKAM,13,20,07:48,07:48,0.0
2026-08-15,40003,TIRUSULAM,14,22,07:50,07:50,0.0
2026-08-15,40003,PALLAVARAM,15,23,07:53,07:53,0.0
2026-08-15,40003,CHROMEPET,16,25,07:56,07:56,0.0
2026-08-15,40003,TAMBARAM SANATORIUM,17,28,07:59,07:59,0.0
2026-08-15,40003,TAMBARAM,18,29,08:10,08:10,0.0
2026-08-15,40045,CHENNAI BEACH,1,0,,,1.0
2026-08-15,40045,CHENNAI FORT,2,2,12:49,12:49,0.0
2026-08-15,40045,CHENNAI PARK,3,3,12:52,12:55,3.0
2026-08-15,40045,CHENNAI EGMORE,4,4,12:55,12:59,4.0
2026-08-15,40045,CHENNAI CHETPAT,5,6,12:59,13:02,3.0
2026-08-15,40045,NUNGAMBAKKAM,6,8,13:02,13:05,3.0
2026-08-15,40045,KODAMBAKKAM,7,9,13:05,13:10,5.0
2026-08-15,40045,MAMBALAM,8,11,13:08,13:12,4.0
2026-08-15,40045,SAIDAPET,9,13,13:11,13:15,4.0
2026-08-15,40045,GUINDY,10,15,13:14,13:18,4.0
2026-08-15,40045,ST THOMAS MOUNT,11,17,13:17,13:23,6.0
2026-08-15,40045,PALAVANTHANGAL,12,18,13:20,13:24,4.0
2026-08-15,40045,MINAMBAKKAM,13,20,13:23,13:27,4.0
2026-08-15,40045,TIRUSULAM,14,22,13:25,13:29,4.0
2026-08-15,40045,PALLAVARAM,15,23,13:28,13:33,5.0
2026-08-15,40045,CHROMEPET,16,25,13:31,13:36,5.0
2026-08-15,40045,TAMBARAM SANATORIUM,17,28,13:34,13:39,5.0
2026-08-15,40045,TAMBARAM,18,29,13:45,13:46,1.0
2026-08-15,40046,TAMBARAM,1,0,,,0.0
2026-08-15,40046,TAMBARAM SANATORIUM,2,1,12:24,12:24,0.0
2026-08-15,40046,CHROMEPET,3,4,12:27,12:27,0.0
2026-08-15,40046,PALLAVARAM,4,6,12:30,12:32,2.0
2026-08-15,40046,TIRUSULAM,5,8,12:33,12:33,0.0
2026-08-15,40046,MINAMBAKKAM,6,9,12:35,12:35,0.0
2026-08-15,40046,PALAVANTHANGAL,7,10,12:38,12:38,0.0
2026-08-15,40046,ST THOMAS MOUNT,8,12,12:41,12:44,3.0
2026-08-15,40046,GUINDY,9,14,12:44,12:47,3.0
2026-08-15,40046,SAIDAPET,10,16,12:47,12:50,3.0
2026-08-15,40046,MAMBALAM,11,18,12:50,12:53,3.0
2026-08-15,40046,KODAMBAKKAM,12,19,12:53,12:56,3.0
2026-08-15,40046,NUNGAMBAKKAM,13,21,12:56,12:56,0.0
2026-08-15,40046,CHENNAI CHETPAT,14,23,12:59,12:59,0.0
2026-08-15,40046,CHENNAI EGMORE,15,25,13:02,13:05,3.0
2026-08-15,40046,CHENNAI PARK,16,26,13:05,13:09,4.0
2026-08-15,40046,CHENNAI FORT,17,27,13:08,13:11,3.0
2026-08-15,40046,CHENNAI BEACH,18,29,13:20,13:20,0.0
2026-08-15,49003,CHENNAI BEACH,1,0,,,8.0
2026-08-15,49003,CHENNAI FORT,2,2,09:47,09:55,8.0
2026-08-15,49003,CHENNAI PARK,3,3,09:50,09:57,7.0
2026-08-15,49003,CHENNAI EGMORE,4,4,09:53,10:06,13.0
2026-08-15,49003,CHENNAI CHETPAT,5,6,09:57,10:09,12.0
2026-08-15,49003,NUNGAMBAKKAM,6,8,10:00,10:12,12.0
2026-08-15,49003,KODAMBAKKAM,7,9,10:03,10:14,11.0
2026-08-15,49003,MAMBALAM,8,11,10:06,10:16,10.0
2026-08-15,49003,SAIDAPET,9,13,10:09,10:19,10.0
2026-08-15,49003,GUINDY,10,15,10:12,10:22,10.0
2026-08-15,49003,ST THOMAS MOUNT,11,17,10:15,10:26,11.0
2026-08-15,49003,PALAVANTHANGAL,12,18,10:18,10:28,10.0
2026-08-15,49003,MINAMBAKKAM,13,20,10:21,10:31,10.0
2026-08-15,49003,TIRUSULAM,14,22,10:23,10:33,10.0
2026-08-15,49003,PALLAVARAM,15,23,10:26,10:38,12.0
2026-08-15,49003,CHROMEPET,16,25,10:29,10:41,12.0
2026-08-15,49003,TAMBARAM SANATORIUM,17,28,10:32,10:44,12.0
2026-08-15,49003,TAMBARAM,18,29,10:43,10:45,2.0
2026-08-15,40501,CHENNAI BEACH,1,0,,,0.0
2026-08-15,40501,CHENNAI FORT,2,2,03:54,03:54,0.0
2026-08-15,40501,CHENNAI PARK,3,3,03:57,04:00,3.0
2026-08-15,40501,CHENNAI EGMORE,4,4,04:00,04:04,4.0
2026-08-15,40501,CHENNAI CHETPAT,5,6,04:04,04:07,3.0
2026-08-15,40501,NUNGAMBAKKAM,6,8,04:07,04:10,3.0
2026-08-15,40501,KODAMBAKKAM,7,9,04:10,04:12,2.0
2026-08-15,40501,MAMBALAM,8,11,04:13,04:13,0.0
2026-08-15,40501,SAIDAPET,9,13,04:16,04:16,0.0
2026-08-15,40501,GUINDY,10,15,04:19,04:19,0.0
2026-08-15,40501,ST THOMAS MOUNT,11,17,04:22,04:24,2.0
2026-08-15,40501,PALAVANTHANGAL,12,18,04:25,04:25,0.0
2026-08-15,40501,MINAMBAKKAM,13,20,04:28,04:28,0.0
2026-08-15,40501,TIRUSULAM,14,22,04:30,04:30,0.0
2026-08-15,40501,PALLAVARAM,15,23,04:33,04:35,2.0
2026-08-15,40501,CHROMEPET,16,25,04:36,04:36,0.0
2026-08-15,40501,TAMBARAM SANATORIUM,17,28,04:39,04:39,0.0
2026-08-15,40501,TAMBARAM,18,29,04:49,04:49,0.0
2026-08-15,40501,PERUNGALATTUR,19,32,04:56,04:56,0.0
2026-08-15,40501,VANDALUR,20,34,04:59,05:01,2.0
2026-08-15,40501,URAPPAKKAM,21,37,05:03,05:03,0.0
2026-08-15,40501,GUDUVANCHERI,22,40,05:07,05:11,4.0
2026-08-15,40501,POTHERI HALT,23,44,05:11,05:21,10.0
2026-08-15,40501,KATTANGULATUR,24,46,05:15,05:25,10.0
2026-08-15,40501,MARAIMALAI NAGAR KAMARAJAR,25,47,05:17,05:26,9.0
2026-08-15,40501,SINGAPERUMAL KOIL,26,51,05:22,05:32,10.0
2026-08-15,40501,PARANUR,27,55,05:27,05:36,9.0
2026-08-15,40501,CHENGALPATTU JN.,28,60,05:40,05:45,5.0
2026-08-15,40701,CHENNAI BEACH,1,0,,,0.0
2026-08-15,40701,CHENNAI FORT,2,2,05:14,05:14,0.0
2026-08-15,40701,CHENNAI PARK,3,3,05:17,05:18,1.0
2026-08-15,40701,CHENNAI EGMORE,4,4,05:20,05:22,2.0
2026-08-15,40701,CHENNAI CHETPAT,5,6,05:24,05:24,0.0
2026-08-15,40701,NUNGAMBAKKAM,6,8,05:27,05:27,0.0
2026-08-15,40701,KODAMBAKKAM,7,9,05:30,05:31,1.0
2026-08-15,40701,MAMBALAM,8,11,05:33,05:33,0.0
2026-08-15,40701,SAIDAPET,9,13,05:36,05:36,0.0
2026-08-15,40701,GUINDY,10,15,05:39,05:39,0.0
2026-08-15,40701,ST THOMAS MOUNT,11,17,05:42,05:45,3.0
2026-08-15,40701,PALAVANTHANGAL,12,18,05:45,05:48,3.0
2026-08-15,40701,MINAMBAKKAM,13,20,05:48,05:51,3.0
2026-08-15,40701,TIRUSULAM,14,22,05:50,05:53,3.0
2026-08-15,40701,PALLAVARAM,15,23,05:53,05:55,2.0
2026-08-15,40701,CHROMEPET,16,25,05:56,05:56,0.0
2026-08-15,40701,TAMBARAM SANATORIUM,17,28,05:59,05:59,0.0
2026-08-15,40701,TAMBARAM,18,29,06:09,06:09,0.0
2026-08-15,40701,PERUNGALATTUR,19,32,06:16,06:33,17.0
2026-08-15,40701,VANDALUR,20,34,06:19,06:37,18.0
2026-08-15,40701,URAPPAKKAM,21,37,06:23,06:40,17.0
2026-08-15,40701,GUDUVANCHERI,22,40,06:27,06:44,17.0
2026-08-15,40701,POTHERI HALT,23,44,06:31,06:48,17.0
2026-08-15,40701,KATTANGULATUR,24,46,06:35,06:54,19.0
2026-08-15,40701,MARAIMALAI NAGAR KAMARAJAR,25,47,06:37,06:56,19.0
2026-08-15,40701,SINGAPERUMAL KOIL,26,51,06:42,07:02,20.0
2026-08-15,40701,PARANUR,27,55,06:47,07:06,19.0
2026-08-15,40701,CHENGALPATTU JN.,28,60,07:19,07:19,0.0
2026-08-15,40701,PALUR,29,71,07:31,08:04,33.0
2026-08-15,40701,WALAJABAD,30,81,07:41,08:19,38.0
2026-08-15,40701,KANCHIPURAM EAST,31,94,07:54,08:32,38.0
2026-08-15,40701,KANCHIPURAM,32,96,08:15,08:34,19.0
2026-08-15,40801,CHENNAI BEACH,1,0,,,0.0
2026-08-15,40801,CHENNAI FORT,2,2,07:24,07:24,0.0
2026-08-15,40801,CHENNAI PARK,3,3,07:27,07:30,3.0
2026-08-15,40801,CHENNAI EGMORE,4,4,07:30,07:33,3.0
2026-08-15,40801,CHENNAI CHETPAT,5,6,07:34,07:34,0.0
2026-08-15,40801,NUNGAMBAKKAM,6,8,07:37,07:37,0.0
2026-08-15,40801,KODAMBAKKAM,7,9,07:40,07:42,2.0
2026-08-15,40801,MAMBALAM,8,11,07:43,07:43,0.0
2026-08-15,40801,SAIDAPET,9,13,07:46,07:46,0.0
2026-08-15,40801,GUINDY,10,15,07:49,07:49,0.0
2026-08-15,40801,ST THOMAS MOUNT,11,17,07:52,07:54,2.0
2026-08-15,40801,PALAVANTHANGAL,12,18,07:55,07:55,0.0
2026-08-15,40801,MINAMBAKKAM,13,20,07:58,07:58,0.0
2026-08-15,40801,TIRUSULAM,14,22,08:00,08:00,0.0
2026-08-15,40801,PALLAVARAM,15,23,08:03,08:03,0.0
2026-08-15,40801,CHROMEPET,16,25,08:06,08:06,0.0
2026-08-15,40801,TAMBARAM SANATORIUM,17,28,08:09,08:09,0.0
2026-08-15,40801,TAMBARAM,18,29,08:19,08:19,0.0
2026-08-15,40801,PERUNGALATTUR,19,32,08:25,08:25,0.0
2026-08-15,40801,VANDALUR,20,34,08:28,08:32,4.0
2026-08-15,40801,URAPPAKKAM,21,37,08:32,08:36,4.0
2026-08-15,40801,GUDUVANCHERI,22,40,08:36,08:40,4.0
2026-08-15,40801,POTHERI HALT,23,44,08:40,08:44,4.0
2026-08-15,40801,KATTANGULATUR,24,46,08:44,08:57,13.0
2026-08-15,40801,MARAIMALAI NAGAR KAMARAJAR,25,47,08:46,08:59,13.0
2026-08-15,40801,SINGAPERUMAL KOIL,26,51,08:54,09:04,10.0
2026-08-15,40801,PARANUR,27,55,09:02,09:09,7.0
2026-08-15,40801,CHENGALPATTU JN.,28,60,09:10,09:25,15.0
2026-08-15,40801,REDDIPALAYAM,29,64,09:26,09:56,30.0
2026-08-15,40801,VILLIYAMBAKKAM,30,68,09:31,10:01,30.0
2026-08-15,40801,PALUR,31,71,09:36,10:07,31.0
2026-08-15,40801,PALAYASIVARAM,32,75,09:41,10:39,58.0
2026-08-15,40801,WALAJABAD,33,81,09:46,10:50,64.0
2026-08-15,40801,NATHAPETTAI,34,89,09:54,10:58,64.0
2026-08-15,40801,KANCHIPURAM EAST,35,94,09:59,11:03,64.0
2026-08-15,40801,KANCHIPURAM,36,96,10:04,11:10,66.0
2026-08-15,40801,TIRUMALPUR,37,108,10:50,11:23,33.0
2026-08-15,42502,GUMMIDIPUNDI,1,0,,,8.0
2026-08-15,42502,KAVARAIPPETTAI,2,6,06:08,06:17,9.0
2026-08-15,42502,PONNERI,3,13,06:17,06:23,6.0
2026-08-15,42502,ANUPPAMBATTU,4,17,06:23,06:29,6.0
2026-08-15,42502,MINJUR,5,21,06:28,06:36,8.0
2026-08-15,42502,NANDIYAMPAKKAM,6,24,06:31,06:37,6.0
2026-08-15,42502,ATTIPPATTU,7,25,06:33,06:44,11.0
2026-08-15,42502,ATTIPATTU PUDU NAGAR.H,8,26,06:36,06:48,12.0
2026-08-15,42502,ENNORE,9,31,06:44,06:51,7.0
2026-08-15,42502,KATHIVAKKAM,10,32,06:46,06:55,9.0
2026-08-15,42502,WIMCO NAGAR,11,35,06:49,06:58,9.0
2026-08-15,42502,TIRUVOTTIYUR,12,38,06:56,07:06,10.0
2026-08-15,42502,VOC NAGAR,13,39,07:00,07:07,7.0
2026-08-15,42502,TONDIARPET,14,41,07:02,07:09,7.0
2026-08-15,42502,KORUKKUPET JN,15,42,07:04,07:14,10.0
2026-08-15,42502,WASHERMANPET,16,44,07:14,07:21,7.0
2026-08-15,42502,ROYAPURAM,17,46,07:19,07:24,5.0
2026-08-15,42502,CHENNAI BEACH,18,47,07:40,07:40,0.0
2026-08-15,42502,CHENNAI FORT,19,49,07:54,07:54,0.0
2026-08-15,42502,CHENNAI PARK,20,50,07:57,07:58,1.0
2026-08-15,42502,CHENNAI EGMORE,21,51,08:00,08:02,2.0
2026-08-15,42502,CHENNAI CHETPAT,22,53,08:04,08:04,0.0
2026-08-15,42502,NUNGAMBAKKAM,23,55,08:07,08:07,0.0
2026-08-15,42502,KODAMBAKKAM,24,56,08:10,08:12,2.0
2026-08-15,42502,MAMBALAM,25,58,08:13,08:13,0.0
2026-08-15,42502,SAIDAPET,26,59,08:16,08:16,0.0
2026-08-15,42502,GUINDY,27,62,08:19,08:19,0.0
2026-08-15,42502,ST THOMAS MOUNT,28,64,08:22,08:22,0.0
2026-08-15,42502,PALAVANTHANGAL,29,65,08:25,08:25,0.0
2026-08-15,42502,MINAMBAKKAM,30,67,08:28,08:28,0.0
2026-08-15,42502,TIRUSULAM,31,69,08:30,08:30,0.0
2026-08-15,42502,PALLAVARAM,32,70,08:33,08:34,1.0
2026-08-15,42502,CHROMEPET,33,72,08:36,08:36,0.0
2026-08-15,42502,TAMBARAM SANATORIUM,34,74,08:39,08:39,0.0
2026-08-15,42502,TAMBARAM,35,76,08:49,08:49,0.0
2026-08-15,42502,PERUNGALATTUR,36,79,08:55,08:55,0.0
2026-08-15,42502,VANDALUR,37,81,08:58,09:01,3.0
2026-08-15,42502,URAPPAKKAM,38,84,09:02,09:05,3.0
2026-08-15,42502,GUDUVANCHERI,39,87,09:06,09:10,4.0
2026-08-15,42502,POTHERI HALT,40,90,09:10,09:13,3.0
2026-08-15,42502,KATTANGULATUR,41,92,09:14,09:18,4.0
2026-08-15,42502,MARAIMALAI NAGAR KAMARAJAR,42,94,09:16,09:20,4.0
2026-08-15,42502,SINGAPERUMAL KOIL,43,98,09:24,09:25,1.0
2026-08-15,42502,PARANUR,44,102,09:32,09:32,0.0
2026-08-15,42502,CHENGALPATTU JN.,45,106,09:40,09:40,0.0
2026-08-15,40009,CHENNAI BEACH,1,0,,,0.0
2026-08-15,40009,CHENNAI FORT,2,2,08:14,08:14,0.0
2026-08-15,40009,CHENNAI PARK,3,3,08:17,08:19,2.0
2026-08-15,40009,CHENNAI EGMORE,4,4,08:20,08:23,3.0
2026-08-15,40009,CHENNAI CHETPAT,5,6,08:24,08:24,0.0
2026-08-15,40009,NUNGAMBAKKAM,6,8,08:27,08:27,0.0
2026-08-15,40009,KODAMBAKKAM,7,9,08:30,08:34,4.0
2026-08-15,40009,MAMBALAM,8,11,08:33,08:36,3.0
2026-08-15,40009,SAIDAPET,9,13,08:36,08:39,3.0
2026-08-15,40009,GUINDY,10,15,08:39,08:42,3.0
2026-08-15,40009,ST THOMAS MOUNT,11,17,08:42,08:46,4.0
2026-08-15,40009,PALAVANTHANGAL,12,18,08:45,08:48,3.0
2026-08-15,40009,MINAMBAKKAM,13,20,08:48,08:51,3.0
2026-08-15,40009,TIRUSULAM,14,22,08:50,08:53,3.0
2026-08-15,40009,PALLAVARAM,15,23,08:53,08:55,2.0
2026-08-15,40009,CHROMEPET,16,25,08:56,08:56,0.0
2026-08-15,40009,TAMBARAM SANATORIUM,17,28,08:59,08:59,0.0
2026-08-15,40009,TAMBARAM,18,29,09:10,09:10,0.0
2026-08-15,66034,TIRUVANNAMALAI,1,0,,,0.0
2026-08-15,66034,POLUR,2,31,04:57,04:57,0.0
2026-08-15,66034,MADIMANGALAM,3,43,05:05,05:05,0.0
2026-08-15,66034,ARNI ROAD,4,48,05:11,05:13,2.0
2026-08-15,66034,SEDARAMPATTU,5,53,05:17,05:17,0.0
2026-08-15,66034,ONNUPURAM,6,57,05:22,05:22,0.0
2026-08-15,66034,KANNAMANGALAM,7,62,05:29,05:31,2.0
2026-08-15,66034,PENNATHUR H,8,74,05:49,05:49,0.0
2026-08-15,66034,VELLORE CANTONMENT,9,83,06:05,06:05,0.0
2026-08-15,66034,KATPADI JN,10,92,06:18,06:20,2.0
2026-08-15,66034,TIRUVALAM,11,104,06:34,06:51,17.0
2026-08-15,66034,MUKUNDARAYAPURM,12,109,06:39,06:59,20.0
2026-08-15,66034,WALAJAH ROAD,13,117,06:49,07:07,18.0
2026-08-15,66034,THALANGAI,14,127,07:00,07:18,18.0
2026-08-15,66034,SHOLINGHUR,15,132,07:14,07:25,11.0
2026-08-15,66034,ANAVARDIKHANPETTAI,16,141,07:25,07:25,0.0
2026-08-15,66034,CHITTERI,17,145,07:35,07:45,10.0
2026-08-15,66034,ARAKKONAM JN.,18,153,07:58,08:08,10.0
2026-08-15,66034,PULIYAMANGALAM,19,155,08:04,08:13,9.0
2026-08-15,66034,MOSUR,20,158,08:07,08:16,9.0
2026-08-15,66034,TIRUVALANGADU,21,163,08:12,08:33,21.0
2026-08-15,66034,MANAVUR,22,168,08:17,08:38,21.0
2026-08-15,66034,SENJI PANAMBAKKAM,23,171,08:21,08:42,21.0
2026-08-15,66034,KADAMBATTUR,24,174,08:25,08:48,23.0
2026-08-15,66034,EGATTUR,25,178,08:29,08:50,21.0
2026-08-15,66034,TIRUVALLUR,26,180,08:34,08:57,23.0
2026-08-15,66034,SEVVAPET ROAD,27,186,08:40,09:01,21.0
2026-08-15,66034,VEPPAMPATTU,28,189,08:43,09:04,21.0
2026-08-15,66034,TIRUNINRAVUR,29,193,08:49,09:15,26.0
2026-08-15,66034,VILLIVAKKAM,30,212,09:09,09:35,26.0
2026-08-15,66034,PERAMBUR,31,216,09:17,09:41,24.0
2026-08-15,66034,WASHERMANPET,32,221,09:25,09:54,29.0
2026-08-15,66034,ROYAPURAM,33,222,09:29,10:04,35.0
2026-08-15,66034,CHENNAI BEACH,34,224,09:39,10:09,30.0
2026-08-15,66034,CHENNAI FORT,35,225,10:04,10:14,10.0
2026-08-15,66034,CHENNAI PARK,36,226,10:07,10:14,7.0
2026-08-15,66034,CHENNAI EGMORE,37,228,10:10,10:17,7.0
2026-08-15,66034,CHENNAI CHETPAT,38,230,10:14,10:21,7.0
2026-08-15,66034,NUNGAMBAKKAM,39,232,10:17,10:24,7.0
2026-08-15,66034,KODAMBAKKAM,40,233,10:20,10:26,6.0
2026-08-15,66034,MAMBALAM,41,235,10:23,10:30,7.0
2026-08-15,66034,SAIDAPET,42,236,10:26,10:33,7.0
2026-08-15,66034,GUINDY,43,239,10:29,10:36,7.0
2026-08-15,66034,ST THOMAS MOUNT,44,241,10:32,10:35,3.0
2026-08-15,66034,PALAVANTHANGAL,45,242,10:35,10:38,3.0
2026-08-15,66034,MINAMBAKKAM,46,244,10:38,10:41,3.0
2026-08-15,66034,TIRUSULAM,47,245,10:40,10:43,3.0
2026-08-15,66034,PALLAVARAM,48,247,10:43,10:44,1.0
2026-08-15,66034,CHROMEPET,49,249,10:46,10:51,5.0
2026-08-15,66034,TAMBARAM SANATORIUM,50,251,10:49,10:53,4.0
2026-08-15,66034,TAMBARAM,51,253,11:10,11:10,0.0
2026-08-15,40527,CHENNAI BEACH,1,0,,,2.0
2026-08-15,40527,CHENNAI FORT,2,2,10:17,10:17,0.0
2026-08-15,40527,CHENNAI PARK,3,3,10:20,10:20,0.0
2026-08-15,40527,CHENNAI EGMORE,4,4,10:23,10:23,0.0
2026-08-15,40527,CHENNAI CHETPAT,5,6,10:27,10:27,0.0
2026-08-15,40527,NUNGAMBAKKAM,6,8,10:30,10:30,0.0
2026-08-15,40527,KODAMBAKKAM,7,9,10:33,10:46,13.0
2026-08-15,40527,MAMBALAM,8,11,10:36,10:48,12.0
2026-08-15,40527,SAIDAPET,9,13,10:39,10:51,12.0
2026-08-15,40527,GUINDY,10,15,10:42,10:54,12.0
2026-08-15,40527,ST THOMAS MOUNT,11,17,10:45,10:58,13.0
2026-08-15,40527,PALAVANTHANGAL,12,18,10:48,11:00,12.0
2026-08-15,40527,MINAMBAKKAM,13,20,10:51,11:03,12.0
2026-08-15,40527,TIRUSULAM,14,22,10:53,11:05,12.0
2026-08-15,40527,PALLAVARAM,15,23,10:56,11:07,11.0
2026-08-15,40527,CHROMEPET,16,25,10:59,11:10,11.0
2026-08-15,40527,TAMBARAM SANATORIUM,17,28,11:02,11:13,11.0
2026-08-15,40527,TAMBARAM,18,29,11:12,11:21,9.0
2026-08-15,40527,PERUNGALATTUR,19,32,11:19,11:27,8.0
2026-08-15,40527,VANDALUR,20,34,11:22,11:34,12.0
2026-08-15,40527,URAPPAKKAM,21,37,11:26,11:38,12.0
2026-08-15,40527,GUDUVANCHERI,22,40,11:30,11:42,12.0
2026-08-15,40527,POTHERI HALT,23,44,11:34,11:46,12.0
2026-08-15,40527,KATTANGULATUR,24,46,11:38,11:51,13.0
2026-08-15,40527,MARAIMALAI NAGAR KAMARAJAR,25,47,11:40,11:51,11.0
2026-08-15,40527,SINGAPERUMAL KOIL,26,51,11:45,11:59,14.0
2026-08-15,40527,PARANUR,27,55,11:50,12:04,14.0
2026-08-15,40527,CHENGALPATTU JN.,28,60,12:05,12:09,4.0
2026-08-15,40033,CHENNAI BEACH,1,0,,,0.0
2026-08-15,40033,CHENNAI FORT,2,2,11:02,11:02,0.0
2026-08-15,40033,CHENNAI PARK,3,3,11:05,11:05,0.0
2026-08-15,40033,CHENNAI EGMORE,4,4,11:08,11:08,0.0
2026-08-15,40033,CHENNAI CHETPAT,5,6,11:12,11:12,0.0
2026-08-15,40033,NUNGAMBAKKAM,6,8,11:15,11:15,0.0
2026-08-15,40033,KODAMBAKKAM,7,9,11:18,11:19,1.0
2026-08-15,40033,MAMBALAM,8,11,11:21,11:21,0.0
2026-08-15,40033,SAIDAPET,9,13,11:24,11:24,0.0
2026-08-15,40033,GUINDY,10,15,11:27,11:27,0.0
2026-08-15,40033,ST THOMAS MOUNT,11,17,11:30,11:31,1.0
2026-08-15,40033,PALAVANTHANGAL,12,18,11:33,11:33,0.0
2026-08-15,40033,MINAMBAKKAM,13,20,11:36,11:36,0.0
2026-08-15,40033,TIRUSULAM,14,22,11:38,11:38,0.0
2026-08-15,40033,PALLAVARAM,15,23,11:41,11:42,1.0
2026-08-15,40033,CHROMEPET,16,25,11:44,11:44,0.0
2026-08-15,40033,TAMBARAM SANATORIUM,17,28,11:47,11:47,0.0
2026-08-15,40033,TAMBARAM,18,29,11:58,11:58,0.0
2026-08-15,40533,CHENNAI BEACH,1,0,,,0.0
2026-08-15,40533,CHENNAI FORT,2,2,12:06,12:06,0.0
2026-08-15,40533,CHENNAI PARK,3,3,12:09,12:10,1.0
2026-08-15,40533,CHENNAI EGMORE,4,4,12:12,12:14,2.0
2026-08-15,40533,CHENNAI CHETPAT,5,6,12:16,12:16,0.0
2026-08-15,40533,NUNGAMBAKKAM,6,8,12:19,12:19,0.0
2026-08-15,40533,KODAMBAKKAM,7,9,12:22,12:22,0.0
2026-08-15,40533,MAMBALAM,8,11,12:25,12:25,0.0
2026-08-15,40533,SAIDAPET,9,13,12:28,12:28,0.0
2026-08-15,40533,GUINDY,10,15,12:31,12:31,0.0
2026-08-15,40533,ST THOMAS MOUNT,11,17,12:34,12:34,0.0
2026-08-15,40533,PALAVANTHANGAL,12,18,12:37,12:37,0.0
2026-08-15,40533,MINAMBAKKAM,13,20,12:40,12:40,0.0
2026-08-15,40533,TIRUSULAM,14,22,12:42,12:42,0.0
2026-08-15,40533,PALLAVARAM,15,23,12:45,12:47,2.0
2026-08-15,40533,CHROMEPET,16,25,12:48,12:48,0.0
2026-08-15,40533,TAMBARAM SANATORIUM,17,28,12:51,12:51,0.0
2026-08-15,40533,TAMBARAM,18,29,13:01,13:01,0.0
2026-08-15,40533,PERUNGALATTUR,19,32,13:07,13:07,0.0
2026-08-15,40533,VANDALUR,20,34,13:10,13:13,3.0
2026-08-15,40533,URAPPAKKAM,21,37,13:14,13:17,3.0
2026-08-15,40533,GUDUVANCHERI,22,40,13:18,13:23,5.0
2026-08-15,40533,POTHERI HALT,23,44,13:22,13:25,3.0
2026-08-15,40533,KATTANGULATUR,24,46,13:26,13:31,5.0
2026-08-15,40533,MARAIMALAI NAGAR KAMARAJAR,25,47,13:28,13:33,5.0
2026-08-15,40533,SINGAPERUMAL KOIL,26,51,13:36,13:39,3.0
2026-08-15,40533,PARANUR,27,55,13:44,13:44,0.0
2026-08-15,40533,CHENGALPATTU JN.,28,60,14:00,14:00,0.0
2026-08-15,40901,CHENNAI BEACH,1,0,,,0.0
2026-08-15,40901,CHENNAI FORT,2,2,13:04,13:04,0.0
2026-08-15,40901,CHENNAI PARK,3,3,13:07,13:08,1.0
2026-08-15,40901,CHENNAI EGMORE,4,4,13:10,13:11,1.0
2026-08-15,40901,CHENNAI CHETPAT,5,6,13:14,13:14,0.0
2026-08-15,40901,NUNGAMBAKKAM,6,8,13:17,13:17,0.0
2026-08-15,40901,KODAMBAKKAM,7,9,13:20,13:21,1.0
2026-08-15,40901,MAMBALAM,8,11,13:23,13:23,0.0
2026-08-15,40901,SAIDAPET,9,13,13:26,13:26,0.0
2026-08-15,40901,GUINDY,10,15,13:29,13:29,0.0
2026-08-15,40901,ST THOMAS MOUNT,11,17,13:32,13:32,0.0
2026-08-15,40901,PALAVANTHANGAL,12,18,13:35,13:35,0.0
2026-08-15,40901,MINAMBAKKAM,13,20,13:38,13:38,0.0
2026-08-15,40901,TIRUSULAM,14,22,13:40,13:40,0.0
2026-08-15,40901,PALLAVARAM,15,23,13:43,13:44,1.0
2026-08-15,40901,CHROMEPET,16,25,13:46,13:46,0.0
2026-08-15,40901,TAMBARAM SANATORIUM,17,28,13:49,13:49,0.0
2026-08-15,40901,TAMBARAM,18,29,13:59,13:59,0.0
2026-08-15,40901,PERUNGALATTUR,19,32,14:05,14:05,0.0
2026-08-15,40901,VANDALUR,20,34,14:08,14:10,2.0
2026-08-15,40901,URAPPAKKAM,21,37,14:12,14:12,0.0
2026-08-15,40901,GUDUVANCHERI,22,40,14:16,14:17,1.0
2026-08-15,40901,POTHERI HALT,23,44,14:20,14:20,0.0
2026-08-15,40901,KATTANGULATUR,24,46,14:24,14:25,1.0
2026-08-15,40901,MARAIMALAI NAGAR KAMARAJAR,25,47,14:26,14:26,0.0
2026-08-15,40901,SINGAPERUMAL KOIL,26,51,14:34,14:34,0.0
2026-08-15,40901,PARANUR,27,55,14:42,14:42,0.0
2026-08-15,40901,CHENGALPATTU JN.,28,60,14:50,14:52,2.0
2026-08-15,40901,REDDIPALAYAM,29,64,15:06,15:06,0.0
2026-08-15,40901,VILLIYAMBAKKAM,30,68,15:11,15:11,0.0
2026-08-15,40901,PALUR,31,71,15:16,15:18,2.0
2026-08-15,40901,PALAYASIVARAM,32,75,15:21,15:21,0.0
2026-08-15,40901,WALAJABAD,33,81,15:26,15:33,7.0
2026-08-15,40901,NATHAPETTAI,34,89,15:34,15:41,7.0
2026-08-15,40901,KANCHIPURAM EAST,35,94,15:39,15:46,7.0
2026-08-15,40901,KANCHIPURAM,36,96,15:44,15:53,9.0
2026-08-15,40901,TIRUMALPUR,37,108,15:57,16:06,9.0
2026-08-15,40901,TAKKOLAM,38,116,16:07,16:14,7.0
2026-08-15,40901,ARAKKONAM JN.,39,128,16:30,16:33,3.0
2026-08-15,40051,CHENNAI BEACH,1,0,,,0.0
2026-08-15,40051,CHENNAI FORT,2,2,14:04,14:04,0.0
2026-08-15,40051,CHENNAI PARK,3,3,14:07,14:07,0.0
2026-08-15,40051,CHENNAI EGMORE,4,4,14:10,14:10,0.0
2026-08-15,40051,CHENNAI CHETPAT,5,6,14:14,14:14,0.0
2026-08-15,40051,NUNGAMBAKKAM,6,8,14:17,14:17,0.0
2026-08-15,40051,KODAMBAKKAM,7,9,14:20,14:20,0.0
2026-08-15,40051,MAMBALAM,8,11,14:23,14:23,0.0
2026-08-15,40051,SAIDAPET,9,13,14:26,14:26,0.0
2026-08-15,40051,GUINDY,10,15,14:29,14:29,0.0
2026-08-15,40051,ST THOMAS MOUNT,11,17,14:32,14:32,0.0
2026-08-15,40051,PALAVANTHANGAL,12,18,14:35,14:35,0.0
2026-08-15,40051,MINAMBAKKAM,13,20,14:38,14:38,0.0
2026-08-15,40051,TIRUSULAM,14,22,14:40,14:40,0.0
2026-08-15,40051,PALLAVARAM,15,23,14:43,14:44,1.0
2026-08-15,40051,CHROMEPET,16,25,14:46,14:46,0.0
2026-08-15,40051,TAMBARAM SANATORIUM,17,28,14:49,14:49,0.0
2026-08-15,40051,TAMBARAM,18,29,14:55,14:58,3.0
2026-08-15,40803,CHENNAI BEACH,1,0,,,0.0
2026-08-15,40803,CHENNAI FORT,2,2,15:04,15:04,0.0
2026-08-15,40803,CHENNAI PARK,3,3,15:07,15:08,1.0
2026-08-15,40803,CHENNAI EGMORE,4,4,15:10,15:10,0.0
2026-08-15,40803,CHENNAI CHETPAT,5,6,15:14,15:14,0.0
2026-08-15,40803,NUNGAMBAKKAM,6,8,15:17,15:17,0.0
2026-08-15,40803,KODAMBAKKAM,7,9,15:20,15:20,0.0
2026-08-15,40803,MAMBALAM,8,11,15:23,15:23,0.0
2026-08-15,40803,SAIDAPET,9,13,15:26,15:26,0.0
2026-08-15,40803,GUINDY,10,15,15:29,15:29,0.0
2026-08-15,40803,ST THOMAS MOUNT,11,17,15:32,15:32,0.0
2026-08-15,40803,PALAVANTHANGAL,12,18,15:35,15:35,0.0
2026-08-15,40803,MINAMBAKKAM,13,20,15:38,15:38,0.0
2026-08-15,40803,TIRUSULAM,14,22,15:40,15:40,0.0
2026-08-15,40803,PALLAVARAM,15,23,15:43,15:43,0.0
2026-08-15,40803,CHROMEPET,16,25,15:46,15:46,0.0
2026-08-15,40803,TAMBARAM SANATORIUM,17,28,15:49,15:49,0.0
2026-08-15,40803,TAMBARAM,18,29,15:59,15:59,0.0
2026-08-15,40803,PERUNGALATTUR,19,32,16:05,16:05,0.0
2026-08-15,40803,VANDALUR,20,34,16:08,16:09,1.0
2026-08-15,40803,URAPPAKKAM,21,37,16:12,16:12,0.0
2026-08-15,40803,GUDUVANCHERI,22,40,16:16,16:18,2.0
2026-08-15,40803,POTHERI HALT,23,44,16:20,16:20,0.0
2026-08-15,40803,KATTANGULATUR,24,46,16:24,16:26,2.0
2026-08-15,40803,MARAIMALAI NAGAR KAMARAJAR,25,47,16:26,16:26,0.0
2026-08-15,40803,SINGAPERUMAL KOIL,26,51,16:34,16:35,1.0
2026-08-15,40803,PARANUR,27,55,16:42,16:42,0.0
2026-08-15,40803,CHENGALPATTU JN.,28,60,16:50,16:50,0.0
2026-08-15,40803,REDDIPALAYAM,29,64,17:06,17:06,0.0
2026-08-15,40803,VILLIYAMBAKKAM,30,68,17:11,17:11,0.0
2026-08-15,40803,PALUR,31,71,17:16,17:18,2.0
2026-08-15,40803,PALAYASIVARAM,32,75,17:21,17:21,0.0
2026-08-15,40803,WALAJABAD,33,81,17:26,17:33,7.0
2026-08-15,40803,NATHAPETTAI,34,89,17:34,17:41,7.0
2026-08-15,40803,KANCHIPURAM EAST,35,94,17:39,17:46,7.0
2026-08-15,40803,KANCHIPURAM,36,96,17:44,17:52,8.0
2026-08-15,40803,TIRUMALPUR,37,108,18:20,18:20,0.0
2026-08-15,40547,CHENNAI BEACH,1,0,,,0.0
2026-08-15,40547,CHENNAI FORT,2,2,16:19,16:19,0.0
2026-08-15,40547,CHENNAI PARK,3,3,16:22,16:22,0.0
2026-08-15,40547,CHENNAI EGMORE,4,4,16:25,16:26,1.0
2026-08-15,40547,CHENNAI CHETPAT,5,6,16:29,16:29,0.0
2026-08-15,40547,NUNGAMBAKKAM,6,8,16:32,16:32,0.0
2026-08-15,40547,KODAMBAKKAM,7,9,16:35,16:36,1.0
2026-08-15,40547,MAMBALAM,8,11,16:38,16:38,0.0
2026-08-15,40547,SAIDAPET,9,13,16:41,16:41,0.0
2026-08-15,40547,GUINDY,10,15,16:44,16:44,0.0
2026-08-15,40547,ST THOMAS MOUNT,11,17,16:47,16:48,1.0
2026-08-15,40547,PALAVANTHANGAL,12,18,16:50,16:50,0.0
2026-08-15,40547,MINAMBAKKAM,13,20,16:53,16:53,0.0
2026-08-15,40547,TIRUSULAM,14,22,16:55,16:55,0.0
2026-08-15,40547,PALLAVARAM,15,23,16:58,16:59,1.0
2026-08-15,40547,CHROMEPET,16,25,17:01,17:01,0.0
2026-08-15,40547,TAMBARAM SANATORIUM,17,28,17:04,17:04,0.0
2026-08-15,40547,TAMBARAM,18,29,17:14,17:15,1.0
2026-08-15,40547,PERUNGALATTUR,19,32,17:20,17:23,3.0
2026-08-15,40547,VANDALUR,20,34,17:23,17:27,4.0
2026-08-15,40547,URAPPAKKAM,21,37,17:27,17:30,3.0
2026-08-15,40547,GUDUVANCHERI,22,40,17:31,17:34,3.0
2026-08-15,40547,POTHERI HALT,23,44,17:35,17:38,3.0
2026-08-15,40547,KATTANGULATUR,24,46,17:39,17:41,2.0
2026-08-15,40547,MARAIMALAI NAGAR KAMARAJAR,25,47,17:41,17:41,0.0
2026-08-15,40547,SINGAPERUMAL KOIL,26,51,17:49,17:49,0.0
2026-08-15,40547,PARANUR,27,55,17:57,17:57,0.0
2026-08-15,40547,CHENGALPATTU JN.,28,60,18:15,18:15,0.0
2026-08-15,42522,GUMMIDIPUNDI,1,0,,,0.0
2026-08-15,42522,KAVARAIPPETTAI,2,6,15:08,15:08,0.0
2026-08-15,42522,PONNERI,3,13,15:17,15:17,0.0
2026-08-15,42522,ANUPPAMBATTU,4,17,15:25,15:25,0.0
2026-08-15,42522,MINJUR,5,21,15:30,15:30,0.0
2026-08-15,42522,NANDIYAMPAKKAM,6,24,15:33,15:36,3.0
2026-08-15,42522,ATTIPPATTU,7,25,15:35,15:40,5.0
2026-08-15,42522,ATTIPATTU PUDU NAGAR.H,8,26,15:38,15:41,3.0
2026-08-15,42522,ENNORE,9,31,15:42,15:49,7.0
2026-08-15,42522,KATHIVAKKAM,10,32,15:44,15:51,7.0
2026-08-15,42522,WIMCO NAGAR,11,35,15:47,15:54,7.0
2026-08-15,42522,TIRUVOTTIYUR,12,38,15:54,16:04,10.0
2026-08-15,42522,VOC NAGAR,13,39,15:58,16:08,10.0
2026-08-15,42522,TONDIARPET,14,41,16:00,16:10,10.0
2026-08-15,42522,KORUKKUPET JN,15,42,16:02,16:18,16.0
2026-08-15,42522,WASHERMANPET,16,44,16:09,16:24,15.0
2026-08-15,42522,ROYAPURAM,17,46,16:12,16:30,18.0
2026-08-15,42522,CHENNAI BEACH,18,47,16:35,16:39,4.0
2026-08-15,42522,CHENNAI FORT,19,49,16:54,16:57,3.0
2026-08-15,42522,CHENNAI PARK,20,50,16:57,17:01,4.0
2026-08-15,42522,CHENNAI EGMORE,21,51,17:00,17:03,3.0
2026-08-15,42522,CHENNAI CHETPAT,22,53,17:04,17:04,0.0
2026-08-15,42522,NUNGAMBAKKAM,23,55,17:07,17:07,0.0
2026-08-15,42522,KODAMBAKKAM,24,56,17:10,17:15,5.0
2026-08-15,42522,MAMBALAM,25,58,17:13,17:17,4.0
2026-08-15,42522,SAIDAPET,26,59,17:16,17:20,4.0
2026-08-15,42522,GUINDY,27,62,17:19,17:23,4.0
2026-08-15,42522,ST THOMAS MOUNT,28,64,17:22,17:26,4.0
2026-08-15,42522,PALAVANTHANGAL,29,65,17:25,17:29,4.0
2026-08-15,42522,MINAMBAKKAM,30,67,17:28,17:32,4.0
2026-08-15,42522,TIRUSULAM,31,69,17:30,17:34,4.0
2026-08-15,42522,PALLAVARAM,32,70,17:33,17:37,4.0
2026-08-15,42522,CHROMEPET,33,72,17:36,17:39,3.0
2026-08-15,42522,TAMBARAM SANATORIUM,34,74,17:39,17:42,3.0
2026-08-15,42522,TAMBARAM,35,76,17:50,17:50,0.0
2026-08-15,40067,CHENNAI BEACH,1,0,,,0.0
2026-08-15,40067,CHENNAI FORT,2,2,17:49,17:49,0.0
2026-08-15,40067,CHENNAI PARK,3,3,17:52,17:54,2.0
2026-08-15,40067,CHENNAI EGMORE,4,4,17:55,17:57,2.0
2026-08-15,40067,CHENNAI CHETPAT,5,6,17:59,17:59,0.0
2026-08-15,40067,NUNGAMBAKKAM,6,8,18:02,18:02,0.0
2026-08-15,40067,KODAMBAKKAM,7,9,18:05,18:08,3.0
2026-08-15,40067,MAMBALAM,8,11,18:08,18:08,0.0
2026-08-15,40067,SAIDAPET,9,13,18:11,18:11,0.0
2026-08-15,40067,GUINDY,10,15,18:14,18:14,0.0
2026-08-15,40067,ST THOMAS MOUNT,11,17,18:17,18:17,0.0
2026-08-15,40067,PALAVANTHANGAL,12,18,18:20,18:20,0.0
2026-08-15,40067,MINAMBAKKAM,13,20,18:23,18:23,0.0
2026-08-15,40067,TIRUSULAM,14,22,18:25,18:25,0.0
2026-08-15,40067,PALLAVARAM,15,23,18:28,18:28,0.0
2026-08-15,40067,CHROMEPET,16,25,18:31,18:31,0.0
2026-08-15,40067,TAMBARAM SANATORIUM,17,28,18:34,18:34,0.0
2026-08-15,40067,TAMBARAM,18,29,18:40,18:40,0.0
2026-08-15,40903,CHENNAI BEACH,1,0,,,2.0
2026-08-15,40903,CHENNAI FORT,2,2,18:11,18:11,0.0
2026-08-15,40903,CHENNAI PARK,3,3,18:14,18:17,3.0
2026-08-15,40903,CHENNAI EGMORE,4,4,18:17,18:23,6.0
2026-08-15,40903,MAMBALAM,5,11,18:27,18:30,3.0
2026-08-15,40903,GUINDY,6,15,18:32,18:35,3.0
2026-08-15,40903,TAMBARAM,7,29,18:54,18:54,0.0
2026-08-15,40903,CHENGALPATTU JN.,8,60,19:27,19:27,0.0
2026-08-15,40903,PALUR,9,71,19:49,19:50,1.0
2026-08-15,40903,WALAJABAD,10,81,19:59,19:59,0.0
2026-08-15,40903,KANCHIPURAM EAST,11,94,20:11,20:11,0.0
2026-08-15,40903,KANCHIPURAM,12,96,20:14,20:19,5.0
2026-08-15,40903,TIRUMALPUR,13,108,20:29,20:40,11.0
2026-08-15,40903,TAKKOLAM,14,116,20:39,20:48,9.0
2026-08-15,40903,ARAKKONAM JN.,15,128,21:15,21:15,0.0
2026-08-15,49007,CHENNAI BEACH,1,0,,,6.0
2026-08-15,49007,CHENNAI FORT,2,2,18:21,18:27,6.0
2026-08-15,49007,CHENNAI PARK,3,3,18:24,18:32,8.0
2026-08-15,49007,CHENNAI EGMORE,4,4,18:27,18:37,10.0
2026-08-15,49007,MAMBALAM,5,11,18:37,18:47,10.0
2026-08-15,49007,GUINDY,6,15,18:42,18:52,10.0
2026-08-15,49007,ST THOMAS MOUNT,7,17,18:45,18:55,10.0
2026-08-15,49007,CHROMEPET,8,25,18:54,19:04,10.0
2026-08-15,49007,TAMBARAM,9,29,19:04,19:08,4.0
2026-08-15,49007,PERUNGALATTUR,10,32,19:10,19:14,4.0
2026-08-15,49007,URAPPAKKAM,11,37,19:16,19:20,4.0
2026-08-15,49007,GUDUVANCHERI,12,40,19:20,19:24,4.0
2026-08-15,49007,POTHERI HALT,13,44,19:24,19:28,4.0
2026-08-15,49007,SINGAPERUMAL KOIL,14,51,19:32,19:38,6.0
2026-08-15,49007,PARANUR,15,55,19:37,19:41,4.0
2026-08-15,49007,CHENGALPATTU JN.,16,60,19:50,19:51,1.0
2026-08-15,40703,CHENNAI BEACH,1,0,,,1.0
2026-08-15,40703,CHENNAI FORT,2,2,19:24,19:24,0.0
2026-08-15,40703,CHENNAI PARK,3,3,19:27,19:30,3.0
2026-08-15,40703,CHENNAI EGMORE,4,4,19:30,19:32,2.0
2026-08-15,40703,CHENNAI CHETPAT,5,6,19:34,19:34,0.0
2026-08-15,40703,NUNGAMBAKKAM,6,8,19:37,19:37,0.0
2026-08-15,40703,KODAMBAKKAM,7,9,19:40,19:42,2.0
2026-08-15,40703,MAMBALAM,8,11,19:43,19:43,0.0
2026-08-15,40703,SAIDAPET,9,13,19:46,19:46,0.0
2026-08-15,40703,GUINDY,10,15,19:49,19:49,0.0
2026-08-15,40703,ST THOMAS MOUNT,11,17,19:52,19:53,1.0
2026-08-15,40703,PALAVANTHANGAL,12,18,19:55,19:55,0.0
2026-08-15,40703,MINAMBAKKAM,13,20,19:58,19:58,0.0
2026-08-15,40703,TIRUSULAM,14,22,20:00,20:00,0.0
2026-08-15,40703,PALLAVARAM,15,23,20:03,20:09,6.0
2026-08-15,40703,CHROMEPET,16,25,20:06,20:12,6.0
2026-08-15,40703,TAMBARAM SANATORIUM,17,28,20:09,20:15,6.0
2026-08-15,40703,TAMBARAM,18,29,20:19,20:23,4.0
2026-08-15,40703,PERUNGALATTUR,19,32,20:25,20:29,4.0
2026-08-15,40703,VANDALUR,20,34,20:28,20:33,5.0
2026-08-15,40703,URAPPAKKAM,21,37,20:32,20:36,4.0
2026-08-15,40703,GUDUVANCHERI,22,40,20:36,20:44,8.0
2026-08-15,40703,POTHERI HALT,23,44,20:40,20:48,8.0
2026-08-15,40703,KATTANGULATUR,24,46,20:44,20:53,9.0
2026-08-15,40703,MARAIMALAI NAGAR KAMARAJAR,25,47,20:46,20:53,7.0
2026-08-15,40703,SINGAPERUMAL KOIL,26,51,20:54,21:06,12.0
2026-08-15,40703,PARANUR,27,55,21:02,21:11,9.0
2026-08-15,40703,CHENGALPATTU JN.,28,60,21:10,21:17,7.0
2026-08-15,40703,REDDIPALAYAM,29,64,21:26,21:29,3.0
2026-08-15,40703,VILLIYAMBAKKAM,30,68,21:31,21:34,3.0
2026-08-15,40703,PALUR,31,71,21:36,21:42,6.0
2026-08-15,40703,PALAYASIVARAM,32,75,21:41,21:46,5.0
2026-08-15,40703,WALAJABAD,33,81,21:46,21:52,6.0
2026-08-15,40703,NATHAPETTAI,34,89,21:54,21:59,5.0
2026-08-15,40703,KANCHIPURAM EAST,35,94,21:56,22:01,5.0
2026-08-15,40703,KANCHIPURAM,36,96,22:05,22:09,4.0
2026-08-15,40201,CHENNAI BEACH,1,0,,,6.0
2026-08-15,40201,CHENNAI FORT,2,2,19:34,19:40,6.0
2026-08-15,40201,CHENNAI PARK,3,3,19:37,19:43,6.0
2026-08-15,40201,CHENNAI EGMORE,4,4,19:40,19:46,6.0
2026-08-15,40201,CHENNAI CHETPAT,5,6,19:44,19:49,5.0
2026-08-15,40201,NUNGAMBAKKAM,6,8,19:47,19:52,5.0
2026-08-15,40201,KODAMBAKKAM,7,9,19:50,19:57,7.0
2026-08-15,40201,MAMBALAM,8,11,19:53,19:59,6.0
2026-08-15,40201,SAIDAPET,9,13,19:56,20:02,6.0
2026-08-15,40201,GUINDY,10,15,19:59,20:05,6.0
2026-08-15,40201,ST THOMAS MOUNT,11,17,20:02,20:08,6.0
2026-08-15,40201,PALAVANTHANGAL,12,18,20:05,20:11,6.0
2026-08-15,40201,MINAMBAKKAM,13,20,20:08,20:14,6.0
2026-08-15,40201,TIRUSULAM,14,22,20:10,20:16,6.0
2026-08-15,40201,PALLAVARAM,15,23,20:13,20:18,5.0
2026-08-15,40201,CHROMEPET,16,25,20:16,20:21,5.0
2026-08-15,40201,TAMBARAM SANATORIUM,17,28,20:19,20:24,5.0
2026-08-15,40201,TAMBARAM,18,29,20:29,20:30,1.0
2026-08-15,40201,PERUNGALATTUR,19,32,20:35,20:40,5.0
2026-08-15,40201,VANDALUR,20,34,20:38,20:43,5.0
2026-08-15,40201,URAPPAKKAM,21,37,20:42,20:47,5.0
2026-08-15,40201,GUDUVANCHERI,22,40,20:55,20:55,0.0
2026-08-15,40203,CHENNAI BEACH,1,0,,,0.0
2026-08-15,40203,CHENNAI FORT,2,2,20:04,20:04,0.0
2026-08-15,40203,CHENNAI PARK,3,3,20:07,20:10,3.0
2026-08-15,40203,CHENNAI EGMORE,4,4,20:10,20:13,3.0
2026-08-15,40203,CHENNAI CHETPAT,5,6,20:14,20:14,0.0
2026-08-15,40203,NUNGAMBAKKAM,6,8,20:17,20:17,0.0
2026-08-15,40203,KODAMBAKKAM,7,9,20:20,20:24,4.0
2026-08-15,40203,MAMBALAM,8,11,20:23,20:26,3.0
2026-08-15,40203,SAIDAPET,9,13,20:26,20:29,3.0
2026-08-15,40203,GUINDY,10,15,20:29,20:32,3.0
2026-08-15,40203,ST THOMAS MOUNT,11,17,20:32,20:35,3.0
2026-08-15,40203,PALAVANTHANGAL,12,18,20:35,20:38,3.0
2026-08-15,40203,MINAMBAKKAM,13,20,20:38,20:41,3.0
2026-08-15,40203,TIRUSULAM,14,22,20:40,20:43,3.0
2026-08-15,40203,PALLAVARAM,15,23,20:43,20:46,3.0
2026-08-15,40203,CHROMEPET,16,25,20:46,20:49,3.0
2026-08-15,40203,TAMBARAM SANATORIUM,17,28,20:49,20:52,3.0
2026-08-15,40203,TAMBARAM,18,29,20:59,21:01,2.0
2026-08-15,40203,PERUNGALATTUR,19,32,21:05,21:05,0.0
2026-08-15,40203,VANDALUR,20,34,21:08,21:09,1.0
2026-08-15,40203,URAPPAKKAM,21,37,21:12,21:12,0.0
2026-08-15,40203,GUDUVANCHERI,22,40,21:30,21:30,0.0
2026-08-15,40081,CHENNAI BEACH,1,0,,,4.0
2026-08-15,40081,CHENNAI FORT,2,2,21:04,21:08,4.0
2026-08-15,40081,CHENNAI PARK,3,3,21:07,21:11,4.0
2026-08-15,40081,CHENNAI EGMORE,4,4,21:10,21:14,4.0
2026-08-15,40081,CHENNAI CHETPAT,5,6,21:14,21:17,3.0
2026-08-15,40081,NUNGAMBAKKAM,6,8,21:17,21:20,3.0
2026-08-15,40081,KODAMBAKKAM,7,9,21:20,21:25,5.0
2026-08-15,40081,MAMBALAM,8,11,21:23,21:27,4.0
2026-08-15,40081,SAIDAPET,9,13,21:26,21:30,4.0
2026-08-15,40081,GUINDY,10,15,21:29,21:33,4.0
2026-08-15,40081,ST THOMAS MOUNT,11,17,21:32,21:36,4.0
2026-08-15,40081,PALAVANTHANGAL,12,18,21:35,21:39,4.0
2026-08-15,40081,MINAMBAKKAM,13,20,21:38,21:42,4.0
2026-08-15,40081,TIRUSULAM,14,22,21:40,21:44,4.0
2026-08-15,40081,PALLAVARAM,15,23,21:43,21:47,4.0
2026-08-15,40081,CHROMEPET,16,25,21:46,21:49,3.0
2026-08-15,40081,TAMBARAM SANATORIUM,17,28,21:49,21:52,3.0
2026-08-15,40081,TAMBARAM,18,29,22:00,22:05,5.0
2026-08-15,40569,CHENNAI BEACH,1,0,,,2.0
2026-08-15,40569,CHENNAI FORT,2,2,22:04,22:04,0.0
2026-08-15,40569,CHENNAI PARK,3,3,22:07,22:09,2.0
2026-08-15,40569,CHENNAI EGMORE,4,4,22:10,22:12,2.0
2026-08-15,40569,CHENNAI CHETPAT,5,6,22:14,22:14,0.0
2026-08-15,40569,NUNGAMBAKKAM,6,8,22:17,22:17,0.0
2026-08-15,40569,KODAMBAKKAM,7,9,22:20,22:23,3.0
2026-08-15,40569,MAMBALAM,8,11,22:23,22:23,0.0
2026-08-15,40569,SAIDAPET,9,13,22:26,22:26,0.0
2026-08-15,40569,GUINDY,10,15,22:29,22:29,0.0
2026-08-15,40569,ST THOMAS MOUNT,11,17,22:32,22:34,2.0
2026-08-15,40569,PALAVANTHANGAL,12,18,22:35,22:35,0.0
2026-08-15,40569,MINAMBAKKAM,13,20,22:38,22:38,0.0
2026-08-15,40569,TIRUSULAM,14,22,22:40,22:40,0.0
2026-08-15,40569,PALLAVARAM,15,23,22:43,22:45,2.0
2026-08-15,40569,CHROMEPET,16,25,22:46,22:46,0.0
2026-08-15,40569,TAMBARAM SANATORIUM,17,28,22:49,22:49,0.0
2026-08-15,40569,TAMBARAM,18,29,22:59,23:00,1.0
2026-08-15,40569,PERUNGALATTUR,19,32,23:05,23:10,5.0
2026-08-15,40569,VANDALUR,20,34,23:08,23:16,8.0
2026-08-15,40569,URAPPAKKAM,21,37,23:12,23:20,8.0
2026-08-15,40569,GUDUVANCHERI,22,40,23:16,23:21,5.0
2026-08-15,40569,POTHERI HALT,23,44,23:20,23:25,5.0
2026-08-15,40569,KATTANGULATUR,24,46,23:24,23:28,4.0
2026-08-15,40569,MARAIMALAI NAGAR KAMARAJAR,25,47,23:26,23:30,4.0
2026-08-15,40569,SINGAPERUMAL KOIL,26,51,23:34,23:36,2.0
2026-08-15,40569,PARANUR,27,55,23:42,23:42,0.0
2026-08-15,40569,CHENGALPATTU JN.,28,60,00:05,00:05,0.0
2026-08-15,40085,CHENNAI BEACH,1,0,,,0.0
2026-08-15,40085,CHENNAI FORT,2,2,23:04,23:04,0.0
2026-08-15,40085,CHENNAI PARK,3,3,23:07,23:07,0.0
2026-08-15,40085,CHENNAI EGMORE,4,4,23:10,23:10,0.0
2026-08-15,40085,CHENNAI CHETPAT,5,6,23:14,23:14,0.0
2026-08-15,40085,NUNGAMBAKKAM,6,8,23:17,23:17,0.0
2026-08-15,40085,KODAMBAKKAM,7,9,23:20,23:21,1.0
2026-08-15,40085,MAMBALAM,8,11,23:23,23:23,0.0
2026-08-15,40085,SAIDAPET,9,13,23:26,23:26,0.0
2026-08-15,40085,GUINDY,10,15,23:29,23:29,0.0
2026-08-15,40085,ST THOMAS MOUNT,11,17,23:32,23:32,0.0
2026-08-15,40085,PALAVANTHANGAL,12,18,23:35,23:35,0.0
2026-08-15,40085,MINAMBAKKAM,13,20,23:38,23:38,0.0
2026-08-15,40085,TIRUSULAM,14,22,23:40,23:40,0.0
2026-08-15,40085,PALLAVARAM,15,23,23:43,23:44,1.0
2026-08-15,40085,CHROMEPET,16,25,23:46,23:46,0.0
2026-08-15,40085,TAMBARAM SANATORIUM,17,28,23:49,23:49,0.0
2026-08-15,40085,TAMBARAM,18,29,00:00,00:00,0.0
2026-08-17,40003,CHENNAI BEACH,1,0,,,0.0
2026-08-17,40003,CHENNAI FORT,2,2,07:14,07:14,0.0
2026-08-17,40003,CHENNAI PARK,3,3,07:17,07:17,0.0
2026-08-17,40003,CHENNAI EGMORE,4,4,07:20,07:21,1.0
2026-08-17,40003,CHENNAI CHETPAT,5,6,07:24,07:24,0.0
2026-08-17,40003,NUNGAMBAKKAM,6,8,07:27,07:27,0.0
2026-08-17,40003,KODAMBAKKAM,7,9,07:30,07:31,1.0
2026-08-17,40003,MAMBALAM,8,11,07:33,07:33,0.0
2026-08-17,40003,SAIDAPET,9,13,07:36,07:36,0.0
2026-08-17,40003,GUINDY,10,15,07:39,07:39,0.0
2026-08-17,40003,ST THOMAS MOUNT,11,17,07:42,07:43,1.0
2026-08-17,40003,PALAVANTHANGAL,12,18,07:45,07:45,0.0
2026-08-17,40003,MINAMBAKKAM,13,20,07:48,07:48,0.0
2026-08-17,40003,TIRUSULAM,14,22,07:50,07:50,0.0
2026-08-17,40003,PALLAVARAM,15,23,07:53,07:54,1.0
2026-08-17,40003,CHROMEPET,16,25,07:56,07:56,0.0
2026-08-17,40003,TAMBARAM SANATORIUM,17,28,07:59,07:59,0.0
2026-08-17,40003,TAMBARAM,18,29,08:10,08:10,0.0
2026-08-17,40045,CHENNAI BEACH,1,0,,,0.0
2026-08-17,40045,CHENNAI FORT,2,2,12:49,12:49,0.0
2026-08-17,40045,CHENNAI PARK,3,3,12:52,12:52,0.0
2026-08-17,40045,CHENNAI EGMORE,4,4,12:55,12:56,1.0
2026-08-17,40045,CHENNAI CHETPAT,5,6,12:59,12:59,0.0
2026-08-17,40045,NUNGAMBAKKAM,6,8,13:02,13:02,0.0
2026-08-17,40045,KODAMBAKKAM,7,9,13:05,13:05,0.0
2026-08-17,40045,MAMBALAM,8,11,13:08,13:08,0.0
2026-08-17,40045,SAIDAPET,9,13,13:11,13:11,0.0
2026-08-17,40045,GUINDY,10,15,13:14,13:14,0.0
2026-08-17,40045,ST THOMAS MOUNT,11,17,13:17,13:18,1.0
2026-08-17,40045,PALAVANTHANGAL,12,18,13:20,13:20,0.0
2026-08-17,40045,MINAMBAKKAM,13,20,13:23,13:23,0.0
2026-08-17,40045,TIRUSULAM,14,22,13:25,13:25,0.0
2026-08-17,40045,PALLAVARAM,15,23,13:28,13:29,1.0
2026-08-17,40045,CHROMEPET,16,25,13:31,13:31,0.0
2026-08-17,40045,TAMBARAM SANATORIUM,17,28,13:34,13:34,0.0
2026-08-17,40045,TAMBARAM,18,29,13:45,13:45,0.0
2026-08-17,40046,TAMBARAM,1,0,,,0.0
2026-08-17,40046,TAMBARAM SANATORIUM,2,1,12:24,12:24,0.0
2026-08-17,40046,CHROMEPET,3,4,12:27,12:27,0.0
2026-08-17,40046,PALLAVARAM,4,6,12:30,12:32,2.0
2026-08-17,40046,TIRUSULAM,5,8,12:33,12:33,0.0
2026-08-17,40046,MINAMBAKKAM,6,9,12:35,12:35,0.0
2026-08-17,40046,PALAVANTHANGAL,7,10,12:38,12:38,0.0
2026-08-17,40046,ST THOMAS MOUNT,8,12,12:41,12:50,9.0
2026-08-17,40046,GUINDY,9,14,12:44,12:53,9.0
2026-08-17,40046,SAIDAPET,10,16,12:47,12:56,9.0
2026-08-17,40046,MAMBALAM,11,18,12:50,12:59,9.0
2026-08-17,40046,KODAMBAKKAM,12,19,12:53,13:03,10.0
2026-08-17,40046,NUNGAMBAKKAM,13,21,12:56,13:03,7.0
2026-08-17,40046,CHENNAI CHETPAT,14,23,12:59,13:06,7.0
2026-08-17,40046,CHENNAI EGMORE,15,25,13:02,13:13,11.0
2026-08-17,40046,CHENNAI PARK,16,26,13:05,13:16,11.0
2026-08-17,40046,CHENNAI FORT,17,27,13:08,13:19,11.0
2026-08-17,40046,CHENNAI BEACH,18,29,13:20,13:25,5.0
2026-08-17,49003,CHENNAI BEACH,1,0,,,10.0
2026-08-17,49003,CHENNAI FORT,2,2,09:47,09:57,10.0
2026-08-17,49003,CHENNAI PARK,3,3,09:50,10:01,11.0
2026-08-17,49003,CHENNAI EGMORE,4,4,09:53,10:04,11.0
2026-08-17,49003,CHENNAI CHETPAT,5,6,09:57,10:06,9.0
2026-08-17,49003,NUNGAMBAKKAM,6,8,10:00,10:09,9.0
2026-08-17,49003,KODAMBAKKAM,7,9,10:03,10:13,10.0
2026-08-17,49003,MAMBALAM,8,11,10:06,10:13,7.0
2026-08-17,49003,SAIDAPET,9,13,10:09,10:16,7.0
2026-08-17,49003,GUINDY,10,15,10:12,10:19,7.0
2026-08-17,49003,ST THOMAS MOUNT,11,17,10:15,10:24,9.0
2026-08-17,49003,PALAVANTHANGAL,12,18,10:18,10:25,7.0
2026-08-17,49003,MINAMBAKKAM,13,20,10:21,10:28,7.0
2026-08-17,49003,TIRUSULAM,14,22,10:23,10:30,7.0
2026-08-17,49003,PALLAVARAM,15,23,10:26,10:34,8.0
2026-08-17,49003,CHROMEPET,16,25,10:29,10:37,8.0
2026-08-17,49003,TAMBARAM SANATORIUM,17,28,10:32,10:40,8.0
2026-08-17,49003,TAMBARAM,18,29,10:43,10:48,5.0
2026-08-17,49004,TAMBARAM,1,0,,,0.0
2026-08-17,49004,TAMBARAM SANATORIUM,2,1,14:29,14:29,0.0
2026-08-17,49004,CHROMEPET,3,4,14:32,14:32,0.0
2026-08-17,49004,PALLAVARAM,4,6,14:35,14:37,2.0
2026-08-17,49004,TIRUSULAM,5,8,14:38,14:38,0.0
2026-08-17,49004,MINAMBAKKAM,6,9,14:40,14:40,0.0
2026-08-17,49004,PALAVANTHANGAL,7,10,14:43,14:43,0.0
2026-08-17,49004,ST THOMAS MOUNT,8,12,14:46,14:48,2.0
2026-08-17,49004,GUINDY,9,14,14:49,14:49,0.0
2026-08-17,49004,SAIDAPET,10,16,14:52,14:52,0.0
2026-08-17,49004,MAMBALAM,11,18,14:55,14:55,0.0
2026-08-17,49004,KODAMBAKKAM,12,19,14:58,14:58,0.0
2026-08-17,49004,NUNGAMBAKKAM,13,21,15:01,15:01,0.0
2026-08-17,49004,CHENNAI CHETPAT,14,23,15:04,15:04,0.0
2026-08-17,49004,CHENNAI EGMORE,15,25,15:07,15:07,0.0
2026-08-17,49004,CHENNAI PARK,16,26,15:10,15:10,0.0
2026-08-17,49004,CHENNAI FORT,17,27,15:13,15:13,0.0
2026-08-17,49004,CHENNAI BEACH,18,29,15:25,15:25,0.0
2026-08-17,40501,CHENNAI BEACH,1,0,,,0.0
2026-08-17,40501,CHENNAI FORT,2,2,03:54,03:54,0.0
2026-08-17,40501,CHENNAI PARK,3,3,03:57,03:58,1.0
2026-08-17,40501,CHENNAI EGMORE,4,4,04:00,04:02,2.0
2026-08-17,40501,CHENNAI CHETPAT,5,6,04:04,04:04,0.0
2026-08-17,40501,NUNGAMBAKKAM,6,8,04:07,04:07,0.0
2026-08-17,40501,KODAMBAKKAM,7,9,04:10,04:11,1.0
2026-08-17,40501,MAMBALAM,8,11,04:13,04:13,0.0
2026-08-17,40501,SAIDAPET,9,13,04:16,04:16,0.0
2026-08-17,40501,GUINDY,10,15,04:19,04:19,0.0
2026-08-17,40501,ST THOMAS MOUNT,11,17,04:22,04:23,1.0
2026-08-17,40501,PALAVANTHANGAL,12,18,04:25,04:25,0.0
2026-08-17,40501,MINAMBAKKAM,13,20,04:28,04:28,0.0
2026-08-17,40501,TIRUSULAM,14,22,04:30,04:30,0.0
2026-08-17,40501,PALLAVARAM,15,23,04:33,04:34,1.0
2026-08-17,40501,CHROMEPET,16,25,04:36,04:36,0.0
2026-08-17,40501,TAMBARAM SANATORIUM,17,28,04:39,04:39,0.0
2026-08-17,40501,TAMBARAM,18,29,04:49,04:49,0.0
2026-08-17,40501,PERUNGALATTUR,19,32,04:56,04:56,0.0
2026-08-17,40501,VANDALUR,20,34,04:59,05:02,3.0
2026-08-17,40501,URAPPAKKAM,21,37,05:03,05:06,3.0
2026-08-17,40501,GUDUVANCHERI,22,40,05:07,05:10,3.0
2026-08-17,40501,POTHERI HALT,23,44,05:11,05:14,3.0
2026-08-17,40501,KATTANGULATUR,24,46,05:15,05:17,2.0
2026-08-17,40501,MARAIMALAI NAGAR KAMARAJAR,25,47,05:17,05:17,0.0
2026-08-17,40501,SINGAPERUMAL KOIL,26,51,05:22,05:24,2.0
2026-08-17,40501,PARANUR,27,55,05:27,05:27,0.0
2026-08-17,40501,CHENGALPATTU JN.,28,60,05:40,05:40,0.0
2026-08-17,40701,CHENNAI BEACH,1,0,,,0.0
2026-08-17,40701,CHENNAI FORT,2,2,05:14,05:14,0.0
2026-08-17,40701,CHENNAI PARK,3,3,05:17,05:18,1.0
2026-08-17,40701,CHENNAI EGMORE,4,4,05:20,05:22,2.0
2026-08-17,40701,CHENNAI CHETPAT,5,6,05:24,05:24,0.0
2026-08-17,40701,NUNGAMBAKKAM,6,8,05:27,05:27,0.0
2026-08-17,40701,KODAMBAKKAM,7,9,05:30,05:31,1.0
2026-08-17,40701,MAMBALAM,8,11,05:33,05:33,0.0
2026-08-17,40701,SAIDAPET,9,13,05:36,05:36,0.0
2026-08-17,40701,GUINDY,10,15,05:39,05:39,0.0
2026-08-17,40701,ST THOMAS MOUNT,11,17,05:42,05:43,1.0
2026-08-17,40701,PALAVANTHANGAL,12,18,05:45,05:45,0.0
2026-08-17,40701,MINAMBAKKAM,13,20,05:48,05:48,0.0
2026-08-17,40701,TIRUSULAM,14,22,05:50,05:50,0.0
2026-08-17,40701,PALLAVARAM,15,23,05:53,05:54,1.0
2026-08-17,40701,CHROMEPET,16,25,05:56,05:56,0.0
2026-08-17,40701,TAMBARAM SANATORIUM,17,28,05:59,05:59,0.0
2026-08-17,40701,TAMBARAM,18,29,06:09,06:09,0.0
2026-08-17,40701,PERUNGALATTUR,19,32,06:16,06:35,19.0
2026-08-17,40701,VANDALUR,20,34,06:19,06:39,20.0
2026-08-17,40701,URAPPAKKAM,21,37,06:23,06:42,19.0
2026-08-17,40701,GUDUVANCHERI,22,40,06:27,06:48,21.0
2026-08-17,40701,POTHERI HALT,23,44,06:31,06:50,19.0
2026-08-17,40701,KATTANGULATUR,24,46,06:35,06:56,21.0
2026-08-17,40701,MARAIMALAI NAGAR KAMARAJAR,25,47,06:37,06:58,21.0
2026-08-17,40701,SINGAPERUMAL KOIL,26,51,06:42,07:03,21.0
2026-08-17,40701,PARANUR,27,55,06:47,07:08,21.0
2026-08-17,40701,CHENGALPATTU JN.,28,60,07:19,07:19,0.0
2026-08-17,40701,PALUR,29,71,07:31,07:47,16.0
2026-08-17,40701,WALAJABAD,30,81,07:41,07:56,15.0
2026-08-17,40701,KANCHIPURAM EAST,31,94,07:54,08:10,16.0
2026-08-17,40701,KANCHIPURAM,32,96,08:15,08:15,0.0
2026-08-17,40801,CHENNAI BEACH,1,0,,,0.0
2026-08-17,40801,CHENNAI FORT,2,2,07:24,07:24,0.0
2026-08-17,40801,CHENNAI PARK,3,3,07:27,07:28,1.0
2026-08-17,40801,CHENNAI EGMORE,4,4,07:30,07:32,2.0
2026-08-17,40801,CHENNAI CHETPAT,5,6,07:34,07:34,0.0
2026-08-17,40801,NUNGAMBAKKAM,6,8,07:37,07:37,0.0
2026-08-17,40801,KODAMBAKKAM,7,9,07:40,07:42,2.0
2026-08-17,40801,MAMBALAM,8,11,07:43,07:43,0.0
2026-08-17,40801,SAIDAPET,9,13,07:46,07:46,0.0
2026-08-17,40801,GUINDY,10,15,07:49,07:49,0.0
2026-08-17,40801,ST THOMAS MOUNT,11,17,07:52,07:53,1.0
2026-08-17,40801,PALAVANTHANGAL,12,18,07:55,07:55,0.0
2026-08-17,40801,MINAMBAKKAM,13,20,07:58,07:58,0.0
2026-08-17,40801,TIRUSULAM,14,22,08:00,08:00,0.0
2026-08-17,40801,PALLAVARAM,15,23,08:03,08:04,1.0
2026-08-17,40801,CHROMEPET,16,25,08:06,08:06,0.0
2026-08-17,40801,TAMBARAM SANATORIUM,17,28,08:09,08:09,0.0
2026-08-17,40801,TAMBARAM,18,29,08:19,08:19,0.0
2026-08-17,40801,PERUNGALATTUR,19,32,08:25,08:25,0.0
2026-08-17,40801,VANDALUR,20,34,08:28,08:29,1.0
2026-08-17,40801,URAPPAKKAM,21,37,08:32,08:32,0.0
2026-08-17,40801,GUDUVANCHERI,22,40,08:36,08:41,5.0
2026-08-17,40801,POTHERI HALT,23,44,08:40,08:45,5.0
2026-08-17,40801,KATTANGULATUR,24,46,08:44,08:50,6.0
2026-08-17,40801,MARAIMALAI NAGAR KAMARAJAR,25,47,08:46,08:50,4.0
2026-08-17,40801,SINGAPERUMAL KOIL,26,51,08:54,09:00,6.0
2026-08-17,40801,PARANUR,27,55,09:02,09:05,3.0
2026-08-17,40801,CHENGALPATTU JN.,28,60,09:10,09:20,10.0
2026-08-17,40801,REDDIPALAYAM,29,64,09:26,09:37,11.0
2026-08-17,40801,VILLIYAMBAKKAM,30,68,09:31,09:42,11.0
2026-08-17,40801,PALUR,31,71,09:36,09:49,13.0
2026-08-17,40801,PALAYASIVARAM,32,75,09:41,10:26,45.0
2026-08-17,40801,WALAJABAD,33,81,09:46,10:29,43.0
2026-08-17,40801,NATHAPETTAI,34,89,09:54,10:39,45.0
2026-08-17,40801,KANCHIPURAM EAST,35,94,09:59,10:44,45.0
2026-08-17,40801,KANCHIPURAM,36,96,10:04,10:45,41.0
2026-08-17,40801,TIRUMALPUR,37,108,10:50,10:53,3.0
2026-08-17,42502,GUMMIDIPUNDI,1,0,,,0.0
2026-08-17,42502,KAVARAIPPETTAI,2,6,06:08,06:08,0.0
2026-08-17,42502,PONNERI,3,13,06:17,06:17,0.0
2026-08-17,42502,ANUPPAMBATTU,4,17,06:23,06:23,0.0
2026-08-17,42502,MINJUR,5,21,06:28,06:29,1.0
2026-08-17,42502,NANDIYAMPAKKAM,6,24,06:31,06:31,0.0
2026-08-17,42502,ATTIPPATTU,7,25,06:33,06:34,1.0
2026-08-17,42502,ATTIPATTU PUDU NAGAR.H,8,26,06:36,06:39,3.0
2026-08-17,42502,ENNORE,9,31,06:44,06:44,0.0
2026-08-17,42502,KATHIVAKKAM,10,32,06:46,06:46,0.0
2026-08-17,42502,WIMCO NAGAR,11,35,06:49,06:49,0.0
2026-08-17,42502,TIRUVOTTIYUR,12,38,06:56,07:01,5.0
2026-08-17,42502,VOC NAGAR,13,39,07:00,07:03,3.0
2026-08-17,42502,TONDIARPET,14,41,07:02,07:05,3.0
2026-08-17,42502,KORUKKUPET JN,15,42,07:04,07:09,5.0
2026-08-17,42502,WASHERMANPET,16,44,07:14,07:17,3.0
2026-08-17,42502,ROYAPURAM,17,46,07:19,07:19,0.0
2026-08-17,42502,CHENNAI BEACH,18,47,07:40,07:40,0.0
2026-08-17,42502,CHENNAI FORT,19,49,07:54,07:54,0.0
2026-08-17,42502,CHENNAI PARK,20,50,07:57,07:59,2.0
2026-08-17,42502,CHENNAI EGMORE,21,51,08:00,08:02,2.0
2026-08-17,42502,CHENNAI CHETPAT,22,53,08:04,08:04,0.0
2026-08-17,42502,NUNGAMBAKKAM,23,55,08:07,08:07,0.0
2026-08-17,42502,KODAMBAKKAM,24,56,08:10,08:12,2.0
2026-08-17,42502,MAMBALAM,25,58,08:13,08:13,0.0
2026-08-17,42502,SAIDAPET,26,59,08:16,08:16,0.0
2026-08-17,42502,GUINDY,27,62,08:19,08:19,0.0
2026-08-17,42502,ST THOMAS MOUNT,28,64,08:22,08:24,2.0
2026-08-17,42502,PALAVANTHANGAL,29,65,08:25,08:25,0.0
2026-08-17,42502,MINAMBAKKAM,30,67,08:28,08:28,0.0
2026-08-17,42502,TIRUSULAM,31,69,08:30,08:30,0.0
2026-08-17,42502,PALLAVARAM,32,70,08:33,08:35,2.0
2026-08-17,42502,CHROMEPET,33,72,08:36,08:36,0.0
2026-08-17,42502,TAMBARAM SANATORIUM,34,74,08:39,08:39,0.0
2026-08-17,42502,TAMBARAM,35,76,08:49,08:49,0.0
2026-08-17,42502,PERUNGALATTUR,36,79,08:55,08:55,0.0
2026-08-17,42502,VANDALUR,37,81,08:58,08:58,0.0
2026-08-17,42502,URAPPAKKAM,38,84,09:02,09:02,0.0
2026-08-17,42502,GUDUVANCHERI,39,87,09:06,09:06,0.0
2026-08-17,42502,POTHERI HALT,40,90,09:10,09:10,0.0
2026-08-17,42502,KATTANGULATUR,41,92,09:14,09:15,1.0
2026-08-17,42502,MARAIMALAI NAGAR KAMARAJAR,42,94,09:16,09:16,0.0
2026-08-17,42502,SINGAPERUMAL KOIL,43,98,09:24,09:24,0.0
2026-08-17,42502,PARANUR,44,102,09:32,09:32,0.0
2026-08-17,42502,CHENGALPATTU JN.,45,106,09:40,09:40,0.0
2026-08-17,40009,CHENNAI BEACH,1,0,,,0.0
2026-08-17,40009,CHENNAI FORT,2,2,08:14,08:14,0.0
2026-08-17,40009,CHENNAI PARK,3,3,08:17,08:19,2.0
2026-08-17,40009,CHENNAI EGMORE,4,4,08:20,08:22,2.0
2026-08-17,40009,CHENNAI CHETPAT,5,6,08:24,08:24,0.0
2026-08-17,40009,NUNGAMBAKKAM,6,8,08:27,08:27,0.0
2026-08-17,40009,KODAMBAKKAM,7,9,08:30,08:33,3.0
2026-08-17,40009,MAMBALAM,8,11,08:33,08:33,0.0
2026-08-17,40009,SAIDAPET,9,13,08:36,08:36,0.0
2026-08-17,40009,GUINDY,10,15,08:39,08:39,0.0
2026-08-17,40009,ST THOMAS MOUNT,11,17,08:42,08:48,6.0
2026-08-17,40009,PALAVANTHANGAL,12,18,08:45,08:51,6.0
2026-08-17,40009,MINAMBAKKAM,13,20,08:48,08:54,6.0
2026-08-17,40009,TIRUSULAM,14,22,08:50,08:56,6.0
2026-08-17,40009,PALLAVARAM,15,23,08:53,09:00,7.0
2026-08-17,40009,CHROMEPET,16,25,08:56,09:01,5.0
2026-08-17,40009,TAMBARAM SANATORIUM,17,28,08:59,09:04,5.0
2026-08-17,40009,TAMBARAM,18,29,09:10,09:13,3.0
2026-08-17,66034,TIRUVANNAMALAI,1,0,,,0.0
2026-08-17,66034,POLUR,2,31,04:57,04:57,0.0
2026-08-17,66034,MADIMANGALAM,3,43,05:05,05:05,0.0
2026-08-17,66034,ARNI ROAD,4,48,05:11,05:13,2.0
2026-08-17,66034,SEDARAMPATTU,5,53,05:17,05:17,0.0
2026-08-17,66034,ONNUPURAM,6,57,05:22,05:22,0.0
2026-08-17,66034,KANNAMANGALAM,7,62,05:29,05:30,1.0
2026-08-17,66034,PENNATHUR H,8,74,05:49,05:49,0.0
2026-08-17,66034,VELLORE CANTONMENT,9,83,06:05,06:05,0.0
2026-08-17,66034,KATPADI JN,10,92,06:18,06:21,3.0
2026-08-17,66034,TIRUVALAM,11,104,06:34,06:43,9.0
2026-08-17,66034,MUKUNDARAYAPURM,12,109,06:39,06:52,13.0
2026-08-17,66034,WALAJAH ROAD,13,117,06:49,07:01,12.0
2026-08-17,66034,THALANGAI,14,127,07:00,07:16,16.0
2026-08-17,66034,SHOLINGHUR,15,132,07:14,07:33,19.0
2026-08-17,66034,ANAVARDIKHANPETTAI,16,141,07:25,07:25,0.0
2026-08-17,66034,CHITTERI,17,145,07:35,07:53,18.0
2026-08-17,66034,ARAKKONAM JN.,18,153,07:58,08:10,12.0
2026-08-17,66034,PULIYAMANGALAM,19,155,08:04,08:23,19.0
2026-08-17,66034,MOSUR,20,158,08:07,08:26,19.0
2026-08-17,66034,TIRUVALANGADU,21,163,08:12,08:30,18.0
2026-08-17,66034,MANAVUR,22,168,08:17,08:36,19.0
2026-08-17,66034,SENJI PANAMBAKKAM,23,171,08:21,08:40,19.0
2026-08-17,66034,KADAMBATTUR,24,174,08:25,08:47,22.0
2026-08-17,66034,EGATTUR,25,178,08:29,08:51,22.0
2026-08-17,66034,TIRUVALLUR,26,180,08:34,08:58,24.0
2026-08-17,66034,SEVVAPET ROAD,27,186,08:40,09:02,22.0
2026-08-17,66034,VEPPAMPATTU,28,189,08:43,09:05,22.0
2026-08-17,66034,TIRUNINRAVUR,29,193,08:49,09:21,32.0
2026-08-17,66034,VILLIVAKKAM,30,212,09:09,09:46,37.0
2026-08-17,66034,PERAMBUR,31,216,09:17,09:52,35.0
2026-08-17,66034,WASHERMANPET,32,221,09:25,09:49,24.0
2026-08-17,66034,ROYAPURAM,33,222,09:29,10:16,47.0
2026-08-17,66034,CHENNAI BEACH,34,224,09:39,10:28,49.0
2026-08-17,66034,CHENNAI FORT,35,225,10:04,10:37,33.0
2026-08-17,66034,CHENNAI PARK,36,226,10:07,10:40,33.0
2026-08-17,66034,CHENNAI EGMORE,37,228,10:10,10:43,33.0
2026-08-17,66034,CHENNAI CHETPAT,38,230,10:14,10:47,33.0
2026-08-17,66034,NUNGAMBAKKAM,39,232,10:17,10:50,33.0
2026-08-17,66034,KODAMBAKKAM,40,233,10:20,10:53,33.0
2026-08-17,66034,MAMBALAM,41,235,10:23,10:56,33.0
2026-08-17,66034,SAIDAPET,42,236,10:26,10:59,33.0
2026-08-17,66034,GUINDY,43,239,10:29,11:02,33.0
2026-08-17,66034,ST THOMAS MOUNT,44,241,10:32,11:05,33.0
2026-08-17,66034,PALAVANTHANGAL,45,242,10:35,11:08,33.0
2026-08-17,66034,MINAMBAKKAM,46,244,10:38,11:11,33.0
2026-08-17,66034,TIRUSULAM,47,245,10:40,11:13,33.0
2026-08-17,66034,PALLAVARAM,48,247,10:43,11:15,32.0
2026-08-17,66034,CHROMEPET,49,249,10:46,11:17,31.0
2026-08-17,66034,TAMBARAM SANATORIUM,50,251,10:49,11:19,30.0
2026-08-17,66034,TAMBARAM,51,253,11:10,11:21,11.0
2026-08-17,40527,CHENNAI BEACH,1,0,,,7.0
2026-08-17,40527,CHENNAI FORT,2,2,10:17,10:24,7.0
2026-08-17,40527,CHENNAI PARK,3,3,10:20,10:33,13.0
2026-08-17,40527,CHENNAI EGMORE,4,4,10:23,10:36,13.0
2026-08-17,40527,CHENNAI CHETPAT,5,6,10:27,10:39,12.0
2026-08-17,40527,NUNGAMBAKKAM,6,8,10:30,10:42,12.0
2026-08-17,40527,KODAMBAKKAM,7,9,10:33,10:46,13.0
2026-08-17,40527,MAMBALAM,8,11,10:36,10:46,10.0
2026-08-17,40527,SAIDAPET,9,13,10:39,10:49,10.0
2026-08-17,40527,GUINDY,10,15,10:42,10:52,10.0
2026-08-17,40527,ST THOMAS MOUNT,11,17,10:45,10:59,14.0
2026-08-17,40527,PALAVANTHANGAL,12,18,10:48,11:02,14.0
2026-08-17,40527,MINAMBAKKAM,13,20,10:51,11:05,14.0
2026-08-17,40527,TIRUSULAM,14,22,10:53,11:07,14.0
2026-08-17,40527,PALLAVARAM,15,23,10:56,11:10,14.0
2026-08-17,40527,CHROMEPET,16,25,10:59,11:12,13.0
2026-08-17,40527,TAMBARAM SANATORIUM,17,28,11:02,11:15,13.0
2026-08-17,40527,TAMBARAM,18,29,11:12,11:30,18.0
2026-08-17,40527,PERUNGALATTUR,19,32,11:19,11:45,26.0
2026-08-17,40527,VANDALUR,20,34,11:22,11:50,28.0
2026-08-17,40527,URAPPAKKAM,21,37,11:26,11:52,26.0
2026-08-17,40527,GUDUVANCHERI,22,40,11:30,12:00,30.0
2026-08-17,40527,POTHERI HALT,23,44,11:34,12:04,30.0
2026-08-17,40527,KATTANGULATUR,24,46,11:38,12:08,30.0
2026-08-17,40527,MARAIMALAI NAGAR KAMARAJAR,25,47,11:40,12:09,29.0
2026-08-17,40527,SINGAPERUMAL KOIL,26,51,11:45,12:15,30.0
2026-08-17,40527,PARANUR,27,55,11:50,12:19,29.0
2026-08-17,40527,CHENGALPATTU JN.,28,60,12:05,12:10,5.0
2026-08-17,40033,CHENNAI BEACH,1,0,,,0.0
2026-08-17,40033,CHENNAI FORT,2,2,11:02,11:02,0.0
2026-08-17,40033,CHENNAI PARK,3,3,11:05,11:05,0.0
2026-08-17,40033,CHENNAI EGMORE,4,4,11:08,11:09,1.0
2026-08-17,40033,CHENNAI CHETPAT,5,6,11:12,11:12,0.0
2026-08-17,40033,NUNGAMBAKKAM,6,8,11:15,11:15,0.0
2026-08-17,40033,KODAMBAKKAM,7,9,11:18,11:20,2.0
2026-08-17,40033,MAMBALAM,8,11,11:21,11:21,0.0
2026-08-17,40033,SAIDAPET,9,13,11:24,11:24,0.0
2026-08-17,40033,GUINDY,10,15,11:27,11:27,0.0
2026-08-17,40033,ST THOMAS MOUNT,11,17,11:30,11:34,4.0
2026-08-17,40033,PALAVANTHANGAL,12,18,11:33,11:37,4.0
2026-08-17,40033,MINAMBAKKAM,13,20,11:36,11:40,4.0
2026-08-17,40033,TIRUSULAM,14,22,11:38,11:42,4.0
2026-08-17,40033,PALLAVARAM,15,23,11:41,11:45,4.0
2026-08-17,40033,CHROMEPET,16,25,11:44,11:47,3.0
2026-08-17,40033,TAMBARAM SANATORIUM,17,28,11:47,11:50,3.0
2026-08-17,40033,TAMBARAM,18,29,11:58,12:02,4.0
2026-08-17,40533,CHENNAI BEACH,1,0,,,0.0
2026-08-17,40533,CHENNAI FORT,2,2,12:06,12:06,0.0
2026-08-17,40533,CHENNAI PARK,3,3,12:09,12:09,0.0
2026-08-17,40533,CHENNAI EGMORE,4,4,12:12,12:12,0.0
2026-08-17,40533,CHENNAI CHETPAT,5,6,12:16,12:16,0.0
2026-08-17,40533,NUNGAMBAKKAM,6,8,12:19,12:19,0.0
2026-08-17,40533,KODAMBAKKAM,7,9,12:22,12:22,0.0
2026-08-17,40533,MAMBALAM,8,11,12:25,12:25,0.0
2026-08-17,40533,SAIDAPET,9,13,12:28,12:28,0.0
2026-08-17,40533,GUINDY,10,15,12:31,12:31,0.0
2026-08-17,40533,ST THOMAS MOUNT,11,17,12:34,12:34,0.0
2026-08-17,40533,PALAVANTHANGAL,12,18,12:37,12:37,0.0
2026-08-17,40533,MINAMBAKKAM,13,20,12:40,12:40,0.0
2026-08-17,40533,TIRUSULAM,14,22,12:42,12:42,0.0
2026-08-17,40533,PALLAVARAM,15,23,12:45,12:46,1.0
2026-08-17,40533,CHROMEPET,16,25,12:48,12:48,0.0
2026-08-17,40533,TAMBARAM SANATORIUM,17,28,12:51,12:51,0.0
2026-08-17,40533,TAMBARAM,18,29,13:01,13:02,1.0
2026-08-17,40533,PERUNGALATTUR,19,32,13:07,13:10,3.0
2026-08-17,40533,VANDALUR,20,34,13:10,13:15,5.0
2026-08-17,40533,URAPPAKKAM,21,37,13:14,13:17,3.0
2026-08-17,40533,GUDUVANCHERI,22,40,13:18,13:24,6.0
2026-08-17,40533,POTHERI HALT,23,44,13:22,13:28,6.0
2026-08-17,40533,KATTANGULATUR,24,46,13:26,13:32,6.0
2026-08-17,40533,MARAIMALAI NAGAR KAMARAJAR,25,47,13:28,13:33,5.0
2026-08-17,40533,SINGAPERUMAL KOIL,26,51,13:36,13:43,7.0
2026-08-17,40533,PARANUR,27,55,13:44,13:48,4.0
2026-08-17,40533,CHENGALPATTU JN.,28,60,14:00,14:00,0.0
2026-08-17,40901,CHENNAI BEACH,1,0,,,0.0
2026-08-17,40901,CHENNAI FORT,2,2,13:04,13:04,0.0
2026-08-17,40901,CHENNAI PARK,3,3,13:07,13:08,1.0
2026-08-17,40901,CHENNAI EGMORE,4,4,13:10,13:11,1.0
2026-08-17,40901,CHENNAI CHETPAT,5,6,13:14,13:14,0.0
2026-08-17,40901,NUNGAMBAKKAM,6,8,13:17,13:17,0.0
2026-08-17,40901,KODAMBAKKAM,7,9,13:20,13:20,0.0
2026-08-17,40901,MAMBALAM,8,11,13:23,13:23,0.0
2026-08-17,40901,SAIDAPET,9,13,13:26,13:26,0.0
2026-08-17,40901,GUINDY,10,15,13:29,13:29,0.0
2026-08-17,40901,ST THOMAS MOUNT,11,17,13:32,13:32,0.0
2026-08-17,40901,PALAVANTHANGAL,12,18,13:35,13:35,0.0
2026-08-17,40901,MINAMBAKKAM,13,20,13:38,13:38,0.0
2026-08-17,40901,TIRUSULAM,14,22,13:40,13:40,0.0
2026-08-17,40901,PALLAVARAM,15,23,13:43,13:43,0.0
2026-08-17,40901,CHROMEPET,16,25,13:46,13:46,0.0
2026-08-17,40901,TAMBARAM SANATORIUM,17,28,13:49,13:49,0.0
2026-08-17,40901,TAMBARAM,18,29,13:59,13:59,0.0
2026-08-17,40901,PERUNGALATTUR,19,32,14:05,14:05,0.0
2026-08-17,40901,VANDALUR,20,34,14:08,14:11,3.0
2026-08-17,40901,URAPPAKKAM,21,37,14:12,14:15,3.0
2026-08-17,40901,GUDUVANCHERI,22,40,14:16,14:20,4.0
2026-08-17,40901,POTHERI HALT,23,44,14:20,14:23,3.0
2026-08-17,40901,KATTANGULATUR,24,46,14:24,14:30,6.0
2026-08-17,40901,MARAIMALAI NAGAR KAMARAJAR,25,47,14:26,14:32,6.0
2026-08-17,40901,SINGAPERUMAL KOIL,26,51,14:34,14:40,6.0
2026-08-17,40901,PARANUR,27,55,14:42,14:45,3.0
2026-08-17,40901,CHENGALPATTU JN.,28,60,14:50,14:50,0.0
2026-08-17,40901,REDDIPALAYAM,29,64,15:06,15:06,0.0
2026-08-17,40901,VILLIYAMBAKKAM,30,68,15:11,15:11,0.0
2026-08-17,40901,PALUR,31,71,15:16,15:18,2.0
2026-08-17,40901,PALAYASIVARAM,32,75,15:21,15:21,0.0
2026-08-17,40901,WALAJABAD,33,81,15:26,15:32,6.0
2026-08-17,40901,NATHAPETTAI,34,89,15:34,15:40,6.0
2026-08-17,40901,KANCHIPURAM EAST,35,94,15:39,15:45,6.0
2026-08-17,40901,KANCHIPURAM,36,96,15:44,15:51,7.0
2026-08-17,40901,TIRUMALPUR,37,108,15:57,16:04,7.0
2026-08-17,40901,TAKKOLAM,38,116,16:07,16:12,5.0
2026-08-17,40901,ARAKKONAM JN.,39,128,16:30,16:30,0.0
2026-08-17,40051,CHENNAI BEACH,1,0,,,0.0
2026-08-17,40051,CHENNAI FORT,2,2,14:04,14:04,0.0
2026-08-17,40051,CHENNAI PARK,3,3,14:07,14:07,0.0
2026-08-17,40051,CHENNAI EGMORE,4,4,14:10,14:10,0.0
2026-08-17,40051,CHENNAI CHETPAT,5,6,14:14,14:14,0.0
2026-08-17,40051,NUNGAMBAKKAM,6,8,14:17,14:17,0.0
2026-08-17,40051,KODAMBAKKAM,7,9,14:20,14:20,0.0
2026-08-17,40051,MAMBALAM,8,11,14:23,14:23,0.0
2026-08-17,40051,SAIDAPET,9,13,14:26,14:26,0.0
2026-08-17,40051,GUINDY,10,15,14:29,14:29,0.0
2026-08-17,40051,ST THOMAS MOUNT,11,17,14:32,14:32,0.0
2026-08-17,40051,PALAVANTHANGAL,12,18,14:35,14:35,0.0
2026-08-17,40051,MINAMBAKKAM,13,20,14:38,14:38,0.0
2026-08-17,40051,TIRUSULAM,14,22,14:40,14:40,0.0
2026-08-17,40051,PALLAVARAM,15,23,14:43,14:43,0.0
2026-08-17,40051,CHROMEPET,16,25,14:46,14:46,0.0
2026-08-17,40051,TAMBARAM SANATORIUM,17,28,14:49,14:49,0.0
2026-08-17,40051,TAMBARAM,18,29,14:55,14:55,0.0
2026-08-17,40803,CHENNAI BEACH,1,0,,,0.0
2026-08-17,40803,CHENNAI FORT,2,2,15:04,15:04,0.0
2026-08-17,40803,CHENNAI PARK,3,3,15:07,15:08,1.0
2026-08-17,40803,CHENNAI EGMORE,4,4,15:10,15:11,1.0
2026-08-17,40803,CHENNAI CHETPAT,5,6,15:14,15:14,0.0
2026-08-17,40803,NUNGAMBAKKAM,6,8,15:17,15:17,0.0
2026-08-17,40803,KODAMBAKKAM,7,9,15:20,15:21,1.0
2026-08-17,40803,MAMBALAM,8,11,15:23,15:23,0.0
2026-08-17,40803,SAIDAPET,9,13,15:26,15:26,0.0
2026-08-17,40803,GUINDY,10,15,15:29,15:29,0.0
2026-08-17,40803,ST THOMAS MOUNT,11,17,15:32,15:34,2.0
2026-08-17,40803,PALAVANTHANGAL,12,18,15:35,15:35,0.0
2026-08-17,40803,MINAMBAKKAM,13,20,15:38,15:38,0.0
2026-08-17,40803,TIRUSULAM,14,22,15:40,15:40,0.0
2026-08-17,40803,PALLAVARAM,15,23,15:43,15:44,1.0
2026-08-17,40803,CHROMEPET,16,25,15:46,15:46,0.0
2026-08-17,40803,TAMBARAM SANATORIUM,17,28,15:49,15:49,0.0
2026-08-17,40803,TAMBARAM,18,29,15:59,15:59,0.0
2026-08-17,40803,PERUNGALATTUR,19,32,16:05,16:05,0.0
2026-08-17,40803,VANDALUR,20,34,16:08,16:10,2.0
2026-08-17,40803,URAPPAKKAM,21,37,16:12,16:12,0.0
2026-08-17,40803,GUDUVANCHERI,22,40,16:16,16:19,3.0
2026-08-17,40803,POTHERI HALT,23,44,16:20,16:23,3.0
2026-08-17,40803,KATTANGULATUR,24,46,16:24,16:26,2.0
2026-08-17,40803,MARAIMALAI NAGAR KAMARAJAR,25,47,16:26,16:26,0.0
2026-08-17,40803,SINGAPERUMAL KOIL,26,51,16:34,16:37,3.0
2026-08-17,40803,PARANUR,27,55,16:42,16:42,0.0
2026-08-17,40803,CHENGALPATTU JN.,28,60,16:50,16:53,3.0
2026-08-17,40803,REDDIPALAYAM,29,64,17:06,17:06,0.0
2026-08-17,40803,VILLIYAMBAKKAM,30,68,17:11,17:11,0.0
2026-08-17,40803,PALUR,31,71,17:16,17:16,0.0
2026-08-17,40803,PALAYASIVARAM,32,75,17:21,17:21,0.0
2026-08-17,40803,WALAJABAD,33,81,17:26,17:31,5.0
2026-08-17,40803,NATHAPETTAI,34,89,17:34,17:39,5.0
2026-08-17,40803,KANCHIPURAM EAST,35,94,17:39,17:44,5.0
2026-08-17,40803,KANCHIPURAM,36,96,17:44,17:48,4.0
2026-08-17,40803,TIRUMALPUR,37,108,18:20,18:20,0.0
2026-08-17,40547,CHENNAI BEACH,1,0,,,0.0
2026-08-17,40547,CHENNAI FORT,2,2,16:19,16:19,0.0
2026-08-17,40547,CHENNAI PARK,3,3,16:22,16:22,0.0
2026-08-17,40547,CHENNAI EGMORE,4,4,16:25,16:25,0.0
2026-08-17,40547,CHENNAI CHETPAT,5,6,16:29,16:29,0.0
2026-08-17,40547,NUNGAMBAKKAM,6,8,16:32,16:32,0.0
2026-08-17,40547,KODAMBAKKAM,7,9,16:35,16:35,0.0
2026-08-17,40547,MAMBALAM,8,11,16:38,16:38,0.0
2026-08-17,40547,SAIDAPET,9,13,16:41,16:41,0.0
2026-08-17,40547,GUINDY,10,15,16:44,16:44,0.0
2026-08-17,40547,ST THOMAS MOUNT,11,17,16:47,16:48,1.0
2026-08-17,40547,PALAVANTHANGAL,12,18,16:50,16:50,0.0
2026-08-17,40547,MINAMBAKKAM,13,20,16:53,16:53,0.0
2026-08-17,40547,TIRUSULAM,14,22,16:55,16:55,0.0
2026-08-17,40547,PALLAVARAM,15,23,16:58,16:59,1.0
2026-08-17,40547,CHROMEPET,16,25,17:01,17:01,0.0
2026-08-17,40547,TAMBARAM SANATORIUM,17,28,17:04,17:04,0.0
2026-08-17,40547,TAMBARAM,18,29,17:14,17:14,0.0
2026-08-17,40547,PERUNGALATTUR,19,32,17:20,17:20,0.0
2026-08-17,40547,VANDALUR,20,34,17:23,17:25,2.0
2026-08-17,40547,URAPPAKKAM,21,37,17:27,17:27,0.0
2026-08-17,40547,GUDUVANCHERI,22,40,17:31,17:34,3.0
2026-08-17,40547,POTHERI HALT,23,44,17:35,17:38,3.0
2026-08-17,40547,KATTANGULATUR,24,46,17:39,17:43,4.0
2026-08-17,40547,MARAIMALAI NAGAR KAMARAJAR,25,47,17:41,17:45,4.0
2026-08-17,40547,SINGAPERUMAL KOIL,26,51,17:49,17:54,5.0
2026-08-17,40547,PARANUR,27,55,17:57,17:57,0.0
2026-08-17,40547,CHENGALPATTU JN.,28,60,18:15,18:19,4.0
2026-08-17,42522,GUMMIDIPUNDI,1,0,,,5.0
2026-08-17,42522,KAVARAIPPETTAI,2,6,15:08,15:15,7.0
2026-08-17,42522,PONNERI,3,13,15:17,15:22,5.0
2026-08-17,42522,ANUPPAMBATTU,4,17,15:25,15:30,5.0
2026-08-17,42522,MINJUR,5,21,15:30,15:34,4.0
2026-08-17,42522,NANDIYAMPAKKAM,6,24,15:33,15:38,5.0
2026-08-17,42522,ATTIPPATTU,7,25,15:35,15:42,7.0
2026-08-17,42522,ATTIPATTU PUDU NAGAR.H,8,26,15:38,15:43,5.0
2026-08-17,42522,ENNORE,9,31,15:42,15:52,10.0
2026-08-17,42522,KATHIVAKKAM,10,32,15:44,15:54,10.0
2026-08-17,42522,WIMCO NAGAR,11,35,15:47,15:57,10.0
2026-08-17,42522,TIRUVOTTIYUR,12,38,15:54,16:07,13.0
2026-08-17,42522,VOC NAGAR,13,39,15:58,16:11,13.0
2026-08-17,42522,TONDIARPET,14,41,16:00,16:13,13.0
2026-08-17,42522,KORUKKUPET JN,15,42,16:02,16:21,19.0
2026-08-17,42522,WASHERMANPET,16,44,16:09,16:28,19.0
2026-08-17,42522,ROYAPURAM,17,46,16:12,16:31,19.0
2026-08-17,42522,CHENNAI BEACH,18,47,16:35,16:37,2.0
2026-08-17,42522,CHENNAI FORT,19,49,16:54,16:54,0.0
2026-08-17,42522,CHENNAI PARK,20,50,16:57,16:58,1.0
2026-08-17,42522,CHENNAI EGMORE,21,51,17:00,17:02,2.0
2026-08-17,42522,CHENNAI CHETPAT,22,53,17:04,17:04,0.0
2026-08-17,42522,NUNGAMBAKKAM,23,55,17:07,17:07,0.0
2026-08-17,42522,KODAMBAKKAM,24,56,17:10,17:11,1.0
2026-08-17,42522,MAMBALAM,25,58,17:13,17:13,0.0
2026-08-17,42522,SAIDAPET,26,59,17:16,17:16,0.0
2026-08-17,42522,GUINDY,27,62,17:19,17:19,0.0
2026-08-17,42522,ST THOMAS MOUNT,28,64,17:22,17:22,0.0
2026-08-17,42522,PALAVANTHANGAL,29,65,17:25,17:25,0.0
2026-08-17,42522,MINAMBAKKAM,30,67,17:28,17:28,0.0
2026-08-17,42522,TIRUSULAM,31,69,17:30,17:30,0.0
2026-08-17,42522,PALLAVARAM,32,70,17:33,17:34,1.0
2026-08-17,42522,CHROMEPET,33,72,17:36,17:36,0.0
2026-08-17,42522,TAMBARAM SANATORIUM,34,74,17:39,17:39,0.0
2026-08-17,42522,TAMBARAM,35,76,17:50,17:50,0.0
2026-08-17,40067,CHENNAI BEACH,1,0,,,0.0
2026-08-17,40067,CHENNAI FORT,2,2,17:49,17:49,0.0
2026-08-17,40067,CHENNAI PARK,3,3,17:52,17:52,0.0
2026-08-17,40067,CHENNAI EGMORE,4,4,17:55,17:55,0.0
2026-08-17,40067,CHENNAI CHETPAT,5,6,17:59,17:59,0.0
2026-08-17,40067,NUNGAMBAKKAM,6,8,18:02,18:02,0.0
2026-08-17,40067,KODAMBAKKAM,7,9,18:05,18:07,2.0
2026-08-17,40067,MAMBALAM,8,11,18:08,18:08,0.0
2026-08-17,40067,SAIDAPET,9,13,18:11,18:11,0.0
2026-08-17,40067,GUINDY,10,15,18:14,18:14,0.0
2026-08-17,40067,ST THOMAS MOUNT,11,17,18:17,18:19,2.0
2026-08-17,40067,PALAVANTHANGAL,12,18,18:20,18:20,0.0
2026-08-17,40067,MINAMBAKKAM,13,20,18:23,18:23,0.0
2026-08-17,40067,TIRUSULAM,14,22,18:25,18:25,0.0
2026-08-17,40067,PALLAVARAM,15,23,18:28,18:29,1.0
2026-08-17,40067,CHROMEPET,16,25,18:31,18:31,0.0
2026-08-17,40067,TAMBARAM SANATORIUM,17,28,18:34,18:34,0.0
2026-08-17,40067,TAMBARAM,18,29,18:40,18:45,5.0
2026-08-17,40903,CHENNAI BEACH,1,0,,,0.0
2026-08-17,40903,CHENNAI FORT,2,2,18:11,18:11,0.0
2026-08-17,40903,CHENNAI PARK,3,3,18:14,18:14,0.0
2026-08-17,40903,CHENNAI EGMORE,4,4,18:17,18:24,7.0
2026-08-17,40903,MAMBALAM,5,11,18:27,18:35,8.0
2026-08-17,40903,GUINDY,6,15,18:32,18:40,8.0
2026-08-17,40903,TAMBARAM,7,29,18:54,19:07,13.0
2026-08-17,40903,CHENGALPATTU JN.,8,60,19:27,19:35,8.0
2026-08-17,40903,PALUR,9,71,19:49,19:57,8.0
2026-08-17,40903,WALAJABAD,10,81,19:59,20:23,24.0
2026-08-17,40903,KANCHIPURAM EAST,11,94,20:11,20:35,24.0
2026-08-17,40903,KANCHIPURAM,12,96,20:14,20:41,27.0
2026-08-17,40903,TIRUMALPUR,13,108,20:29,20:55,26.0
2026-08-17,40903,TAKKOLAM,14,116,20:39,21:02,23.0
2026-08-17,40903,ARAKKONAM JN.,15,128,21:15,21:20,5.0
2026-08-17,49007,CHENNAI BEACH,1,0,,,0.0
2026-08-17,49007,CHENNAI FORT,2,2,18:21,18:21,0.0
2026-08-17,49007,CHENNAI PARK,3,3,18:24,18:38,14.0
2026-08-17,49007,CHENNAI EGMORE,4,4,18:27,18:38,11.0
2026-08-17,49007,MAMBALAM,5,11,18:37,18:45,8.0
2026-08-17,49007,GUINDY,6,15,18:42,18:50,8.0
2026-08-17,49007,ST THOMAS MOUNT,7,17,18:45,18:56,11.0
2026-08-17,49007,CHROMEPET,8,25,18:54,19:05,11.0
2026-08-17,49007,TAMBARAM,9,29,19:04,19:12,8.0
2026-08-17,49007,PERUNGALATTUR,10,32,19:10,19:18,8.0
2026-08-17,49007,URAPPAKKAM,11,37,19:16,19:24,8.0
2026-08-17,49007,GUDUVANCHERI,12,40,19:20,19:31,11.0
2026-08-17,49007,POTHERI HALT,13,44,19:24,19:35,11.0
2026-08-17,49007,SINGAPERUMAL KOIL,14,51,19:32,19:45,13.0
2026-08-17,49007,PARANUR,15,55,19:37,19:48,11.0
2026-08-17,49007,CHENGALPATTU JN.,16,60,19:50,19:55,5.0
2026-08-17,40703,CHENNAI BEACH,1,0,,,10.0
2026-08-17,40703,CHENNAI FORT,2,2,19:24,19:34,10.0
2026-08-17,40703,CHENNAI PARK,3,3,19:27,19:38,11.0
2026-08-17,40703,CHENNAI EGMORE,4,4,19:30,19:41,11.0
2026-08-17,40703,CHENNAI CHETPAT,5,6,19:34,19:43,9.0
2026-08-17,40703,NUNGAMBAKKAM,6,8,19:37,19:46,9.0
2026-08-17,40703,KODAMBAKKAM,7,9,19:40,19:50,10.0
2026-08-17,40703,MAMBALAM,8,11,19:43,19:50,7.0
2026-08-17,40703,SAIDAPET,9,13,19:46,19:53,7.0
2026-08-17,40703,GUINDY,10,15,19:49,19:56,7.0
2026-08-17,40703,ST THOMAS MOUNT,11,17,19:52,20:03,11.0
2026-08-17,40703,PALAVANTHANGAL,12,18,19:55,20:06,11.0
2026-08-17,40703,MINAMBAKKAM,13,20,19:58,20:09,11.0
2026-08-17,40703,TIRUSULAM,14,22,20:00,20:11,11.0
2026-08-17,40703,PALLAVARAM,15,23,20:03,20:14,11.0
2026-08-17,40703,CHROMEPET,16,25,20:06,20:16,10.0
2026-08-17,40703,TAMBARAM SANATORIUM,17,28,20:09,20:19,10.0
2026-08-17,40703,TAMBARAM,18,29,20:19,20:33,14.0
2026-08-17,40703,PERUNGALATTUR,19,32,20:25,20:39,14.0
2026-08-17,40703,VANDALUR,20,34,20:28,20:45,17.0
2026-08-17,40703,URAPPAKKAM,21,37,20:32,20:49,17.0
2026-08-17,40703,GUDUVANCHERI,22,40,20:36,20:54,18.0
2026-08-17,40703,POTHERI HALT,23,44,20:40,20:57,17.0
2026-08-17,40703,KATTANGULATUR,24,46,20:44,21:04,20.0
2026-08-17,40703,MARAIMALAI NAGAR KAMARAJAR,25,47,20:46,21:06,20.0
2026-08-17,40703,SINGAPERUMAL KOIL,26,51,20:54,21:15,21.0
2026-08-17,40703,PARANUR,27,55,21:02,21:20,18.0
2026-08-17,40703,CHENGALPATTU JN.,28,60,21:10,21:30,20.0
2026-08-17,40703,REDDIPALAYAM,29,64,21:26,21:46,20.0
2026-08-17,40703,VILLIYAMBAKKAM,30,68,21:31,21:51,20.0
2026-08-17,40703,PALUR,31,71,21:36,21:56,20.0
2026-08-17,40703,PALAYASIVARAM,32,75,21:41,22:00,19.0
2026-08-17,40703,WALAJABAD,33,81,21:46,22:05,19.0
2026-08-17,40703,NATHAPETTAI,34,89,21:54,22:13,19.0
2026-08-17,40703,KANCHIPURAM EAST,35,94,21:56,22:15,19.0
2026-08-17,40703,KANCHIPURAM,36,96,22:05,22:20,15.0
2026-08-17,40201,CHENNAI BEACH,1,0,,,5.0
2026-08-17,40201,CHENNAI FORT,2,2,19:34,19:39,5.0
2026-08-17,40201,CHENNAI PARK,3,3,19:37,19:42,5.0
2026-08-17,40201,CHENNAI EGMORE,4,4,19:40,19:46,6.0
2026-08-17,40201,CHENNAI CHETPAT,5,6,19:44,19:48,4.0
2026-08-17,40201,NUNGAMBAKKAM,6,8,19:47,19:51,4.0
2026-08-17,40201,KODAMBAKKAM,7,9,19:50,19:54,4.0
2026-08-17,40201,MAMBALAM,8,11,19:53,19:56,3.0
2026-08-17,40201,SAIDAPET,9,13,19:56,19:59,3.0
2026-08-17,40201,GUINDY,10,15,19:59,20:02,3.0
2026-08-17,40201,ST THOMAS MOUNT,11,17,20:02,20:06,4.0
2026-08-17,40201,PALAVANTHANGAL,12,18,20:05,20:08,3.0
2026-08-17,40201,MINAMBAKKAM,13,20,20:08,20:11,3.0
2026-08-17,40201,TIRUSULAM,14,22,20:10,20:13,3.0
2026-08-17,40201,PALLAVARAM,15,23,20:13,20:18,5.0
2026-08-17,40201,CHROMEPET,16,25,20:16,20:21,5.0
2026-08-17,40201,TAMBARAM SANATORIUM,17,28,20:19,20:24,5.0
2026-08-17,40201,TAMBARAM,18,29,20:29,20:36,7.0
2026-08-17,40201,PERUNGALATTUR,19,32,20:35,20:47,12.0
2026-08-17,40201,VANDALUR,20,34,20:38,20:51,13.0
2026-08-17,40201,URAPPAKKAM,21,37,20:42,20:54,12.0
2026-08-17,40201,GUDUVANCHERI,22,40,20:55,21:00,5.0
2026-08-17,40203,CHENNAI BEACH,1,0,,,5.0
2026-08-17,40203,CHENNAI FORT,2,2,20:04,20:09,5.0
2026-08-17,40203,CHENNAI PARK,3,3,20:07,20:11,4.0
2026-08-17,40203,CHENNAI EGMORE,4,4,20:10,20:16,6.0
2026-08-17,40203,CHENNAI CHETPAT,5,6,20:14,20:18,4.0
2026-08-17,40203,NUNGAMBAKKAM,6,8,20:17,20:21,4.0
2026-08-17,40203,KODAMBAKKAM,7,9,20:20,20:25,5.0
2026-08-17,40203,MAMBALAM,8,11,20:23,20:27,4.0
2026-08-17,40203,SAIDAPET,9,13,20:26,20:30,4.0
2026-08-17,40203,GUINDY,10,15,20:29,20:33,4.0
2026-08-17,40203,ST THOMAS MOUNT,11,17,20:32,20:38,6.0
2026-08-17,40203,PALAVANTHANGAL,12,18,20:35,20:39,4.0
2026-08-17,40203,MINAMBAKKAM,13,20,20:38,20:42,4.0
2026-08-17,40203,TIRUSULAM,14,22,20:40,20:44,4.0
2026-08-17,40203,PALLAVARAM,15,23,20:43,20:50,7.0
2026-08-17,40203,CHROMEPET,16,25,20:46,20:53,7.0
2026-08-17,40203,TAMBARAM SANATORIUM,17,28,20:49,20:56,7.0
2026-08-17,40203,TAMBARAM,18,29,20:59,21:08,9.0
2026-08-17,40203,PERUNGALATTUR,19,32,21:05,21:14,9.0
2026-08-17,40203,VANDALUR,20,34,21:08,21:20,12.0
2026-08-17,40203,URAPPAKKAM,21,37,21:12,21:24,12.0
2026-08-17,40203,GUDUVANCHERI,22,40,21:30,21:35,5.0
2026-08-17,40081,CHENNAI BEACH,1,0,,,3.0
2026-08-17,40081,CHENNAI FORT,2,2,21:04,21:07,3.0
2026-08-17,40081,CHENNAI PARK,3,3,21:07,21:10,3.0
2026-08-17,40081,CHENNAI EGMORE,4,4,21:10,21:14,4.0
2026-08-17,40081,CHENNAI CHETPAT,5,6,21:14,21:17,3.0
2026-08-17,40081,NUNGAMBAKKAM,6,8,21:17,21:20,3.0
2026-08-17,40081,KODAMBAKKAM,7,9,21:20,21:23,3.0
2026-08-17,40081,MAMBALAM,8,11,21:23,21:23,0.0
2026-08-17,40081,SAIDAPET,9,13,21:26,21:26,0.0
2026-08-17,40081,GUINDY,10,15,21:29,21:29,0.0
2026-08-17,40081,ST THOMAS MOUNT,11,17,21:32,21:35,3.0
2026-08-17,40081,PALAVANTHANGAL,12,18,21:35,21:38,3.0
2026-08-17,40081,MINAMBAKKAM,13,20,21:38,21:41,3.0
2026-08-17,40081,TIRUSULAM,14,22,21:40,21:43,3.0
2026-08-17,40081,PALLAVARAM,15,23,21:43,21:46,3.0
2026-08-17,40081,CHROMEPET,16,25,21:46,21:49,3.0
2026-08-17,40081,TAMBARAM SANATORIUM,17,28,21:49,21:52,3.0
2026-08-17,40081,TAMBARAM,18,29,22:00,22:00,0.0
2026-08-17,40569,CHENNAI BEACH,1,0,,,0.0
2026-08-17,40569,CHENNAI FORT,2,2,22:04,22:04,0.0
2026-08-17,40569,CHENNAI PARK,3,3,22:07,22:07,0.0
2026-08-17,40569,CHENNAI EGMORE,4,4,22:10,22:10,0.0
2026-08-17,40569,CHENNAI CHETPAT,5,6,22:14,22:14,0.0
2026-08-17,40569,NUNGAMBAKKAM,6,8,22:17,22:17,0.0
2026-08-17,40569,KODAMBAKKAM,7,9,22:20,22:20,0.0
2026-08-17,40569,MAMBALAM,8,11,22:23,22:23,0.0
2026-08-17,40569,SAIDAPET,9,13,22:26,22:26,0.0
2026-08-17,40569,GUINDY,10,15,22:29,22:29,0.0
2026-08-17,40569,ST THOMAS MOUNT,11,17,22:32,22:32,0.0
2026-08-17,40569,PALAVANTHANGAL,12,18,22:35,22:35,0.0
2026-08-17,40569,MINAMBAKKAM,13,20,22:38,22:38,0.0
2026-08-17,40569,TIRUSULAM,14,22,22:40,22:40,0.0
2026-08-17,40569,PALLAVARAM,15,23,22:43,22:43,0.0
2026-08-17,40569,CHROMEPET,16,25,22:46,22:46,0.0
2026-08-17,40569,TAMBARAM SANATORIUM,17,28,22:49,22:49,0.0
2026-08-17,40569,TAMBARAM,18,29,22:59,22:59,0.0
2026-08-17,40569,PERUNGALATTUR,19,32,23:05,23:05,0.0
2026-08-17,40569,VANDALUR,20,34,23:08,23:08,0.0
2026-08-17,40569,URAPPAKKAM,21,37,23:12,23:12,0.0
2026-08-17,40569,GUDUVANCHERI,22,40,23:16,23:16,0.0
2026-08-17,40569,POTHERI HALT,23,44,23:20,23:20,0.0
2026-08-17,40569,KATTANGULATUR,24,46,23:24,23:24,0.0
2026-08-17,40569,MARAIMALAI NAGAR KAMARAJAR,25,47,23:26,23:26,0.0
2026-08-17,40569,SINGAPERUMAL KOIL,26,51,23:34,23:34,0.0
2026-08-17,40569,PARANUR,27,55,23:42,23:42,0.0
2026-08-17,40569,CHENGALPATTU JN.,28,60,00:05,00:05,0.0
2026-08-17,40085,CHENNAI BEACH,1,0,,,0.0
2026-08-17,40085,CHENNAI FORT,2,2,23:04,23:04,0.0
2026-08-17,40085,CHENNAI PARK,3,3,23:07,23:07,0.0
2026-08-17,40085,CHENNAI EGMORE,4,4,23:10,23:10,0.0
2026-08-17,40085,CHENNAI CHETPAT,5,6,23:14,23:14,0.0
2026-08-17,40085,NUNGAMBAKKAM,6,8,23:17,23:17,0.0
2026-08-17,40085,KODAMBAKKAM,7,9,23:20,23:20,0.0
2026-08-17,40085,MAMBALAM,8,11,23:23,23:23,0.0
2026-08-17,40085,SAIDAPET,9,13,23:26,23:26,0.0
2026-08-17,40085,GUINDY,10,15,23:29,23:29,0.0
2026-08-17,40085,ST THOMAS MOUNT,11,17,23:32,23:32,0.0
2026-08-17,40085,PALAVANTHANGAL,12,18,23:35,23:35,0.0
2026-08-17,40085,MINAMBAKKAM,13,20,23:38,23:38,0.0
2026-08-17,40085,TIRUSULAM,14,22,23:40,23:40,0.0
2026-08-17,40085,PALLAVARAM,15,23,23:43,23:43,0.0
2026-08-17,40085,CHROMEPET,16,25,23:46,23:46,0.0
2026-08-17,40085,TAMBARAM SANATORIUM,17,28,23:49,23:49,0.0
2026-08-17,40085,TAMBARAM,18,29,00:00,00:00,0.0
2026-08-18,40003,CHENNAI BEACH,1,0,,,0.0
2026-08-18,40003,CHENNAI FORT,2,2,07:14,07:14,0.0
2026-08-18,40003,CHENNAI PARK,3,3,07:17,07:17,0.0
2026-08-18,40003,CHENNAI EGMORE,4,4,07:20,07:21,1.0
2026-08-18,40003,CHENNAI CHETPAT,5,6,07:24,07:24,0.0
2026-08-18,40003,NUNGAMBAKKAM,6,8,07:27,07:27,0.0
2026-08-18,40003,KODAMBAKKAM,7,9,07:30,07:32,2.0
2026-08-18,40003,MAMBALAM,8,11,07:33,07:33,0.0
2026-08-18,40003,SAIDAPET,9,13,07:36,07:36,0.0
2026-08-18,40003,GUINDY,10,15,07:39,07:39,0.0
2026-08-18,40003,ST THOMAS MOUNT,11,17,07:42,07:43,1.0
2026-08-18,40003,PALAVANTHANGAL,12,18,07:45,07:45,0.0
2026-08-18,40003,MINAMBAKKAM,13,20,07:48,07:48,0.0
2026-08-18,40003,TIRUSULAM,14,22,07:50,07:50,0.0
2026-08-18,40003,PALLAVARAM,15,23,07:53,07:54,1.0
2026-08-18,40003,CHROMEPET,16,25,07:56,07:56,0.0
2026-08-18,40003,TAMBARAM SANATORIUM,17,28,07:59,07:59,0.0
2026-08-18,40003,TAMBARAM,18,29,08:10,08:10,0.0
2026-08-18,40045,CHENNAI BEACH,1,0,,,0.0
2026-08-18,40045,CHENNAI FORT,2,2,12:49,12:49,0.0
2026-08-18,40045,CHENNAI PARK,3,3,12:52,12:52,0.0
2026-08-18,40045,CHENNAI EGMORE,4,4,12:55,12:55,0.0
2026-08-18,40045,CHENNAI CHETPAT,5,6,12:59,12:59,0.0
2026-08-18,40045,NUNGAMBAKKAM,6,8,13:02,13:02,0.0
2026-08-18,40045,KODAMBAKKAM,7,9,13:05,13:05,0.0
2026-08-18,40045,MAMBALAM,8,11,13:08,13:08,0.0
2026-08-18,40045,SAIDAPET,9,13,13:11,13:11,0.0
2026-08-18,40045,GUINDY,10,15,13:14,13:14,0.0
2026-08-18,40045,ST THOMAS MOUNT,11,17,13:17,13:18,1.0
2026-08-18,40045,PALAVANTHANGAL,12,18,13:20,13:20,0.0
2026-08-18,40045,MINAMBAKKAM,13,20,13:23,13:23,0.0
2026-08-18,40045,TIRUSULAM,14,22,13:25,13:25,0.0
2026-08-18,40045,PALLAVARAM,15,23,13:28,13:29,1.0
2026-08-18,40045,CHROMEPET,16,25,13:31,13:31,0.0
2026-08-18,40045,TAMBARAM SANATORIUM,17,28,13:34,13:34,0.0
2026-08-18,40045,TAMBARAM,18,29,13:45,13:45,0.0
2026-08-18,40046,TAMBARAM,1,0,,,0.0
2026-08-18,40046,TAMBARAM SANATORIUM,2,1,12:24,12:24,0.0
2026-08-18,40046,CHROMEPET,3,4,12:27,12:27,0.0
2026-08-18,40046,PALLAVARAM,4,6,12:30,12:32,2.0
2026-08-18,40046,TIRUSULAM,5,8,12:33,12:33,0.0
2026-08-18,40046,MINAMBAKKAM,6,9,12:35,12:35,0.0
2026-08-18,40046,PALAVANTHANGAL,7,10,12:38,12:38,0.0
2026-08-18,40046,ST THOMAS MOUNT,8,12,12:41,12:43,2.0
2026-08-18,40046,GUINDY,9,14,12:44,12:44,0.0
2026-08-18,40046,SAIDAPET,10,16,12:47,12:47,0.0
2026-08-18,40046,MAMBALAM,11,18,12:50,12:50,0.0
2026-08-18,40046,KODAMBAKKAM,12,19,12:53,12:54,1.0
2026-08-18,40046,NUNGAMBAKKAM,13,21,12:56,12:56,0.0
2026-08-18,40046,CHENNAI CHETPAT,14,23,12:59,12:59,0.0
2026-08-18,40046,CHENNAI EGMORE,15,25,13:02,13:05,3.0
2026-08-18,40046,CHENNAI PARK,16,26,13:05,13:08,3.0
2026-08-18,40046,CHENNAI FORT,17,27,13:08,13:11,3.0
2026-08-18,40046,CHENNAI BEACH,18,29,13:20,13:20,0.0
2026-08-18,49003,CHENNAI BEACH,1,0,,,7.0
2026-08-18,49003,CHENNAI FORT,2,2,09:47,09:54,7.0
2026-08-18,49003,CHENNAI PARK,3,3,09:50,09:57,7.0
2026-08-18,49003,CHENNAI EGMORE,4,4,09:53,10:00,7.0
2026-08-18,49003,CHENNAI CHETPAT,5,6,09:57,10:03,6.0
2026-08-18,49003,NUNGAMBAKKAM,6,8,10:00,10:06,6.0
2026-08-18,49003,KODAMBAKKAM,7,9,10:03,10:11,8.0
2026-08-18,49003,MAMBALAM,8,11,10:06,10:13,7.0
2026-08-18,49003,SAIDAPET,9,13,10:09,10:16,7.0
2026-08-18,49003,GUINDY,10,15,10:12,10:19,7.0
2026-08-18,49003,ST THOMAS MOUNT,11,17,10:15,10:22,7.0
2026-08-18,49003,PALAVANTHANGAL,12,18,10:18,10:25,7.0
2026-08-18,49003,MINAMBAKKAM,13,20,10:21,10:28,7.0
2026-08-18,49003,TIRUSULAM,14,22,10:23,10:30,7.0
2026-08-18,49003,PALLAVARAM,15,23,10:26,10:33,7.0
2026-08-18,49003,CHROMEPET,16,25,10:29,10:35,6.0
2026-08-18,49003,TAMBARAM SANATORIUM,17,28,10:32,10:38,6.0
2026-08-18,49003,TAMBARAM,18,29,10:43,10:47,4.0
2026-08-18,49004,TAMBARAM,1,0,,,0.0
2026-08-18,49004,TAMBARAM SANATORIUM,2,1,14:29,14:29,0.0
2026-08-18,49004,CHROMEPET,3,4,14:32,14:32,0.0
2026-08-18,49004,PALLAVARAM,4,6,14:35,14:37,2.0
2026-08-18,49004,TIRUSULAM,5,8,14:38,14:38,0.0
2026-08-18,49004,MINAMBAKKAM,6,9,14:40,14:40,0.0
2026-08-18,49004,PALAVANTHANGAL,7,10,14:43,14:43,0.0
2026-08-18,49004,ST THOMAS MOUNT,8,12,14:46,14:48,2.0
2026-08-18,49004,GUINDY,9,14,14:49,14:49,0.0
2026-08-18,49004,SAIDAPET,10,16,14:52,14:52,0.0
2026-08-18,49004,MAMBALAM,11,18,14:55,14:55,0.0
2026-08-18,49004,KODAMBAKKAM,12,19,14:58,14:59,1.0
2026-08-18,49004,NUNGAMBAKKAM,13,21,15:01,15:01,0.0
2026-08-18,49004,CHENNAI CHETPAT,14,23,15:04,15:04,0.0
2026-08-18,49004,CHENNAI EGMORE,15,25,15:07,15:10,3.0
2026-08-18,49004,CHENNAI PARK,16,26,15:10,15:13,3.0
2026-08-18,49004,CHENNAI FORT,17,27,15:13,15:16,3.0
2026-08-18,49004,CHENNAI BEACH,18,29,15:25,15:25,0.0
2026-08-18,40501,CHENNAI BEACH,1,0,,,0.0
2026-08-18,40501,CHENNAI FORT,2,2,03:54,03:54,0.0
2026-08-18,40501,CHENNAI PARK,3,3,03:57,03:59,2.0
2026-08-18,40501,CHENNAI EGMORE,4,4,04:00,04:03,3.0
2026-08-18,40501,CHENNAI CHETPAT,5,6,04:04,04:04,0.0
2026-08-18,40501,NUNGAMBAKKAM,6,8,04:07,04:07,0.0
2026-08-18,40501,KODAMBAKKAM,7,9,04:10,04:12,2.0
2026-08-18,40501,MAMBALAM,8,11,04:13,04:13,0.0
2026-08-18,40501,SAIDAPET,9,13,04:16,04:16,0.0
2026-08-18,40501,GUINDY,10,15,04:19,04:19,0.0
2026-08-18,40501,ST THOMAS MOUNT,11,17,04:22,04:24,2.0
2026-08-18,40501,PALAVANTHANGAL,12,18,04:25,04:25,0.0
2026-08-18,40501,MINAMBAKKAM,13,20,04:28,04:28,0.0
2026-08-18,40501,TIRUSULAM,14,22,04:30,04:30,0.0
2026-08-18,40501,PALLAVARAM,15,23,04:33,04:36,3.0
2026-08-18,40501,CHROMEPET,16,25,04:36,04:39,3.0
2026-08-18,40501,TAMBARAM SANATORIUM,17,28,04:39,04:42,3.0
2026-08-18,40501,TAMBARAM,18,29,04:49,04:50,1.0
2026-08-18,40501,PERUNGALATTUR,19,32,04:56,04:56,0.0
2026-08-18,40501,VANDALUR,20,34,04:59,05:02,3.0
2026-08-18,40501,URAPPAKKAM,21,37,05:03,05:06,3.0
2026-08-18,40501,GUDUVANCHERI,22,40,05:07,05:11,4.0
2026-08-18,40501,POTHERI HALT,23,44,05:11,05:14,3.0
2026-08-18,40501,KATTANGULATUR,24,46,05:15,05:20,5.0
2026-08-18,40501,MARAIMALAI NAGAR KAMARAJAR,25,47,05:17,05:22,5.0
2026-08-18,40501,SINGAPERUMAL KOIL,26,51,05:22,05:27,5.0
2026-08-18,40501,PARANUR,27,55,05:27,05:32,5.0
2026-08-18,40501,CHENGALPATTU JN.,28,60,05:40,05:40,0.0
2026-08-18,40701,CHENNAI BEACH,1,0,,,0.0
2026-08-18,40701,CHENNAI FORT,2,2,05:14,05:14,0.0
2026-08-18,40701,CHENNAI PARK,3,3,05:17,05:17,0.0
2026-08-18,40701,CHENNAI EGMORE,4,4,05:20,05:21,1.0
2026-08-18,40701,CHENNAI CHETPAT,5,6,05:24,05:24,0.0
2026-08-18,40701,NUNGAMBAKKAM,6,8,05:27,05:27,0.0
2026-08-18,40701,KODAMBAKKAM,7,9,05:30,05:31,1.0
2026-08-18,40701,MAMBALAM,8,11,05:33,05:33,0.0
2026-08-18,40701,SAIDAPET,9,13,05:36,05:36,0.0
2026-08-18,40701,GUINDY,10,15,05:39,05:39,0.0
2026-08-18,40701,ST THOMAS MOUNT,11,17,05:42,05:44,2.0
2026-08-18,40701,PALAVANTHANGAL,12,18,05:45,05:45,0.0
2026-08-18,40701,MINAMBAKKAM,13,20,05:48,05:48,0.0
2026-08-18,40701,TIRUSULAM,14,22,05:50,05:50,0.0
2026-08-18,40701,PALLAVARAM,15,23,05:53,05:55,2.0
2026-08-18,40701,CHROMEPET,16,25,05:56,05:56,0.0
2026-08-18,40701,TAMBARAM SANATORIUM,17,28,05:59,05:59,0.0
2026-08-18,40701,TAMBARAM,18,29,06:09,06:09,0.0
2026-08-18,40701,PERUNGALATTUR,19,32,06:16,06:16,0.0
2026-08-18,40701,VANDALUR,20,34,06:19,06:23,4.0
2026-08-18,40701,URAPPAKKAM,21,37,06:23,06:27,4.0
2026-08-18,40701,GUDUVANCHERI,22,40,06:27,06:32,5.0
2026-08-18,40701,POTHERI HALT,23,44,06:31,06:45,14.0
2026-08-18,40701,KATTANGULATUR,24,46,06:35,06:50,15.0
2026-08-18,40701,MARAIMALAI NAGAR KAMARAJAR,25,47,06:37,06:50,13.0
2026-08-18,40701,SINGAPERUMAL KOIL,26,51,06:42,06:58,16.0
2026-08-18,40701,PARANUR,27,55,06:47,07:03,16.0
2026-08-18,40701,CHENGALPATTU JN.,28,60,07:19,07:22,3.0
2026-08-18,40701,PALUR,29,71,07:31,07:48,17.0
2026-08-18,40701,WALAJABAD,30,81,07:41,07:59,18.0
2026-08-18,40701,KANCHIPURAM EAST,31,94,07:54,08:12,18.0
2026-08-18,40701,KANCHIPURAM,32,96,08:15,08:16,1.0
2026-08-18,40801,CHENNAI BEACH,1,0,,,0.0
2026-08-18,40801,CHENNAI FORT,2,2,07:24,07:24,0.0
2026-08-18,40801,CHENNAI PARK,3,3,07:27,07:27,0.0
2026-08-18,40801,CHENNAI EGMORE,4,4,07:30,07:30,0.0
2026-08-18,40801,CHENNAI CHETPAT,5,6,07:34,07:34,0.0
2026-08-18,40801,NUNGAMBAKKAM,6,8,07:37,07:37,0.0
2026-08-18,40801,KODAMBAKKAM,7,9,07:40,07:40,0.0
2026-08-18,40801,MAMBALAM,8,11,07:43,07:43,0.0
2026-08-18,40801,SAIDAPET,9,13,07:46,07:46,0.0
2026-08-18,40801,GUINDY,10,15,07:49,07:49,0.0
2026-08-18,40801,ST THOMAS MOUNT,11,17,07:52,07:52,0.0
2026-08-18,40801,PALAVANTHANGAL,12,18,07:55,07:55,0.0
2026-08-18,40801,MINAMBAKKAM,13,20,07:58,07:58,0.0
2026-08-18,40801,TIRUSULAM,14,22,08:00,08:00,0.0
2026-08-18,40801,PALLAVARAM,15,23,08:03,08:04,1.0
2026-08-18,40801,CHROMEPET,16,25,08:06,08:06,0.0
2026-08-18,40801,TAMBARAM SANATORIUM,17,28,08:09,08:09,0.0
2026-08-18,40801,TAMBARAM,18,29,08:19,08:19,0.0
2026-08-18,40801,PERUNGALATTUR,19,32,08:25,08:29,4.0
2026-08-18,40801,VANDALUR,20,34,08:28,08:35,7.0
2026-08-18,40801,URAPPAKKAM,21,37,08:32,08:39,7.0
2026-08-18,40801,GUDUVANCHERI,22,40,08:36,08:43,7.0
2026-08-18,40801,POTHERI HALT,23,44,08:40,08:47,7.0
2026-08-18,40801,KATTANGULATUR,24,46,08:44,08:50,6.0
2026-08-18,40801,MARAIMALAI NAGAR KAMARAJAR,25,47,08:46,08:52,6.0
2026-08-18,40801,SINGAPERUMAL KOIL,26,51,08:54,08:59,5.0
2026-08-18,40801,PARANUR,27,55,09:02,09:02,0.0
2026-08-18,40801,CHENGALPATTU JN.,28,60,09:10,09:14,4.0
2026-08-18,40801,REDDIPALAYAM,29,64,09:26,09:26,0.0
2026-08-18,40801,VILLIYAMBAKKAM,30,68,09:31,09:31,0.0
2026-08-18,40801,PALUR,31,71,09:36,09:47,11.0
2026-08-18,40801,PALAYASIVARAM,32,75,09:41,10:11,30.0
2026-08-18,40801,WALAJABAD,33,81,09:46,10:23,37.0
2026-08-18,40801,NATHAPETTAI,34,89,09:54,10:34,40.0
2026-08-18,40801,KANCHIPURAM EAST,35,94,09:59,10:39,40.0
2026-08-18,40801,KANCHIPURAM,36,96,10:04,10:44,40.0
2026-08-18,40801,TIRUMALPUR,37,108,10:50,10:55,5.0
2026-08-18,42502,GUMMIDIPUNDI,1,0,,,0.0
2026-08-18,42502,KAVARAIPPETTAI,2,6,06:08,06:08,0.0
2026-08-18,42502,PONNERI,3,13,06:17,06:18,1.0
2026-08-18,42502,ANUPPAMBATTU,4,17,06:23,06:23,0.0
2026-08-18,42502,MINJUR,5,21,06:28,06:29,1.0
2026-08-18,42502,NANDIYAMPAKKAM,6,24,06:31,06:31,0.0
2026-08-18,42502,ATTIPPATTU,7,25,06:33,06:35,2.0
2026-08-18,42502,ATTIPATTU PUDU NAGAR.H,8,26,06:36,06:38,2.0
2026-08-18,42502,ENNORE,9,31,06:44,06:45,1.0
2026-08-18,42502,KATHIVAKKAM,10,32,06:46,06:46,0.0
2026-08-18,42502,WIMCO NAGAR,11,35,06:49,06:49,0.0
2026-08-18,42502,TIRUVOTTIYUR,12,38,06:56,07:01,5.0
2026-08-18,42502,VOC NAGAR,13,39,07:00,07:11,11.0
2026-08-18,42502,TONDIARPET,14,41,07:02,07:16,14.0
2026-08-18,42502,KORUKKUPET JN,15,42,07:04,07:33,29.0
2026-08-18,42502,WASHERMANPET,16,44,07:14,07:43,29.0
2026-08-18,42502,ROYAPURAM,17,46,07:19,07:46,27.0
2026-08-18,42502,CHENNAI BEACH,18,47,07:40,07:49,9.0
2026-08-18,42502,CHENNAI FORT,19,49,07:54,07:54,0.0
2026-08-18,42502,CHENNAI PARK,20,50,07:57,07:58,1.0
2026-08-18,42502,CHENNAI EGMORE,21,51,08:00,08:01,1.0
2026-08-18,42502,CHENNAI CHETPAT,22,53,08:04,08:04,0.0
2026-08-18,42502,NUNGAMBAKKAM,23,55,08:07,08:07,0.0
2026-08-18,42502,KODAMBAKKAM,24,56,08:10,08:11,1.0
2026-08-18,42502,MAMBALAM,25,58,08:13,08:13,0.0
2026-08-18,42502,SAIDAPET,26,59,08:16,08:16,0.0
2026-08-18,42502,GUINDY,27,62,08:19,08:19,0.0
2026-08-18,42502,ST THOMAS MOUNT,28,64,08:22,08:22,0.0
2026-08-18,42502,PALAVANTHANGAL,29,65,08:25,08:25,0.0
2026-08-18,42502,MINAMBAKKAM,30,67,08:28,08:28,0.0
2026-08-18,42502,TIRUSULAM,31,69,08:30,08:30,0.0
2026-08-18,42502,PALLAVARAM,32,70,08:33,08:33,0.0
2026-08-18,42502,CHROMEPET,33,72,08:36,08:36,0.0
2026-08-18,42502,TAMBARAM SANATORIUM,34,74,08:39,08:39,0.0
2026-08-18,42502,TAMBARAM,35,76,08:49,08:49,0.0
2026-08-18,42502,PERUNGALATTUR,36,79,08:55,08:55,0.0
2026-08-18,42502,VANDALUR,37,81,08:58,09:01,3.0
2026-08-18,42502,URAPPAKKAM,38,84,09:02,09:05,3.0
2026-08-18,42502,GUDUVANCHERI,39,87,09:06,09:09,3.0
2026-08-18,42502,POTHERI HALT,40,90,09:10,09:13,3.0
2026-08-18,42502,KATTANGULATUR,41,92,09:14,09:18,4.0
2026-08-18,42502,MARAIMALAI NAGAR KAMARAJAR,42,94,09:16,09:20,4.0
2026-08-18,42502,SINGAPERUMAL KOIL,43,98,09:24,09:27,3.0
2026-08-18,42502,PARANUR,44,102,09:32,09:32,0.0
2026-08-18,42502,CHENGALPATTU JN.,45,106,09:40,09:45,5.0
2026-08-18,40009,CHENNAI BEACH,1,0,,,0.0
2026-08-18,40009,CHENNAI FORT,2,2,08:14,08:14,0.0
2026-08-18,40009,CHENNAI PARK,3,3,08:17,08:17,0.0
2026-08-18,40009,CHENNAI EGMORE,4,4,08:20,08:20,0.0
2026-08-18,40009,CHENNAI CHETPAT,5,6,08:24,08:24,0.0
2026-08-18,40009,NUNGAMBAKKAM,6,8,08:27,08:27,0.0
2026-08-18,40009,KODAMBAKKAM,7,9,08:30,08:31,1.0
2026-08-18,40009,MAMBALAM,8,11,08:33,08:33,0.0
2026-08-18,40009,SAIDAPET,9,13,08:36,08:36,0.0
2026-08-18,40009,GUINDY,10,15,08:39,08:39,0.0
2026-08-18,40009,ST THOMAS MOUNT,11,17,08:42,08:42,0.0
2026-08-18,40009,PALAVANTHANGAL,12,18,08:45,08:45,0.0
2026-08-18,40009,MINAMBAKKAM,13,20,08:48,08:48,0.0
2026-08-18,40009,TIRUSULAM,14,22,08:50,08:50,0.0
2026-08-18,40009,PALLAVARAM,15,23,08:53,08:57,4.0
2026-08-18,40009,CHROMEPET,16,25,08:56,09:00,4.0
2026-08-18,40009,TAMBARAM SANATORIUM,17,28,08:59,09:03,4.0
2026-08-18,40009,TAMBARAM,18,29,09:10,09:10,0.0
2026-08-18,66034,TIRUVANNAMALAI,1,0,,,0.0
2026-08-18,66034,POLUR,2,31,04:57,05:00,3.0
2026-08-18,66034,MADIMANGALAM,3,43,05:05,05:13,8.0
2026-08-18,66034,ARNI ROAD,4,48,05:11,05:20,9.0
2026-08-18,66034,SEDARAMPATTU,5,53,05:17,05:24,7.0
2026-08-18,66034,ONNUPURAM,6,57,05:22,05:27,5.0
2026-08-18,66034,KANNAMANGALAM,7,62,05:29,05:37,8.0
2026-08-18,66034,PENNATHUR H,8,74,05:49,05:49,0.0
2026-08-18,66034,VELLORE CANTONMENT,9,83,06:05,06:05,0.0
2026-08-18,66034,KATPADI JN,10,92,06:18,06:22,4.0
2026-08-18,66034,TIRUVALAM,11,104,06:34,06:46,12.0
2026-08-18,66034,MUKUNDARAYAPURM,12,109,06:39,06:54,15.0
2026-08-18,66034,WALAJAH ROAD,13,117,06:49,07:04,15.0
2026-08-18,66034,THALANGAI,14,127,07:00,07:14,14.0
2026-08-18,66034,SHOLINGHUR,15,132,07:14,07:20,6.0
2026-08-18,66034,ANAVARDIKHANPETTAI,16,141,07:25,07:25,0.0
2026-08-18,66034,CHITTERI,17,145,07:35,07:36,1.0
2026-08-18,66034,ARAKKONAM JN.,18,153,07:58,07:58,0.0
2026-08-18,66034,PULIYAMANGALAM,19,155,08:04,08:11,7.0
2026-08-18,66034,MOSUR,20,158,08:07,08:14,7.0
2026-08-18,66034,TIRUVALANGADU,21,163,08:12,08:19,7.0
2026-08-18,66034,MANAVUR,22,168,08:17,08:24,7.0
2026-08-18,66034,SENJI PANAMBAKKAM,23,171,08:21,08:28,7.0
2026-08-18,66034,KADAMBATTUR,24,174,08:25,08:32,7.0
2026-08-18,66034,EGATTUR,25,178,08:29,08:36,7.0
2026-08-18,66034,TIRUVALLUR,26,180,08:34,08:43,9.0
2026-08-18,66034,SEVVAPET ROAD,27,186,08:40,08:50,10.0
2026-08-18,66034,VEPPAMPATTU,28,189,08:43,08:53,10.0
2026-08-18,66034,TIRUNINRAVUR,29,193,08:49,08:59,10.0
2026-08-18,66034,VILLIVAKKAM,30,212,09:09,09:09,0.0
2026-08-18,66034,PERAMBUR,31,216,09:17,09:17,0.0
2026-08-18,66034,WASHERMANPET,32,221,09:25,09:43,18.0
2026-08-18,66034,ROYAPURAM,33,222,09:29,09:47,18.0
2026-08-18,66034,CHENNAI BEACH,34,224,09:39,09:59,20.0
2026-08-18,66034,CHENNAI FORT,35,225,10:04,10:04,0.0
2026-08-18,66034,CHENNAI PARK,36,226,10:07,10:08,1.0
2026-08-18,66034,CHENNAI EGMORE,37,228,10:10,10:14,4.0
2026-08-18,66034,CHENNAI CHETPAT,38,230,10:14,10:18,4.0
2026-08-18,66034,NUNGAMBAKKAM,39,232,10:17,10:21,4.0
2026-08-18,66034,KODAMBAKKAM,40,233,10:20,10:25,5.0
2026-08-18,66034,MAMBALAM,41,235,10:23,10:27,4.0
2026-08-18,66034,SAIDAPET,42,236,10:26,10:30,4.0
2026-08-18,66034,GUINDY,43,239,10:29,10:33,4.0
2026-08-18,66034,ST THOMAS MOUNT,44,241,10:32,10:36,4.0
2026-08-18,66034,PALAVANTHANGAL,45,242,10:35,10:39,4.0
2026-08-18,66034,MINAMBAKKAM,46,244,10:38,10:42,4.0
2026-08-18,66034,TIRUSULAM,47,245,10:40,10:44,4.0
2026-08-18,66034,PALLAVARAM,48,247,10:43,10:47,4.0
2026-08-18,66034,CHROMEPET,49,249,10:46,10:49,3.0
2026-08-18,66034,TAMBARAM SANATORIUM,50,251,10:49,10:49,0.0
2026-08-18,66034,TAMBARAM,51,253,11:10,11:10,0.0
2026-08-18,40527,CHENNAI BEACH,1,0,,,5.0
2026-08-18,40527,CHENNAI FORT,2,2,10:17,10:22,5.0
2026-08-18,40527,CHENNAI PARK,3,3,10:20,10:25,5.0
2026-08-18,40527,CHENNAI EGMORE,4,4,10:23,10:28,5.0
2026-08-18,40527,CHENNAI CHETPAT,5,6,10:27,10:31,4.0
2026-08-18,40527,NUNGAMBAKKAM,6,8,10:30,10:34,4.0
2026-08-18,40527,KODAMBAKKAM,7,9,10:33,10:39,6.0
2026-08-18,40527,MAMBALAM,8,11,10:36,10:41,5.0
2026-08-18,40527,SAIDAPET,9,13,10:39,10:44,5.0
2026-08-18,40527,GUINDY,10,15,10:42,10:47,5.0
2026-08-18,40527,ST THOMAS MOUNT,11,17,10:45,10:50,5.0
2026-08-18,40527,PALAVANTHANGAL,12,18,10:48,10:53,5.0
2026-08-18,40527,MINAMBAKKAM,13,20,10:51,10:56,5.0
2026-08-18,40527,TIRUSULAM,14,22,10:53,10:58,5.0
2026-08-18,40527,PALLAVARAM,15,23,10:56,11:04,8.0
2026-08-18,40527,CHROMEPET,16,25,10:59,11:07,8.0
2026-08-18,40527,TAMBARAM SANATORIUM,17,28,11:02,11:10,8.0
2026-08-18,40527,TAMBARAM,18,29,11:12,11:20,8.0
2026-08-18,40527,PERUNGALATTUR,19,32,11:19,11:29,10.0
2026-08-18,40527,VANDALUR,20,34,11:22,11:34,12.0
2026-08-18,40527,URAPPAKKAM,21,37,11:26,11:36,10.0
2026-08-18,40527,GUDUVANCHERI,22,40,11:30,11:42,12.0
2026-08-18,40527,POTHERI HALT,23,44,11:34,11:44,10.0
2026-08-18,40527,KATTANGULATUR,24,46,11:38,11:49,11.0
2026-08-18,40527,MARAIMALAI NAGAR KAMARAJAR,25,47,11:40,11:49,9.0
2026-08-18,40527,SINGAPERUMAL KOIL,26,51,11:45,11:56,11.0
2026-08-18,40527,PARANUR,27,55,11:50,11:59,9.0
2026-08-18,40527,CHENGALPATTU JN.,28,60,12:05,12:10,5.0
2026-08-18,40033,CHENNAI BEACH,1,0,,,1.0
2026-08-18,40033,CHENNAI FORT,2,2,11:02,11:02,0.0
2026-08-18,40033,CHENNAI PARK,3,3,11:05,11:07,2.0
2026-08-18,40033,CHENNAI EGMORE,4,4,11:08,11:10,2.0
2026-08-18,40033,CHENNAI CHETPAT,5,6,11:12,11:12,0.0
2026-08-18,40033,NUNGAMBAKKAM,6,8,11:15,11:15,0.0
2026-08-18,40033,KODAMBAKKAM,7,9,11:18,11:20,2.0
2026-08-18,40033,MAMBALAM,8,11,11:21,11:21,0.0
2026-08-18,40033,SAIDAPET,9,13,11:24,11:24,0.0
2026-08-18,40033,GUINDY,10,15,11:27,11:27,0.0
2026-08-18,40033,ST THOMAS MOUNT,11,17,11:30,11:31,1.0
2026-08-18,40033,PALAVANTHANGAL,12,18,11:33,11:33,0.0
2026-08-18,40033,MINAMBAKKAM,13,20,11:36,11:36,0.0
2026-08-18,40033,TIRUSULAM,14,22,11:38,11:38,0.0
2026-08-18,40033,PALLAVARAM,15,23,11:41,11:44,3.0
2026-08-18,40033,CHROMEPET,16,25,11:44,11:47,3.0
2026-08-18,40033,TAMBARAM SANATORIUM,17,28,11:47,11:50,3.0
2026-08-18,40033,TAMBARAM,18,29,11:58,11:58,0.0
2026-08-18,40533,CHENNAI BEACH,1,0,,,0.0
2026-08-18,40533,CHENNAI FORT,2,2,12:06,12:06,0.0
2026-08-18,40533,CHENNAI PARK,3,3,12:09,12:09,0.0
2026-08-18,40533,CHENNAI EGMORE,4,4,12:12,12:12,0.0
2026-08-18,40533,CHENNAI CHETPAT,5,6,12:16,12:16,0.0
2026-08-18,40533,NUNGAMBAKKAM,6,8,12:19,12:19,0.0
2026-08-18,40533,KODAMBAKKAM,7,9,12:22,12:23,1.0
2026-08-18,40533,MAMBALAM,8,11,12:25,12:25,0.0
2026-08-18,40533,SAIDAPET,9,13,12:28,12:28,0.0
2026-08-18,40533,GUINDY,10,15,12:31,12:31,0.0
2026-08-18,40533,ST THOMAS MOUNT,11,17,12:34,12:36,2.0
2026-08-18,40533,PALAVANTHANGAL,12,18,12:37,12:37,0.0
2026-08-18,40533,MINAMBAKKAM,13,20,12:40,12:40,0.0
2026-08-18,40533,TIRUSULAM,14,22,12:42,12:42,0.0
2026-08-18,40533,PALLAVARAM,15,23,12:45,12:47,2.0
2026-08-18,40533,CHROMEPET,16,25,12:48,12:48,0.0
2026-08-18,40533,TAMBARAM SANATORIUM,17,28,12:51,12:51,0.0
2026-08-18,40533,TAMBARAM,18,29,13:01,13:01,0.0
2026-08-18,40533,PERUNGALATTUR,19,32,13:07,13:11,4.0
2026-08-18,40533,VANDALUR,20,34,13:10,13:16,6.0
2026-08-18,40533,URAPPAKKAM,21,37,13:14,13:18,4.0
2026-08-18,40533,GUDUVANCHERI,22,40,13:18,13:26,8.0
2026-08-18,40533,POTHERI HALT,23,44,13:22,13:30,8.0
2026-08-18,40533,KATTANGULATUR,24,46,13:26,13:34,8.0
2026-08-18,40533,MARAIMALAI NAGAR KAMARAJAR,25,47,13:28,13:35,7.0
2026-08-18,40533,SINGAPERUMAL KOIL,26,51,13:36,13:42,6.0
2026-08-18,40533,PARANUR,27,55,13:44,13:47,3.0
2026-08-18,40533,CHENGALPATTU JN.,28,60,14:00,14:00,0.0
2026-08-18,40901,CHENNAI BEACH,1,0,,,0.0
2026-08-18,40901,CHENNAI FORT,2,2,13:04,13:04,0.0
2026-08-18,40901,CHENNAI PARK,3,3,13:07,13:07,0.0
2026-08-18,40901,CHENNAI EGMORE,4,4,13:10,13:10,0.0
2026-08-18,40901,CHENNAI CHETPAT,5,6,13:14,13:14,0.0
2026-08-18,40901,NUNGAMBAKKAM,6,8,13:17,13:17,0.0
2026-08-18,40901,KODAMBAKKAM,7,9,13:20,13:21,1.0
2026-08-18,40901,MAMBALAM,8,11,13:23,13:23,0.0
2026-08-18,40901,SAIDAPET,9,13,13:26,13:26,0.0
2026-08-18,40901,GUINDY,10,15,13:29,13:29,0.0
2026-08-18,40901,ST THOMAS MOUNT,11,17,13:32,13:32,0.0
2026-08-18,40901,PALAVANTHANGAL,12,18,13:35,13:35,0.0
2026-08-18,40901,MINAMBAKKAM,13,20,13:38,13:38,0.0
2026-08-18,40901,TIRUSULAM,14,22,13:40,13:40,0.0
2026-08-18,40901,PALLAVARAM,15,23,13:43,13:43,0.0
2026-08-18,40901,CHROMEPET,16,25,13:46,13:46,0.0
2026-08-18,40901,TAMBARAM SANATORIUM,17,28,13:49,13:49,0.0
2026-08-18,40901,TAMBARAM,18,29,13:59,14:03,4.0
2026-08-18,40901,PERUNGALATTUR,19,32,14:05,14:09,4.0
2026-08-18,40901,VANDALUR,20,34,14:08,14:13,5.0
2026-08-18,40901,URAPPAKKAM,21,37,14:12,14:16,4.0
2026-08-18,40901,GUDUVANCHERI,22,40,14:16,14:24,8.0
2026-08-18,40901,POTHERI HALT,23,44,14:20,14:28,8.0
2026-08-18,40901,KATTANGULATUR,24,46,14:24,14:33,9.0
2026-08-18,40901,MARAIMALAI NAGAR KAMARAJAR,25,47,14:26,14:33,7.0
2026-08-18,40901,SINGAPERUMAL KOIL,26,51,14:34,14:43,9.0
2026-08-18,40901,PARANUR,27,55,14:42,14:48,6.0
2026-08-18,40901,CHENGALPATTU JN.,28,60,14:50,14:56,6.0
2026-08-18,40901,REDDIPALAYAM,29,64,15:06,15:06,0.0
2026-08-18,40901,VILLIYAMBAKKAM,30,68,15:11,15:11,0.0
2026-08-18,40901,PALUR,31,71,15:16,15:19,3.0
2026-08-18,40901,PALAYASIVARAM,32,75,15:21,15:21,0.0
2026-08-18,40901,WALAJABAD,33,81,15:26,15:32,6.0
2026-08-18,40901,NATHAPETTAI,34,89,15:34,15:40,6.0
2026-08-18,40901,KANCHIPURAM EAST,35,94,15:39,15:45,6.0
2026-08-18,40901,KANCHIPURAM,36,96,15:44,15:50,6.0
2026-08-18,40901,TIRUMALPUR,37,108,15:57,16:04,7.0
2026-08-18,40901,TAKKOLAM,38,116,16:07,16:11,4.0
2026-08-18,40901,ARAKKONAM JN.,39,128,16:30,16:36,6.0
2026-08-18,40051,CHENNAI BEACH,1,0,,,0.0
2026-08-18,40051,CHENNAI FORT,2,2,14:04,14:04,0.0
2026-08-18,40051,CHENNAI PARK,3,3,14:07,14:07,0.0
2026-08-18,40051,CHENNAI EGMORE,4,4,14:10,14:10,0.0
2026-08-18,40051,CHENNAI CHETPAT,5,6,14:14,14:14,0.0
2026-08-18,40051,NUNGAMBAKKAM,6,8,14:17,14:17,0.0
2026-08-18,40051,KODAMBAKKAM,7,9,14:20,14:21,1.0
2026-08-18,40051,MAMBALAM,8,11,14:23,14:23,0.0
2026-08-18,40051,SAIDAPET,9,13,14:26,14:26,0.0
2026-08-18,40051,GUINDY,10,15,14:29,14:29,0.0
2026-08-18,40051,ST THOMAS MOUNT,11,17,14:32,14:32,0.0
2026-08-18,40051,PALAVANTHANGAL,12,18,14:35,14:35,0.0
2026-08-18,40051,MINAMBAKKAM,13,20,14:38,14:38,0.0
2026-08-18,40051,TIRUSULAM,14,22,14:40,14:40,0.0
2026-08-18,40051,PALLAVARAM,15,23,14:43,14:44,1.0
2026-08-18,40051,CHROMEPET,16,25,14:46,14:46,0.0
2026-08-18,40051,TAMBARAM SANATORIUM,17,28,14:49,14:49,0.0
2026-08-18,40051,TAMBARAM,18,29,14:55,14:55,0.0
2026-08-18,40803,CHENNAI BEACH,1,0,,,0.0
2026-08-18,40803,CHENNAI FORT,2,2,15:04,15:04,0.0
2026-08-18,40803,CHENNAI PARK,3,3,15:07,15:07,0.0
2026-08-18,40803,CHENNAI EGMORE,4,4,15:10,15:10,0.0
2026-08-18,40803,CHENNAI CHETPAT,5,6,15:14,15:14,0.0
2026-08-18,40803,NUNGAMBAKKAM,6,8,15:17,15:17,0.0
2026-08-18,40803,KODAMBAKKAM,7,9,15:20,15:21,1.0
2026-08-18,40803,MAMBALAM,8,11,15:23,15:23,0.0
2026-08-18,40803,SAIDAPET,9,13,15:26,15:26,0.0
2026-08-18,40803,GUINDY,10,15,15:29,15:29,0.0
2026-08-18,40803,ST THOMAS MOUNT,11,17,15:32,15:32,0.0
2026-08-18,40803,PALAVANTHANGAL,12,18,15:35,15:35,0.0
2026-08-18,40803,MINAMBAKKAM,13,20,15:38,15:38,0.0
2026-08-18,40803,TIRUSULAM,14,22,15:40,15:40,0.0
2026-08-18,40803,PALLAVARAM,15,23,15:43,15:44,1.0
2026-08-18,40803,CHROMEPET,16,25,15:46,15:46,0.0
2026-08-18,40803,TAMBARAM SANATORIUM,17,28,15:49,15:49,0.0
2026-08-18,40803,TAMBARAM,18,29,15:59,16:00,1.0
2026-08-18,40803,PERUNGALATTUR,19,32,16:05,16:09,4.0
2026-08-18,40803,VANDALUR,20,34,16:08,16:12,4.0
2026-08-18,40803,URAPPAKKAM,21,37,16:12,16:16,4.0
2026-08-18,40803,GUDUVANCHERI,22,40,16:16,16:23,7.0
2026-08-18,40803,POTHERI HALT,23,44,16:20,16:27,7.0
2026-08-18,40803,KATTANGULATUR,24,46,16:24,16:33,9.0
2026-08-18,40803,MARAIMALAI NAGAR KAMARAJAR,25,47,16:26,16:35,9.0
2026-08-18,40803,SINGAPERUMAL KOIL,26,51,16:34,16:41,7.0
2026-08-18,40803,PARANUR,27,55,16:42,16:45,3.0
2026-08-18,40803,CHENGALPATTU JN.,28,60,16:50,17:01,11.0
2026-08-18,40803,REDDIPALAYAM,29,64,17:06,17:12,6.0
2026-08-18,40803,VILLIYAMBAKKAM,30,68,17:11,17:17,6.0
2026-08-18,40803,PALUR,31,71,17:16,17:26,10.0
2026-08-18,40803,PALAYASIVARAM,32,75,17:21,17:30,9.0
2026-08-18,40803,WALAJABAD,33,81,17:26,17:40,14.0
2026-08-18,40803,NATHAPETTAI,34,89,17:34,17:51,17.0
2026-08-18,40803,KANCHIPURAM EAST,35,94,17:39,17:56,17.0
2026-08-18,40803,KANCHIPURAM,36,96,17:44,18:02,18.0
2026-08-18,40803,TIRUMALPUR,37,108,18:20,18:20,0.0
2026-08-18,40547,CHENNAI BEACH,1,0,,,0.0
2026-08-18,40547,CHENNAI FORT,2,2,16:19,16:19,0.0
2026-08-18,40547,CHENNAI PARK,3,3,16:22,16:22,0.0
2026-08-18,40547,CHENNAI EGMORE,4,4,16:25,16:26,1.0
2026-08-18,40547,CHENNAI CHETPAT,5,6,16:29,16:29,0.0
2026-08-18,40547,NUNGAMBAKKAM,6,8,16:32,16:32,0.0
2026-08-18,40547,KODAMBAKKAM,7,9,16:35,16:37,2.0
2026-08-18,40547,MAMBALAM,8,11,16:38,16:38,0.0
2026-08-18,40547,SAIDAPET,9,13,16:41,16:41,0.0
2026-08-18,40547,GUINDY,10,15,16:44,16:44,0.0
2026-08-18,40547,ST THOMAS MOUNT,11,17,16:47,16:48,1.0
2026-08-18,40547,PALAVANTHANGAL,12,18,16:50,16:50,0.0
2026-08-18,40547,MINAMBAKKAM,13,20,16:53,16:53,0.0
2026-08-18,40547,TIRUSULAM,14,22,16:55,16:55,0.0
2026-08-18,40547,PALLAVARAM,15,23,16:58,16:59,1.0
2026-08-18,40547,CHROMEPET,16,25,17:01,17:01,0.0
2026-08-18,40547,TAMBARAM SANATORIUM,17,28,17:04,17:04,0.0
2026-08-18,40547,TAMBARAM,18,29,17:14,17:14,0.0
2026-08-18,40547,PERUNGALATTUR,19,32,17:20,17:23,3.0
2026-08-18,40547,VANDALUR,20,34,17:23,17:26,3.0
2026-08-18,40547,URAPPAKKAM,21,37,17:27,17:30,3.0
2026-08-18,40547,GUDUVANCHERI,22,40,17:31,17:36,5.0
2026-08-18,40547,POTHERI HALT,23,44,17:35,17:38,3.0
2026-08-18,40547,KATTANGULATUR,24,46,17:39,17:46,7.0
2026-08-18,40547,MARAIMALAI NAGAR KAMARAJAR,25,47,17:41,17:48,7.0
2026-08-18,40547,SINGAPERUMAL KOIL,26,51,17:49,17:53,4.0
2026-08-18,40547,PARANUR,27,55,17:57,17:57,0.0
2026-08-18,40547,CHENGALPATTU JN.,28,60,18:15,18:20,5.0
2026-08-18,42522,GUMMIDIPUNDI,1,0,,,0.0
2026-08-18,42522,KAVARAIPPETTAI,2,6,15:08,15:09,1.0
2026-08-18,42522,PONNERI,3,13,15:17,15:18,1.0
2026-08-18,42522,ANUPPAMBATTU,4,17,15:25,15:25,0.0
2026-08-18,42522,MINJUR,5,21,15:30,15:30,0.0
2026-08-18,42522,NANDIYAMPAKKAM,6,24,15:33,15:33,0.0
2026-08-18,42522,ATTIPPATTU,7,25,15:35,15:36,1.0
2026-08-18,42522,ATTIPATTU PUDU NAGAR.H,8,26,15:38,15:38,0.0
2026-08-18,42522,ENNORE,9,31,15:42,15:44,2.0
2026-08-18,42522,KATHIVAKKAM,10,32,15:44,15:44,0.0
2026-08-18,42522,WIMCO NAGAR,11,35,15:47,15:47,0.0
2026-08-18,42522,TIRUVOTTIYUR,12,38,15:54,16:00,6.0
2026-08-18,42522,VOC NAGAR,13,39,15:58,16:04,6.0
2026-08-18,42522,TONDIARPET,14,41,16:00,16:06,6.0
2026-08-18,42522,KORUKKUPET JN,15,42,16:02,16:14,12.0
2026-08-18,42522,WASHERMANPET,16,44,16:09,16:21,12.0
2026-08-18,42522,ROYAPURAM,17,46,16:12,16:27,15.0
2026-08-18,42522,CHENNAI BEACH,18,47,16:35,16:41,6.0
2026-08-18,42522,CHENNAI FORT,19,49,16:54,16:54,0.0
2026-08-18,42522,CHENNAI PARK,20,50,16:57,16:57,0.0
2026-08-18,42522,CHENNAI EGMORE,21,51,17:00,17:00,0.0
2026-08-18,42522,CHENNAI CHETPAT,22,53,17:04,17:04,0.0
2026-08-18,42522,NUNGAMBAKKAM,23,55,17:07,17:07,0.0
2026-08-18,42522,KODAMBAKKAM,24,56,17:10,17:11,1.0
2026-08-18,42522,MAMBALAM,25,58,17:13,17:13,0.0
2026-08-18,42522,SAIDAPET,26,59,17:16,17:16,0.0
2026-08-18,42522,GUINDY,27,62,17:19,17:19,0.0
2026-08-18,42522,ST THOMAS MOUNT,28,64,17:22,17:22,0.0
2026-08-18,42522,PALAVANTHANGAL,29,65,17:25,17:25,0.0
2026-08-18,42522,MINAMBAKKAM,30,67,17:28,17:28,0.0
2026-08-18,42522,TIRUSULAM,31,69,17:30,17:30,0.0
2026-08-18,42522,PALLAVARAM,32,70,17:33,17:34,1.0
2026-08-18,42522,CHROMEPET,33,72,17:36,17:36,0.0
2026-08-18,42522,TAMBARAM SANATORIUM,34,74,17:39,17:39,0.0
2026-08-18,42522,TAMBARAM,35,76,17:50,17:50,0.0
2026-08-18,40067,CHENNAI BEACH,1,0,,,1.0
2026-08-18,40067,CHENNAI FORT,2,2,17:49,17:49,0.0
2026-08-18,40067,CHENNAI PARK,3,3,17:52,17:53,1.0
2026-08-18,40067,CHENNAI EGMORE,4,4,17:55,17:56,1.0
2026-08-18,40067,CHENNAI CHETPAT,5,6,17:59,17:59,0.0
2026-08-18,40067,NUNGAMBAKKAM,6,8,18:02,18:02,0.0
2026-08-18,40067,KODAMBAKKAM,7,9,18:05,18:05,0.0
2026-08-18,40067,MAMBALAM,8,11,18:08,18:08,0.0
2026-08-18,40067,SAIDAPET,9,13,18:11,18:11,0.0
2026-08-18,40067,GUINDY,10,15,18:14,18:14,0.0
2026-08-18,40067,ST THOMAS MOUNT,11,17,18:17,18:17,0.0
2026-08-18,40067,PALAVANTHANGAL,12,18,18:20,18:20,0.0
2026-08-18,40067,MINAMBAKKAM,13,20,18:23,18:23,0.0
2026-08-18,40067,TIRUSULAM,14,22,18:25,18:25,0.0
2026-08-18,40067,PALLAVARAM,15,23,18:28,18:29,1.0
2026-08-18,40067,CHROMEPET,16,25,18:31,18:31,0.0
2026-08-18,40067,TAMBARAM SANATORIUM,17,28,18:34,18:34,0.0
2026-08-18,40067,TAMBARAM,18,29,18:40,18:44,4.0
2026-08-18,40903,CHENNAI BEACH,1,0,,,0.0
2026-08-18,40903,CHENNAI FORT,2,2,18:11,18:11,0.0
2026-08-18,40903,CHENNAI PARK,3,3,18:14,18:14,0.0
2026-08-18,40903,CHENNAI EGMORE,4,4,18:17,18:22,5.0
2026-08-18,40903,MAMBALAM,5,11,18:27,18:32,5.0
2026-08-18,40903,GUINDY,6,15,18:32,18:37,5.0
2026-08-18,40903,TAMBARAM,7,29,18:54,18:54,0.0
2026-08-18,40903,CHENGALPATTU JN.,8,60,19:27,19:28,1.0
2026-08-18,40903,PALUR,9,71,19:49,19:50,1.0
2026-08-18,40903,WALAJABAD,10,81,19:59,20:15,16.0
2026-08-18,40903,KANCHIPURAM EAST,11,94,20:11,20:27,16.0
2026-08-18,40903,KANCHIPURAM,12,96,20:14,20:39,25.0
2026-08-18,40903,TIRUMALPUR,13,108,20:29,20:50,21.0
2026-08-18,40903,TAKKOLAM,14,116,20:39,21:00,21.0
2026-08-18,40903,ARAKKONAM JN.,15,128,21:15,21:15,0.0
2026-08-18,49007,CHENNAI BEACH,1,0,,,8.0
2026-08-18,49007,CHENNAI FORT,2,2,18:21,18:29,8.0
2026-08-18,49007,CHENNAI PARK,3,3,18:24,18:32,8.0
2026-08-18,49007,CHENNAI EGMORE,4,4,18:27,18:37,10.0
2026-08-18,49007,MAMBALAM,5,11,18:37,18:47,10.0
2026-08-18,49007,GUINDY,6,15,18:42,18:52,10.0
2026-08-18,49007,ST THOMAS MOUNT,7,17,18:45,18:55,10.0
2026-08-18,49007,CHROMEPET,8,25,18:54,19:01,7.0
2026-08-18,49007,TAMBARAM,9,29,19:04,19:06,2.0
2026-08-18,49007,PERUNGALATTUR,10,32,19:10,19:14,4.0
2026-08-18,49007,URAPPAKKAM,11,37,19:16,19:20,4.0
2026-08-18,49007,GUDUVANCHERI,12,40,19:20,19:23,3.0
2026-08-18,49007,POTHERI HALT,13,44,19:24,19:28,4.0
2026-08-18,49007,SINGAPERUMAL KOIL,14,51,19:32,19:35,3.0
2026-08-18,49007,PARANUR,15,55,19:37,19:41,4.0
2026-08-18,49007,CHENGALPATTU JN.,16,60,19:50,19:50,0.0
2026-08-18,40703,CHENNAI BEACH,1,0,,,3.0
2026-08-18,40703,CHENNAI FORT,2,2,19:24,19:27,3.0
2026-08-18,40703,CHENNAI PARK,3,3,19:27,19:30,3.0
2026-08-18,40703,CHENNAI EGMORE,4,4,19:30,19:33,3.0
2026-08-18,40703,CHENNAI CHETPAT,5,6,19:34,19:34,0.0
2026-08-18,40703,NUNGAMBAKKAM,6,8,19:37,19:37,0.0
2026-08-18,40703,KODAMBAKKAM,7,9,19:40,19:44,4.0
2026-08-18,40703,MAMBALAM,8,11,19:43,19:46,3.0
2026-08-18,40703,SAIDAPET,9,13,19:46,19:49,3.0
2026-08-18,40703,GUINDY,10,15,19:49,19:52,3.0
2026-08-18,40703,ST THOMAS MOUNT,11,17,19:52,19:55,3.0
2026-08-18,40703,PALAVANTHANGAL,12,18,19:55,19:58,3.0
2026-08-18,40703,MINAMBAKKAM,13,20,19:58,20:01,3.0
2026-08-18,40703,TIRUSULAM,14,22,20:00,20:03,3.0
2026-08-18,40703,PALLAVARAM,15,23,20:03,20:09,6.0
2026-08-18,40703,CHROMEPET,16,25,20:06,20:12,6.0
2026-08-18,40703,TAMBARAM SANATORIUM,17,28,20:09,20:15,6.0
2026-08-18,40703,TAMBARAM,18,29,20:19,20:23,4.0
2026-08-18,40703,PERUNGALATTUR,19,32,20:25,20:33,8.0
2026-08-18,40703,VANDALUR,20,34,20:28,20:36,8.0
2026-08-18,40703,URAPPAKKAM,21,37,20:32,20:40,8.0
2026-08-18,40703,GUDUVANCHERI,22,40,20:36,20:43,7.0
2026-08-18,40703,POTHERI HALT,23,44,20:40,20:48,8.0
2026-08-18,40703,KATTANGULATUR,24,46,20:44,20:50,6.0
2026-08-18,40703,MARAIMALAI NAGAR KAMARAJAR,25,47,20:46,20:53,7.0
2026-08-18,40703,SINGAPERUMAL KOIL,26,51,20:54,21:00,6.0
2026-08-18,40703,PARANUR,27,55,21:02,21:05,3.0
2026-08-18,40703,CHENGALPATTU JN.,28,60,21:10,21:19,9.0
2026-08-18,40703,REDDIPALAYAM,29,64,21:26,21:26,0.0
2026-08-18,40703,VILLIYAMBAKKAM,30,68,21:31,21:31,0.0
2026-08-18,40703,PALUR,31,71,21:36,21:36,0.0
2026-08-18,40703,PALAYASIVARAM,32,75,21:41,21:41,0.0
2026-08-18,40703,WALAJABAD,33,81,21:46,21:53,7.0
2026-08-18,40703,NATHAPETTAI,34,89,21:54,22:01,7.0
2026-08-18,40703,KANCHIPURAM EAST,35,94,21:56,22:03,7.0
2026-08-18,40703,KANCHIPURAM,36,96,22:05,22:09,4.0
2026-08-18,40201,CHENNAI BEACH,1,0,,,2.0
2026-08-18,40201,CHENNAI FORT,2,2,19:34,19:34,0.0
2026-08-18,40201,CHENNAI PARK,3,3,19:37,19:39,2.0
2026-08-18,40201,CHENNAI EGMORE,4,4,19:40,19:42,2.0
2026-08-18,40201,CHENNAI CHETPAT,5,6,19:44,19:44,0.0
2026-08-18,40201,NUNGAMBAKKAM,6,8,19:47,19:47,0.0
2026-08-18,40201,KODAMBAKKAM,7,9,19:50,19:53,3.0
2026-08-18,40201,MAMBALAM,8,11,19:53,19:53,0.0
2026-08-18,40201,SAIDAPET,9,13,19:56,19:56,0.0
2026-08-18,40201,GUINDY,10,15,19:59,19:59,0.0
2026-08-18,40201,ST THOMAS MOUNT,11,17,20:02,20:05,3.0
2026-08-18,40201,PALAVANTHANGAL,12,18,20:05,20:08,3.0
2026-08-18,40201,MINAMBAKKAM,13,20,20:08,20:11,3.0
2026-08-18,40201,TIRUSULAM,14,22,20:10,20:13,3.0
2026-08-18,40201,PALLAVARAM,15,23,20:13,20:16,3.0
2026-08-18,40201,CHROMEPET,16,25,20:16,20:19,3.0
2026-08-18,40201,TAMBARAM SANATORIUM,17,28,20:19,20:22,3.0
2026-08-18,40201,TAMBARAM,18,29,20:29,20:34,5.0
2026-08-18,40201,PERUNGALATTUR,19,32,20:35,20:40,5.0
2026-08-18,40201,VANDALUR,20,34,20:38,20:39,1.0
2026-08-18,40201,URAPPAKKAM,21,37,20:42,20:43,1.0
2026-08-18,40201,GUDUVANCHERI,22,40,20:55,20:57,2.0
2026-08-18,40203,CHENNAI BEACH,1,0,,,0.0
2026-08-18,40203,CHENNAI FORT,2,2,20:04,20:04,0.0
2026-08-18,40203,CHENNAI PARK,3,3,20:07,20:08,1.0
2026-08-18,40203,CHENNAI EGMORE,4,4,20:10,20:12,2.0
2026-08-18,40203,CHENNAI CHETPAT,5,6,20:14,20:14,0.0
2026-08-18,40203,NUNGAMBAKKAM,6,8,20:17,20:17,0.0
2026-08-18,40203,KODAMBAKKAM,7,9,20:20,20:20,0.0
2026-08-18,40203,MAMBALAM,8,11,20:23,20:23,0.0
2026-08-18,40203,SAIDAPET,9,13,20:26,20:26,0.0
2026-08-18,40203,GUINDY,10,15,20:29,20:29,0.0
2026-08-18,40203,ST THOMAS MOUNT,11,17,20:32,20:33,1.0
2026-08-18,40203,PALAVANTHANGAL,12,18,20:35,20:35,0.0
2026-08-18,40203,MINAMBAKKAM,13,20,20:38,20:38,0.0
2026-08-18,40203,TIRUSULAM,14,22,20:40,20:40,0.0
2026-08-18,40203,PALLAVARAM,15,23,20:43,20:45,2.0
2026-08-18,40203,CHROMEPET,16,25,20:46,20:49,3.0
2026-08-18,40203,TAMBARAM SANATORIUM,17,28,20:49,20:52,3.0
2026-08-18,40203,TAMBARAM,18,29,20:59,20:59,0.0
2026-08-18,40203,PERUNGALATTUR,19,32,21:05,21:09,4.0
2026-08-18,40203,VANDALUR,20,34,21:08,21:09,1.0
2026-08-18,40203,URAPPAKKAM,21,37,21:12,21:13,1.0
2026-08-18,40203,GUDUVANCHERI,22,40,21:30,21:30,0.0
2026-08-18,40081,CHENNAI BEACH,1,0,,,0.0
2026-08-18,40081,CHENNAI FORT,2,2,21:04,21:04,0.0
2026-08-18,40081,CHENNAI PARK,3,3,21:07,21:07,0.0
2026-08-18,40081,CHENNAI EGMORE,4,4,21:10,21:10,0.0
2026-08-18,40081,CHENNAI CHETPAT,5,6,21:14,21:14,0.0
2026-08-18,40081,NUNGAMBAKKAM,6,8,21:17,21:17,0.0
2026-08-18,40081,KODAMBAKKAM,7,9,21:20,21:20,0.0
2026-08-18,40081,MAMBALAM,8,11,21:23,21:23,0.0
2026-08-18,40081,SAIDAPET,9,13,21:26,21:26,0.0
2026-08-18,40081,GUINDY,10,15,21:29,21:29,0.0
2026-08-18,40081,ST THOMAS MOUNT,11,17,21:32,21:33,1.0
2026-08-18,40081,PALAVANTHANGAL,12,18,21:35,21:35,0.0
2026-08-18,40081,MINAMBAKKAM,13,20,21:38,21:38,0.0
2026-08-18,40081,TIRUSULAM,14,22,21:40,21:40,0.0
2026-08-18,40081,PALLAVARAM,15,23,21:43,21:44,1.0
2026-08-18,40081,CHROMEPET,16,25,21:46,21:46,0.0
2026-08-18,40081,TAMBARAM SANATORIUM,17,28,21:49,21:49,0.0
2026-08-18,40081,TAMBARAM,18,29,22:00,22:00,0.0
2026-08-18,40569,CHENNAI BEACH,1,0,,,0.0
2026-08-18,40569,CHENNAI FORT,2,2,22:04,22:04,0.0
2026-08-18,40569,CHENNAI PARK,3,3,22:07,22:08,1.0
2026-08-18,40569,CHENNAI EGMORE,4,4,22:10,22:11,1.0
2026-08-18,40569,CHENNAI CHETPAT,5,6,22:14,22:14,0.0
2026-08-18,40569,NUNGAMBAKKAM,6,8,22:17,22:17,0.0
2026-08-18,40569,KODAMBAKKAM,7,9,22:20,22:20,0.0
2026-08-18,40569,MAMBALAM,8,11,22:23,22:23,0.0
2026-08-18,40569,SAIDAPET,9,13,22:26,22:26,0.0
2026-08-18,40569,GUINDY,10,15,22:29,22:29,0.0
2026-08-18,40569,ST THOMAS MOUNT,11,17,22:32,22:32,0.0
2026-08-18,40569,PALAVANTHANGAL,12,18,22:35,22:35,0.0
2026-08-18,40569,MINAMBAKKAM,13,20,22:38,22:38,0.0
2026-08-18,40569,TIRUSULAM,14,22,22:40,22:40,0.0
2026-08-18,40569,PALLAVARAM,15,23,22:43,22:43,0.0
2026-08-18,40569,CHROMEPET,16,25,22:46,22:46,0.0
2026-08-18,40569,TAMBARAM SANATORIUM,17,28,22:49,22:49,0.0
2026-08-18,40569,TAMBARAM,18,29,22:59,22:59,0.0
2026-08-18,40569,PERUNGALATTUR,19,32,23:05,23:05,0.0
2026-08-18,40569,VANDALUR,20,34,23:08,23:08,0.0
2026-08-18,40569,URAPPAKKAM,21,37,23:12,23:12,0.0
2026-08-18,40569,GUDUVANCHERI,22,40,23:16,23:16,0.0
2026-08-18,40569,POTHERI HALT,23,44,23:20,23:20,0.0
2026-08-18,40569,KATTANGULATUR,24,46,23:24,23:24,0.0
2026-08-18,40569,MARAIMALAI NAGAR KAMARAJAR,25,47,23:26,23:26,0.0
2026-08-18,40569,SINGAPERUMAL KOIL,26,51,23:34,23:34,0.0
2026-08-18,40569,PARANUR,27,55,23:42,23:42,0.0
2026-08-18,40569,CHENGALPATTU JN.,28,60,00:05,00:05,0.0
2026-08-18,40085,CHENNAI BEACH,1,0,,,0.0
2026-08-18,40085,CHENNAI FORT,2,2,23:04,23:04,0.0
2026-08-18,40085,CHENNAI PARK,3,3,23:07,23:07,0.0
2026-08-18,40085,CHENNAI EGMORE,4,4,23:10,23:10,0.0
2026-08-18,40085,CHENNAI CHETPAT,5,6,23:14,23:14,0.0
2026-08-18,40085,NUNGAMBAKKAM,6,8,23:17,23:17,0.0
2026-08-18,40085,KODAMBAKKAM,7,9,23:20,23:20,0.0
2026-08-18,40085,MAMBALAM,8,11,23:23,23:23,0.0
2026-08-18,40085,SAIDAPET,9,13,23:26,23:26,0.0
2026-08-18,40085,GUINDY,10,15,23:29,23:29,0.0
2026-08-18,40085,ST THOMAS MOUNT,11,17,23:32,23:32,0.0
2026-08-18,40085,PALAVANTHANGAL,12,18,23:35,23:35,0.0
2026-08-18,40085,MINAMBAKKAM,13,20,23:38,23:38,0.0
2026-08-18,40085,TIRUSULAM,14,22,23:40,23:40,0.0
2026-08-18,40085,PALLAVARAM,15,23,23:43,23:43,0.0
2026-08-18,40085,CHROMEPET,16,25,23:46,23:46,0.0
2026-08-18,40085,TAMBARAM SANATORIUM,17,28,23:49,23:49,0.0
2026-08-18,40085,TAMBARAM,18,29,00:00,00:00,0.0
2026-08-19,40003,CHENNAI BEACH,1,0,,,0.0
2026-08-19,40003,CHENNAI FORT,2,2,07:14,07:14,0.0
2026-08-19,40003,CHENNAI PARK,3,3,07:17,07:18,1.0
2026-08-19,40003,CHENNAI EGMORE,4,4,07:20,07:21,1.0
2026-08-19,40003,CHENNAI CHETPAT,5,6,07:24,07:24,0.0
2026-08-19,40003,NUNGAMBAKKAM,6,8,07:27,07:27,0.0
2026-08-19,40003,KODAMBAKKAM,7,9,07:30,07:32,2.0
2026-08-19,40003,MAMBALAM,8,11,07:33,07:33,0.0
2026-08-19,40003,SAIDAPET,9,13,07:36,07:36,0.0
2026-08-19,40003,GUINDY,10,15,07:39,07:39,0.0
2026-08-19,40003,ST THOMAS MOUNT,11,17,07:42,07:44,2.0
2026-08-19,40003,PALAVANTHANGAL,12,18,07:45,07:45,0.0
2026-08-19,40003,MINAMBAKKAM,13,20,07:48,07:48,0.0
2026-08-19,40003,TIRUSULAM,14,22,07:50,07:50,0.0
2026-08-19,40003,PALLAVARAM,15,23,07:53,07:55,2.0
2026-08-19,40003,CHROMEPET,16,25,07:56,07:56,0.0
2026-08-19,40003,TAMBARAM SANATORIUM,17,28,07:59,07:59,0.0
2026-08-19,40003,TAMBARAM,18,29,08:10,08:10,0.0
2026-08-19,40045,CHENNAI BEACH,1,0,,,0.0
2026-08-19,40045,CHENNAI FORT,2,2,12:49,12:49,0.0
2026-08-19,40045,CHENNAI PARK,3,3,12:52,12:54,2.0
2026-08-19,40045,CHENNAI EGMORE,4,4,12:55,12:57,2.0
2026-08-19,40045,CHENNAI CHETPAT,5,6,12:59,12:59,0.0
2026-08-19,40045,NUNGAMBAKKAM,6,8,13:02,13:02,0.0
2026-08-19,40045,KODAMBAKKAM,7,9,13:05,13:06,1.0
2026-08-19,40045,MAMBALAM,8,11,13:08,13:08,0.0
2026-08-19,40045,SAIDAPET,9,13,13:11,13:11,0.0
2026-08-19,40045,GUINDY,10,15,13:14,13:14,0.0
2026-08-19,40045,ST THOMAS MOUNT,11,17,13:17,13:19,2.0
2026-08-19,40045,PALAVANTHANGAL,12,18,13:20,13:20,0.0
2026-08-19,40045,MINAMBAKKAM,13,20,13:23,13:23,0.0
2026-08-19,40045,TIRUSULAM,14,22,13:25,13:25,0.0
2026-08-19,40045,PALLAVARAM,15,23,13:28,13:30,2.0
2026-08-19,40045,CHROMEPET,16,25,13:31,13:31,0.0
2026-08-19,40045,TAMBARAM SANATORIUM,17,28,13:34,13:34,0.0
2026-08-19,40045,TAMBARAM,18,29,13:45,13:45,0.0
2026-08-19,40046,TAMBARAM,1,0,,,0.0
2026-08-19,40046,TAMBARAM SANATORIUM,2,1,12:24,12:24,0.0
2026-08-19,40046,CHROMEPET,3,4,12:27,12:27,0.0
2026-08-19,40046,PALLAVARAM,4,6,12:30,12:32,2.0
2026-08-19,40046,TIRUSULAM,5,8,12:33,12:33,0.0
2026-08-19,40046,MINAMBAKKAM,6,9,12:35,12:35,0.0
2026-08-19,40046,PALAVANTHANGAL,7,10,12:38,12:38,0.0
2026-08-19,40046,ST THOMAS MOUNT,8,12,12:41,12:43,2.0
2026-08-19,40046,GUINDY,9,14,12:44,12:44,0.0
2026-08-19,40046,SAIDAPET,10,16,12:47,12:47,0.0
2026-08-19,40046,MAMBALAM,11,18,12:50,12:50,0.0
2026-08-19,40046,KODAMBAKKAM,12,19,12:53,12:55,2.0
2026-08-19,40046,NUNGAMBAKKAM,13,21,12:56,12:56,0.0
2026-08-19,40046,CHENNAI CHETPAT,14,23,12:59,12:59,0.0
2026-08-19,40046,CHENNAI EGMORE,15,25,13:02,13:05,3.0
2026-08-19,40046,CHENNAI PARK,16,26,13:05,13:09,4.0
2026-08-19,40046,CHENNAI FORT,17,27,13:08,13:11,3.0
2026-08-19,40046,CHENNAI BEACH,18,29,13:20,13:20,0.0
2026-08-19,49003,CHENNAI BEACH,1,0,,,7.0
2026-08-19,49003,CHENNAI FORT,2,2,09:47,09:54,7.0
2026-08-19,49003,CHENNAI PARK,3,3,09:50,10:00,10.0
2026-08-19,49003,CHENNAI EGMORE,4,4,09:53,10:04,11.0
2026-08-19,49003,CHENNAI CHETPAT,5,6,09:57,10:06,9.0
2026-08-19,49003,NUNGAMBAKKAM,6,8,10:00,10:09,9.0
2026-08-19,49003,KODAMBAKKAM,7,9,10:03,10:14,11.0
2026-08-19,49003,MAMBALAM,8,11,10:06,10:16,10.0
2026-08-19,49003,SAIDAPET,9,13,10:09,10:19,10.0
2026-08-19,49003,GUINDY,10,15,10:12,10:22,10.0
2026-08-19,49003,ST THOMAS MOUNT,11,17,10:15,10:27,12.0
2026-08-19,49003,PALAVANTHANGAL,12,18,10:18,10:28,10.0
2026-08-19,49003,MINAMBAKKAM,13,20,10:21,10:31,10.0
2026-08-19,49003,TIRUSULAM,14,22,10:23,10:33,10.0
2026-08-19,49003,PALLAVARAM,15,23,10:26,10:38,12.0
2026-08-19,49003,CHROMEPET,16,25,10:29,10:41,12.0
2026-08-19,49003,TAMBARAM SANATORIUM,17,28,10:32,10:44,12.0
2026-08-19,49003,TAMBARAM,18,29,10:43,10:48,5.0
2026-08-19,49004,TAMBARAM,1,0,,,0.0
2026-08-19,49004,TAMBARAM SANATORIUM,2,1,14:29,14:29,0.0
2026-08-19,49004,CHROMEPET,3,4,14:32,14:32,0.0
2026-08-19,49004,PALLAVARAM,4,6,14:35,14:36,1.0
2026-08-19,49004,TIRUSULAM,5,8,14:38,14:38,0.0
2026-08-19,49004,MINAMBAKKAM,6,9,14:40,14:40,0.0
2026-08-19,49004,PALAVANTHANGAL,7,10,14:43,14:43,0.0
2026-08-19,49004,ST THOMAS MOUNT,8,12,14:46,14:48,2.0
2026-08-19,49004,GUINDY,9,14,14:49,14:49,0.0
2026-08-19,49004,SAIDAPET,10,16,14:52,14:52,0.0
2026-08-19,49004,MAMBALAM,11,18,14:55,14:55,0.0
2026-08-19,49004,KODAMBAKKAM,12,19,14:58,15:01,3.0
2026-08-19,49004,NUNGAMBAKKAM,13,21,15:01,15:01,0.0
2026-08-19,49004,CHENNAI CHETPAT,14,23,15:04,15:04,0.0
2026-08-19,49004,CHENNAI EGMORE,15,25,15:07,15:11,4.0
2026-08-19,49004,CHENNAI PARK,16,26,15:10,15:14,4.0
2026-08-19,49004,CHENNAI FORT,17,27,15:13,15:17,4.0
2026-08-19,49004,CHENNAI BEACH,18,29,15:25,15:25,0.0
2026-08-19,40501,CHENNAI BEACH,1,0,,,0.0
2026-08-19,40501,CHENNAI FORT,2,2,03:54,03:54,0.0
2026-08-19,40501,CHENNAI PARK,3,3,03:57,03:58,1.0
2026-08-19,40501,CHENNAI EGMORE,4,4,04:00,04:01,1.0
2026-08-19,40501,CHENNAI CHETPAT,5,6,04:04,04:04,0.0
2026-08-19,40501,NUNGAMBAKKAM,6,8,04:07,04:07,0.0
2026-08-19,40501,KODAMBAKKAM,7,9,04:10,04:11,1.0
2026-08-19,40501,MAMBALAM,8,11,04:13,04:13,0.0
2026-08-19,40501,SAIDAPET,9,13,04:16,04:16,0.0
2026-08-19,40501,GUINDY,10,15,04:19,04:19,0.0
2026-08-19,40501,ST THOMAS MOUNT,11,17,04:22,04:24,2.0
2026-08-19,40501,PALAVANTHANGAL,12,18,04:25,04:25,0.0
2026-08-19,40501,MINAMBAKKAM,13,20,04:28,04:28,0.0
2026-08-19,40501,TIRUSULAM,14,22,04:30,04:30,0.0
2026-08-19,40501,PALLAVARAM,15,23,04:33,04:34,1.0
2026-08-19,40501,CHROMEPET,16,25,04:36,04:36,0.0
2026-08-19,40501,TAMBARAM SANATORIUM,17,28,04:39,04:39,0.0
2026-08-19,40501,TAMBARAM,18,29,04:49,05:03,14.0
2026-08-19,40501,PERUNGALATTUR,19,32,04:56,05:09,13.0
2026-08-19,40501,VANDALUR,20,34,04:59,05:15,16.0
2026-08-19,40501,URAPPAKKAM,21,37,05:03,05:19,16.0
2026-08-19,40501,GUDUVANCHERI,22,40,05:07,05:23,16.0
2026-08-19,40501,POTHERI HALT,23,44,05:11,05:27,16.0
2026-08-19,40501,KATTANGULATUR,24,46,05:15,05:29,14.0
2026-08-19,40501,MARAIMALAI NAGAR KAMARAJAR,25,47,05:17,05:32,15.0
2026-08-19,40501,SINGAPERUMAL KOIL,26,51,05:22,05:35,13.0
2026-08-19,40501,PARANUR,27,55,05:27,05:42,15.0
2026-08-19,40501,CHENGALPATTU JN.,28,60,05:40,05:44,4.0
2026-08-19,40701,CHENNAI BEACH,1,0,,,0.0
2026-08-19,40701,CHENNAI FORT,2,2,05:14,05:14,0.0
2026-08-19,40701,CHENNAI PARK,3,3,05:17,05:18,1.0
2026-08-19,40701,CHENNAI EGMORE,4,4,05:20,05:21,1.0
2026-08-19,40701,CHENNAI CHETPAT,5,6,05:24,05:24,0.0
2026-08-19,40701,NUNGAMBAKKAM,6,8,05:27,05:27,0.0
2026-08-19,40701,KODAMBAKKAM,7,9,05:30,05:31,1.0
2026-08-19,40701,MAMBALAM,8,11,05:33,05:33,0.0
2026-08-19,40701,SAIDAPET,9,13,05:36,05:36,0.0
2026-08-19,40701,GUINDY,10,15,05:39,05:39,0.0
2026-08-19,40701,ST THOMAS MOUNT,11,17,05:42,05:44,2.0
2026-08-19,40701,PALAVANTHANGAL,12,18,05:45,05:45,0.0
2026-08-19,40701,MINAMBAKKAM,13,20,05:48,05:48,0.0
2026-08-19,40701,TIRUSULAM,14,22,05:50,05:50,0.0
2026-08-19,40701,PALLAVARAM,15,23,05:53,05:54,1.0
2026-08-19,40701,CHROMEPET,16,25,05:56,05:56,0.0
2026-08-19,40701,TAMBARAM SANATORIUM,17,28,05:59,05:59,0.0
2026-08-19,40701,TAMBARAM,18,29,06:09,06:10,1.0
2026-08-19,40701,PERUNGALATTUR,19,32,06:16,06:16,0.0
2026-08-19,40701,VANDALUR,20,34,06:19,06:24,5.0
2026-08-19,40701,URAPPAKKAM,21,37,06:23,06:28,5.0
2026-08-19,40701,GUDUVANCHERI,22,40,06:27,06:34,7.0
2026-08-19,40701,POTHERI HALT,23,44,06:31,06:36,5.0
2026-08-19,40701,KATTANGULATUR,24,46,06:35,06:42,7.0
2026-08-19,40701,MARAIMALAI NAGAR KAMARAJAR,25,47,06:37,06:44,7.0
2026-08-19,40701,SINGAPERUMAL KOIL,26,51,06:42,06:55,13.0
2026-08-19,40701,PARANUR,27,55,06:47,07:00,13.0
2026-08-19,40701,CHENGALPATTU JN.,28,60,07:19,07:19,0.0
2026-08-19,40701,PALUR,29,71,07:31,07:45,14.0
2026-08-19,40701,WALAJABAD,30,81,07:41,08:05,24.0
2026-08-19,40701,KANCHIPURAM EAST,31,94,07:54,08:18,24.0
2026-08-19,40701,KANCHIPURAM,32,96,08:15,08:20,5.0
2026-08-19,40801,CHENNAI BEACH,1,0,,,0.0
2026-08-19,40801,CHENNAI FORT,2,2,07:24,07:24,0.0
2026-08-19,40801,CHENNAI PARK,3,3,07:27,07:28,1.0
2026-08-19,40801,CHENNAI EGMORE,4,4,07:30,07:31,1.0
2026-08-19,40801,CHENNAI CHETPAT,5,6,07:34,07:34,0.0
2026-08-19,40801,NUNGAMBAKKAM,6,8,07:37,07:37,0.0
2026-08-19,40801,KODAMBAKKAM,7,9,07:40,07:42,2.0
2026-08-19,40801,MAMBALAM,8,11,07:43,07:43,0.0
2026-08-19,40801,SAIDAPET,9,13,07:46,07:46,0.0
2026-08-19,40801,GUINDY,10,15,07:49,07:49,0.0
2026-08-19,40801,ST THOMAS MOUNT,11,17,07:52,07:54,2.0
2026-08-19,40801,PALAVANTHANGAL,12,18,07:55,07:55,0.0
2026-08-19,40801,MINAMBAKKAM,13,20,07:58,07:58,0.0
2026-08-19,40801,TIRUSULAM,14,22,08:00,08:00,0.0
2026-08-19,40801,PALLAVARAM,15,23,08:03,08:06,3.0
2026-08-19,40801,CHROMEPET,16,25,08:06,08:09,3.0
2026-08-19,40801,TAMBARAM SANATORIUM,17,28,08:09,08:12,3.0
2026-08-19,40801,TAMBARAM,18,29,08:19,08:19,0.0
2026-08-19,40801,PERUNGALATTUR,19,32,08:25,08:25,0.0
2026-08-19,40801,VANDALUR,20,34,08:28,08:37,9.0
2026-08-19,40801,URAPPAKKAM,21,37,08:32,08:41,9.0
2026-08-19,40801,GUDUVANCHERI,22,40,08:36,08:45,9.0
2026-08-19,40801,POTHERI HALT,23,44,08:40,08:49,9.0
2026-08-19,40801,KATTANGULATUR,24,46,08:44,08:54,10.0
2026-08-19,40801,MARAIMALAI NAGAR KAMARAJAR,25,47,08:46,08:54,8.0
2026-08-19,40801,SINGAPERUMAL KOIL,26,51,08:54,09:04,10.0
2026-08-19,40801,PARANUR,27,55,09:02,09:09,7.0
2026-08-19,40801,CHENGALPATTU JN.,28,60,09:10,09:24,14.0
2026-08-19,40801,REDDIPALAYAM,29,64,09:26,09:44,18.0
2026-08-19,40801,VILLIYAMBAKKAM,30,68,09:31,09:49,18.0
2026-08-19,40801,PALUR,31,71,09:36,09:56,20.0
2026-08-19,40801,PALAYASIVARAM,32,75,09:41,10:38,57.0
2026-08-19,40801,WALAJABAD,33,81,09:46,10:46,60.0
2026-08-19,40801,NATHAPETTAI,34,89,09:54,10:54,60.0
2026-08-19,40801,KANCHIPURAM EAST,35,94,09:59,10:59,60.0
2026-08-19,40801,KANCHIPURAM,36,96,10:04,11:04,60.0
2026-08-19,40801,TIRUMALPUR,37,108,10:50,11:17,27.0
2026-08-19,42502,GUMMIDIPUNDI,1,0,,,0.0
2026-08-19,42502,KAVARAIPPETTAI,2,6,06:08,06:09,1.0
2026-08-19,42502,PONNERI,3,13,06:17,06:17,0.0
2026-08-19,42502,ANUPPAMBATTU,4,17,06:23,06:23,0.0
2026-08-19,42502,MINJUR,5,21,06:28,06:30,2.0
2026-08-19,42502,NANDIYAMPAKKAM,6,24,06:31,06:31,0.0
2026-08-19,42502,ATTIPPATTU,7,25,06:33,06:39,6.0
2026-08-19,42502,ATTIPATTU PUDU NAGAR.H,8,26,06:36,06:42,6.0
2026-08-19,42502,ENNORE,9,31,06:44,06:48,4.0
2026-08-19,42502,KATHIVAKKAM,10,32,06:46,06:50,4.0
2026-08-19,42502,WIMCO NAGAR,11,35,06:49,06:53,4.0
2026-08-19,42502,TIRUVOTTIYUR,12,38,06:56,07:04,8.0
2026-08-19,42502,VOC NAGAR,13,39,07:00,07:06,6.0
2026-08-19,42502,TONDIARPET,14,41,07:02,07:10,8.0
2026-08-19,42502,KORUKKUPET JN,15,42,07:04,07:17,13.0
2026-08-19,42502,WASHERMANPET,16,44,07:14,07:24,10.0
2026-08-19,42502,ROYAPURAM,17,46,07:19,07:27,8.0
2026-08-19,42502,CHENNAI BEACH,18,47,07:40,07:40,0.0
2026-08-19,42502,CHENNAI FORT,19,49,07:54,07:54,0.0
2026-08-19,42502,CHENNAI PARK,20,50,07:57,07:58,1.0
2026-08-19,42502,CHENNAI EGMORE,21,51,08:00,08:02,2.0
2026-08-19,42502,CHENNAI CHETPAT,22,53,08:04,08:04,0.0
2026-08-19,42502,NUNGAMBAKKAM,23,55,08:07,08:07,0.0
2026-08-19,42502,KODAMBAKKAM,24,56,08:10,08:13,3.0
2026-08-19,42502,MAMBALAM,25,58,08:13,08:13,0.0
2026-08-19,42502,SAIDAPET,26,59,08:16,08:16,0.0
2026-08-19,42502,GUINDY,27,62,08:19,08:19,0.0
2026-08-19,42502,ST THOMAS MOUNT,28,64,08:22,08:23,1.0
2026-08-19,42502,PALAVANTHANGAL,29,65,08:25,08:25,0.0
2026-08-19,42502,MINAMBAKKAM,30,67,08:28,08:28,0.0
2026-08-19,42502,TIRUSULAM,31,69,08:30,08:30,0.0
2026-08-19,42502,PALLAVARAM,32,70,08:33,08:34,1.0
2026-08-19,42502,CHROMEPET,33,72,08:36,08:36,0.0
2026-08-19,42502,TAMBARAM SANATORIUM,34,74,08:39,08:39,0.0
2026-08-19,42502,TAMBARAM,35,76,08:49,08:49,0.0
2026-08-19,42502,PERUNGALATTUR,36,79,08:55,08:59,4.0
2026-08-19,42502,VANDALUR,37,81,08:58,09:03,5.0
2026-08-19,42502,URAPPAKKAM,38,84,09:02,09:06,4.0
2026-08-19,42502,GUDUVANCHERI,39,87,09:06,09:12,6.0
2026-08-19,42502,POTHERI HALT,40,90,09:10,09:14,4.0
2026-08-19,42502,KATTANGULATUR,41,92,09:14,09:22,8.0
2026-08-19,42502,MARAIMALAI NAGAR KAMARAJAR,42,94,09:16,09:24,8.0
2026-08-19,42502,SINGAPERUMAL KOIL,43,98,09:24,09:33,9.0
2026-08-19,42502,PARANUR,44,102,09:32,09:38,6.0
2026-08-19,42502,CHENGALPATTU JN.,45,106,09:40,09:45,5.0
2026-08-19,40009,CHENNAI BEACH,1,0,,,6.0
2026-08-19,40009,CHENNAI FORT,2,2,08:14,08:20,6.0
2026-08-19,40009,CHENNAI PARK,3,3,08:17,08:24,7.0
2026-08-19,40009,CHENNAI EGMORE,4,4,08:20,08:27,7.0
2026-08-19,40009,CHENNAI CHETPAT,5,6,08:24,08:29,5.0
2026-08-19,40009,NUNGAMBAKKAM,6,8,08:27,08:32,5.0
2026-08-19,40009,KODAMBAKKAM,7,9,08:30,08:35,5.0
2026-08-19,40009,MAMBALAM,8,11,08:33,08:36,3.0
2026-08-19,40009,SAIDAPET,9,13,08:36,08:39,3.0
2026-08-19,40009,GUINDY,10,15,08:39,08:42,3.0
2026-08-19,40009,ST THOMAS MOUNT,11,17,08:42,08:47,5.0
2026-08-19,40009,PALAVANTHANGAL,12,18,08:45,08:48,3.0
2026-08-19,40009,MINAMBAKKAM,13,20,08:48,08:51,3.0
2026-08-19,40009,TIRUSULAM,14,22,08:50,08:53,3.0
2026-08-19,40009,PALLAVARAM,15,23,08:53,08:58,5.0
2026-08-19,40009,CHROMEPET,16,25,08:56,09:01,5.0
2026-08-19,40009,TAMBARAM SANATORIUM,17,28,08:59,09:04,5.0
2026-08-19,40009,TAMBARAM,18,29,09:10,09:10,0.0
2026-08-19,66034,TIRUVANNAMALAI,1,0,,,1.0
2026-08-19,66034,POLUR,2,31,04:57,04:57,0.0
2026-08-19,66034,MADIMANGALAM,3,43,05:05,05:05,0.0
2026-08-19,66034,ARNI ROAD,4,48,05:11,05:26,15.0
2026-08-19,66034,SEDARAMPATTU,5,53,05:17,05:34,17.0
2026-08-19,66034,ONNUPURAM,6,57,05:22,05:37,15.0
2026-08-19,66034,KANNAMANGALAM,7,62,05:29,05:48,19.0
2026-08-19,66034,PENNATHUR H,8,74,05:49,05:58,9.0
2026-08-19,66034,VELLORE CANTONMENT,9,83,06:05,06:11,6.0
2026-08-19,66034,KATPADI JN,10,92,06:18,06:27,9.0
2026-08-19,66034,TIRUVALAM,11,104,06:34,07:05,31.0
2026-08-19,66034,MUKUNDARAYAPURM,12,109,06:39,06:39,0.0
2026-08-19,66034,WALAJAH ROAD,13,117,06:49,06:49,0.0
2026-08-19,66034,THALANGAI,14,127,07:00,07:00,0.0
2026-08-19,66034,SHOLINGHUR,15,132,07:14,07:14,0.0
2026-08-19,66034,ANAVARDIKHANPETTAI,16,141,07:25,07:25,0.0
2026-08-19,66034,CHITTERI,17,145,07:35,07:35,0.0
2026-08-19,66034,ARAKKONAM JN.,18,153,07:58,07:58,0.0
2026-08-19,66034,PULIYAMANGALAM,19,155,08:04,08:04,0.0
2026-08-19,66034,MOSUR,20,158,08:07,08:07,0.0
2026-08-19,66034,TIRUVALANGADU,21,163,08:12,08:12,0.0
2026-08-19,66034,MANAVUR,22,168,08:17,08:17,0.0
2026-08-19,66034,SENJI PANAMBAKKAM,23,171,08:21,08:21,0.0
2026-08-19,66034,KADAMBATTUR,24,174,08:25,08:25,0.0
2026-08-19,66034,EGATTUR,25,178,08:29,08:29,0.0
2026-08-19,66034,TIRUVALLUR,26,180,08:34,09:15,41.0
2026-08-19,66034,SEVVAPET ROAD,27,186,08:40,09:21,41.0
2026-08-19,66034,VEPPAMPATTU,28,189,08:43,09:24,41.0
2026-08-19,66034,TIRUNINRAVUR,29,193,08:49,09:31,42.0
2026-08-19,66034,VILLIVAKKAM,30,212,09:09,09:56,47.0
2026-08-19,66034,PERAMBUR,31,216,09:17,10:03,46.0
2026-08-19,66034,WASHERMANPET,32,221,09:25,10:18,53.0
2026-08-19,66034,ROYAPURAM,33,222,09:29,10:22,53.0
2026-08-19,66034,CHENNAI BEACH,34,224,09:39,10:40,61.0
2026-08-19,66034,CHENNAI FORT,35,225,10:04,10:45,41.0
2026-08-19,66034,CHENNAI PARK,36,226,10:07,10:49,42.0
2026-08-19,66034,CHENNAI EGMORE,37,228,10:10,10:52,42.0
2026-08-19,66034,CHENNAI CHETPAT,38,230,10:14,10:55,41.0
2026-08-19,66034,NUNGAMBAKKAM,39,232,10:17,10:58,41.0
2026-08-19,66034,KODAMBAKKAM,40,233,10:20,11:00,40.0
2026-08-19,66034,MAMBALAM,41,235,10:23,11:04,41.0
2026-08-19,66034,SAIDAPET,42,236,10:26,11:07,41.0
2026-08-19,66034,GUINDY,43,239,10:29,11:10,41.0
2026-08-19,66034,ST THOMAS MOUNT,44,241,10:32,11:09,37.0
2026-08-19,66034,PALAVANTHANGAL,45,242,10:35,11:12,37.0
2026-08-19,66034,MINAMBAKKAM,46,244,10:38,11:15,37.0
2026-08-19,66034,TIRUSULAM,47,245,10:40,11:17,37.0
2026-08-19,66034,PALLAVARAM,48,247,10:43,11:22,39.0
2026-08-19,66034,CHROMEPET,49,249,10:46,11:24,38.0
2026-08-19,66034,TAMBARAM SANATORIUM,50,251,10:49,11:26,37.0
2026-08-19,66034,TAMBARAM,51,253,11:10,11:28,18.0
2026-08-19,40527,CHENNAI BEACH,1,0,,,2.0
2026-08-19,40527,CHENNAI FORT,2,2,10:17,10:17,0.0
2026-08-19,40527,CHENNAI PARK,3,3,10:20,10:24,4.0
2026-08-19,40527,CHENNAI EGMORE,4,4,10:23,10:28,5.0
2026-08-19,40527,CHENNAI CHETPAT,5,6,10:27,10:30,3.0
2026-08-19,40527,NUNGAMBAKKAM,6,8,10:30,10:33,3.0
2026-08-19,40527,KODAMBAKKAM,7,9,10:33,10:39,6.0
2026-08-19,40527,MAMBALAM,8,11,10:36,10:41,5.0
2026-08-19,40527,SAIDAPET,9,13,10:39,10:44,5.0
2026-08-19,40527,GUINDY,10,15,10:42,10:47,5.0
2026-08-19,40527,ST THOMAS MOUNT,11,17,10:45,10:50,5.0
2026-08-19,40527,PALAVANTHANGAL,12,18,10:48,10:53,5.0
2026-08-19,40527,MINAMBAKKAM,13,20,10:51,10:56,5.0
2026-08-19,40527,TIRUSULAM,14,22,10:53,10:58,5.0
2026-08-19,40527,PALLAVARAM,15,23,10:56,11:02,6.0
2026-08-19,40527,CHROMEPET,16,25,10:59,11:03,4.0
2026-08-19,40527,TAMBARAM SANATORIUM,17,28,11:02,11:06,4.0
2026-08-19,40527,TAMBARAM,18,29,11:12,11:15,3.0
2026-08-19,40527,PERUNGALATTUR,19,32,11:19,11:27,8.0
2026-08-19,40527,VANDALUR,20,34,11:22,11:31,9.0
2026-08-19,40527,URAPPAKKAM,21,37,11:26,11:34,8.0
2026-08-19,40527,GUDUVANCHERI,22,40,11:30,11:39,9.0
2026-08-19,40527,POTHERI HALT,23,44,11:34,11:42,8.0
2026-08-19,40527,KATTANGULATUR,24,46,11:38,11:48,10.0
2026-08-19,40527,MARAIMALAI NAGAR KAMARAJAR,25,47,11:40,11:50,10.0
2026-08-19,40527,SINGAPERUMAL KOIL,26,51,11:45,11:56,11.0
2026-08-19,40527,PARANUR,27,55,11:50,12:00,10.0
2026-08-19,40527,CHENGALPATTU JN.,28,60,12:05,12:09,4.0
2026-08-19,40033,CHENNAI BEACH,1,0,,,0.0
2026-08-19,40033,CHENNAI FORT,2,2,11:02,11:02,0.0
2026-08-19,40033,CHENNAI PARK,3,3,11:05,11:07,2.0
2026-08-19,40033,CHENNAI EGMORE,4,4,11:08,11:11,3.0
2026-08-19,40033,CHENNAI CHETPAT,5,6,11:12,11:12,0.0
2026-08-19,40033,NUNGAMBAKKAM,6,8,11:15,11:15,0.0
2026-08-19,40033,KODAMBAKKAM,7,9,11:18,11:21,3.0
2026-08-19,40033,MAMBALAM,8,11,11:21,11:21,0.0
2026-08-19,40033,SAIDAPET,9,13,11:24,11:24,0.0
2026-08-19,40033,GUINDY,10,15,11:27,11:27,0.0
2026-08-19,40033,ST THOMAS MOUNT,11,17,11:30,11:32,2.0
2026-08-19,40033,PALAVANTHANGAL,12,18,11:33,11:33,0.0
2026-08-19,40033,MINAMBAKKAM,13,20,11:36,11:36,0.0
2026-08-19,40033,TIRUSULAM,14,22,11:38,11:38,0.0
2026-08-19,40033,PALLAVARAM,15,23,11:41,11:43,2.0
2026-08-19,40033,CHROMEPET,16,25,11:44,11:44,0.0
2026-08-19,40033,TAMBARAM SANATORIUM,17,28,11:47,11:47,0.0
2026-08-19,40033,TAMBARAM,18,29,11:58,11:58,0.0
2026-08-19,40533,CHENNAI BEACH,1,0,,,0.0
2026-08-19,40533,CHENNAI FORT,2,2,12:06,12:06,0.0
2026-08-19,40533,CHENNAI PARK,3,3,12:09,12:11,2.0
2026-08-19,40533,CHENNAI EGMORE,4,4,12:12,12:15,3.0
2026-08-19,40533,CHENNAI CHETPAT,5,6,12:16,12:16,0.0
2026-08-19,40533,NUNGAMBAKKAM,6,8,12:19,12:19,0.0
2026-08-19,40533,KODAMBAKKAM,7,9,12:22,12:25,3.0
2026-08-19,40533,MAMBALAM,8,11,12:25,12:25,0.0
2026-08-19,40533,SAIDAPET,9,13,12:28,12:28,0.0
2026-08-19,40533,GUINDY,10,15,12:31,12:31,0.0
2026-08-19,40533,ST THOMAS MOUNT,11,17,12:34,12:36,2.0
2026-08-19,40533,PALAVANTHANGAL,12,18,12:37,12:37,0.0
2026-08-19,40533,MINAMBAKKAM,13,20,12:40,12:40,0.0
2026-08-19,40533,TIRUSULAM,14,22,12:42,12:42,0.0
2026-08-19,40533,PALLAVARAM,15,23,12:45,12:48,3.0
2026-08-19,40533,CHROMEPET,16,25,12:48,12:51,3.0
2026-08-19,40533,TAMBARAM SANATORIUM,17,28,12:51,12:54,3.0
2026-08-19,40533,TAMBARAM,18,29,13:01,13:01,0.0
2026-08-19,40533,PERUNGALATTUR,19,32,13:07,13:10,3.0
2026-08-19,40533,VANDALUR,20,34,13:10,13:13,3.0
2026-08-19,40533,URAPPAKKAM,21,37,13:14,13:17,3.0
2026-08-19,40533,GUDUVANCHERI,22,40,13:18,13:20,2.0
2026-08-19,40533,POTHERI HALT,23,44,13:22,13:25,3.0
2026-08-19,40533,KATTANGULATUR,24,46,13:26,13:28,2.0
2026-08-19,40533,MARAIMALAI NAGAR KAMARAJAR,25,47,13:28,13:28,0.0
2026-08-19,40533,SINGAPERUMAL KOIL,26,51,13:36,13:36,0.0
2026-08-19,40533,PARANUR,27,55,13:44,13:44,0.0
2026-08-19,40533,CHENGALPATTU JN.,28,60,14:00,14:00,0.0
2026-08-19,40901,CHENNAI BEACH,1,0,,,0.0
2026-08-19,40901,CHENNAI FORT,2,2,13:04,13:04,0.0
2026-08-19,40901,CHENNAI PARK,3,3,13:07,13:08,1.0
2026-08-19,40901,CHENNAI EGMORE,4,4,13:10,13:12,2.0
2026-08-19,40901,CHENNAI CHETPAT,5,6,13:14,13:14,0.0
2026-08-19,40901,NUNGAMBAKKAM,6,8,13:17,13:17,0.0
2026-08-19,40901,KODAMBAKKAM,7,9,13:20,13:20,0.0
2026-08-19,40901,MAMBALAM,8,11,13:23,13:23,0.0
2026-08-19,40901,SAIDAPET,9,13,13:26,13:26,0.0
2026-08-19,40901,GUINDY,10,15,13:29,13:29,0.0
2026-08-19,40901,ST THOMAS MOUNT,11,17,13:32,13:32,0.0
2026-08-19,40901,PALAVANTHANGAL,12,18,13:35,13:35,0.0
2026-08-19,40901,MINAMBAKKAM,13,20,13:38,13:38,0.0
2026-08-19,40901,TIRUSULAM,14,22,13:40,13:40,0.0
2026-08-19,40901,PALLAVARAM,15,23,13:43,13:45,2.0
2026-08-19,40901,CHROMEPET,16,25,13:46,13:46,0.0
2026-08-19,40901,TAMBARAM SANATORIUM,17,28,13:49,13:49,0.0
2026-08-19,40901,TAMBARAM,18,29,13:59,13:59,0.0
2026-08-19,40901,PERUNGALATTUR,19,32,14:05,14:05,0.0
2026-08-19,40901,VANDALUR,20,34,14:08,14:10,2.0
2026-08-19,40901,URAPPAKKAM,21,37,14:12,14:12,0.0
2026-08-19,40901,GUDUVANCHERI,22,40,14:16,14:18,2.0
2026-08-19,40901,POTHERI HALT,23,44,14:20,14:20,0.0
2026-08-19,40901,KATTANGULATUR,24,46,14:24,14:30,6.0
2026-08-19,40901,MARAIMALAI NAGAR KAMARAJAR,25,47,14:26,14:32,6.0
2026-08-19,40901,SINGAPERUMAL KOIL,26,51,14:34,14:39,5.0
2026-08-19,40901,PARANUR,27,55,14:42,14:42,0.0
2026-08-19,40901,CHENGALPATTU JN.,28,60,14:50,14:53,3.0
2026-08-19,40901,REDDIPALAYAM,29,64,15:06,15:06,0.0
2026-08-19,40901,VILLIYAMBAKKAM,30,68,15:11,15:11,0.0
2026-08-19,40901,PALUR,31,71,15:16,15:18,2.0
2026-08-19,40901,PALAYASIVARAM,32,75,15:21,15:21,0.0
2026-08-19,40901,WALAJABAD,33,81,15:26,15:32,6.0
2026-08-19,40901,NATHAPETTAI,34,89,15:34,15:40,6.0
2026-08-19,40901,KANCHIPURAM EAST,35,94,15:39,15:45,6.0
2026-08-19,40901,KANCHIPURAM,36,96,15:44,15:51,7.0
2026-08-19,40901,TIRUMALPUR,37,108,15:57,16:17,20.0
2026-08-19,40901,TAKKOLAM,38,116,16:07,16:25,18.0
2026-08-19,40901,ARAKKONAM JN.,39,128,16:30,16:50,20.0
2026-08-19,40051,CHENNAI BEACH,1,0,,,0.0
2026-08-19,40051,CHENNAI FORT,2,2,14:04,14:04,0.0
2026-08-19,40051,CHENNAI PARK,3,3,14:07,14:08,1.0
2026-08-19,40051,CHENNAI EGMORE,4,4,14:10,14:12,2.0
2026-08-19,40051,CHENNAI CHETPAT,5,6,14:14,14:14,0.0
2026-08-19,40051,NUNGAMBAKKAM,6,8,14:17,14:17,0.0
2026-08-19,40051,KODAMBAKKAM,7,9,14:20,14:22,2.0
2026-08-19,40051,MAMBALAM,8,11,14:23,14:23,0.0
2026-08-19,40051,SAIDAPET,9,13,14:26,14:26,0.0
2026-08-19,40051,GUINDY,10,15,14:29,14:29,0.0
2026-08-19,40051,ST THOMAS MOUNT,11,17,14:32,14:34,2.0
2026-08-19,40051,PALAVANTHANGAL,12,18,14:35,14:35,0.0
2026-08-19,40051,MINAMBAKKAM,13,20,14:38,14:38,0.0
2026-08-19,40051,TIRUSULAM,14,22,14:40,14:40,0.0
2026-08-19,40051,PALLAVARAM,15,23,14:43,14:46,3.0
2026-08-19,40051,CHROMEPET,16,25,14:46,14:49,3.0
2026-08-19,40051,TAMBARAM SANATORIUM,17,28,14:49,14:52,3.0
2026-08-19,40051,TAMBARAM,18,29,14:55,14:58,3.0
2026-08-19,40803,CHENNAI BEACH,1,0,,,0.0
2026-08-19,40803,CHENNAI FORT,2,2,15:04,15:04,0.0
2026-08-19,40803,CHENNAI PARK,3,3,15:07,15:08,1.0
2026-08-19,40803,CHENNAI EGMORE,4,4,15:10,15:12,2.0
2026-08-19,40803,CHENNAI CHETPAT,5,6,15:14,15:14,0.0
2026-08-19,40803,NUNGAMBAKKAM,6,8,15:17,15:17,0.0
2026-08-19,40803,KODAMBAKKAM,7,9,15:20,15:23,3.0
2026-08-19,40803,MAMBALAM,8,11,15:23,15:23,0.0
2026-08-19,40803,SAIDAPET,9,13,15:26,15:26,0.0
2026-08-19,40803,GUINDY,10,15,15:29,15:29,0.0
2026-08-19,40803,ST THOMAS MOUNT,11,17,15:32,15:35,3.0
2026-08-19,40803,PALAVANTHANGAL,12,18,15:35,15:38,3.0
2026-08-19,40803,MINAMBAKKAM,13,20,15:38,15:41,3.0
2026-08-19,40803,TIRUSULAM,14,22,15:40,15:43,3.0
2026-08-19,40803,PALLAVARAM,15,23,15:43,15:47,4.0
2026-08-19,40803,CHROMEPET,16,25,15:46,15:50,4.0
2026-08-19,40803,TAMBARAM SANATORIUM,17,28,15:49,15:53,4.0
2026-08-19,40803,TAMBARAM,18,29,15:59,15:59,0.0
2026-08-19,40803,PERUNGALATTUR,19,32,16:05,16:08,3.0
2026-08-19,40803,VANDALUR,20,34,16:08,16:12,4.0
2026-08-19,40803,URAPPAKKAM,21,37,16:12,16:15,3.0
2026-08-19,40803,GUDUVANCHERI,22,40,16:16,16:20,4.0
2026-08-19,40803,POTHERI HALT,23,44,16:20,16:23,3.0
2026-08-19,40803,KATTANGULATUR,24,46,16:24,16:29,5.0
2026-08-19,40803,MARAIMALAI NAGAR KAMARAJAR,25,47,16:26,16:31,5.0
2026-08-19,40803,SINGAPERUMAL KOIL,26,51,16:34,16:38,4.0
2026-08-19,40803,PARANUR,27,55,16:42,16:42,0.0
2026-08-19,40803,CHENGALPATTU JN.,28,60,16:50,16:54,4.0
2026-08-19,40803,REDDIPALAYAM,29,64,17:06,17:06,0.0
2026-08-19,40803,VILLIYAMBAKKAM,30,68,17:11,17:11,0.0
2026-08-19,40803,PALUR,31,71,17:16,17:19,3.0
2026-08-19,40803,PALAYASIVARAM,32,75,17:21,17:41,20.0
2026-08-19,40803,WALAJABAD,33,81,17:26,18:02,36.0
2026-08-19,40803,NATHAPETTAI,34,89,17:34,18:23,49.0
2026-08-19,40803,KANCHIPURAM EAST,35,94,17:39,18:28,49.0
2026-08-19,40803,KANCHIPURAM,36,96,17:44,18:31,47.0
2026-08-19,40803,TIRUMALPUR,37,108,18:20,18:44,24.0
2026-08-19,40547,CHENNAI BEACH,1,0,,,4.0
2026-08-19,40547,CHENNAI FORT,2,2,16:19,16:23,4.0
2026-08-19,40547,CHENNAI PARK,3,3,16:22,16:27,5.0
2026-08-19,40547,CHENNAI EGMORE,4,4,16:25,16:30,5.0
2026-08-19,40547,CHENNAI CHETPAT,5,6,16:29,16:32,3.0
2026-08-19,40547,NUNGAMBAKKAM,6,8,16:32,16:35,3.0
2026-08-19,40547,KODAMBAKKAM,7,9,16:35,16:41,6.0
2026-08-19,40547,MAMBALAM,8,11,16:38,16:43,5.0
2026-08-19,40547,SAIDAPET,9,13,16:41,16:46,5.0
2026-08-19,40547,GUINDY,10,15,16:44,16:49,5.0
2026-08-19,40547,ST THOMAS MOUNT,11,17,16:47,16:53,6.0
2026-08-19,40547,PALAVANTHANGAL,12,18,16:50,16:55,5.0
2026-08-19,40547,MINAMBAKKAM,13,20,16:53,16:58,5.0
2026-08-19,40547,TIRUSULAM,14,22,16:55,17:00,5.0
2026-08-19,40547,PALLAVARAM,15,23,16:58,17:05,7.0
2026-08-19,40547,CHROMEPET,16,25,17:01,17:08,7.0
2026-08-19,40547,TAMBARAM SANATORIUM,17,28,17:04,17:11,7.0
2026-08-19,40547,TAMBARAM,18,29,17:14,17:19,5.0
2026-08-19,40547,PERUNGALATTUR,19,32,17:20,17:25,5.0
2026-08-19,40547,VANDALUR,20,34,17:23,17:37,14.0
2026-08-19,40547,URAPPAKKAM,21,37,17:27,17:41,14.0
2026-08-19,40547,GUDUVANCHERI,22,40,17:31,17:45,14.0
2026-08-19,40547,POTHERI HALT,23,44,17:35,17:49,14.0
2026-08-19,40547,KATTANGULATUR,24,46,17:39,17:52,13.0
2026-08-19,40547,MARAIMALAI NAGAR KAMARAJAR,25,47,17:41,17:54,13.0
2026-08-19,40547,SINGAPERUMAL KOIL,26,51,17:49,18:01,12.0
2026-08-19,40547,PARANUR,27,55,17:57,18:04,7.0
2026-08-19,40547,CHENGALPATTU JN.,28,60,18:15,18:18,3.0
2026-08-19,42522,GUMMIDIPUNDI,1,0,,,0.0
2026-08-19,42522,KAVARAIPPETTAI,2,6,15:08,15:08,0.0
2026-08-19,42522,PONNERI,3,13,15:17,15:17,0.0
2026-08-19,42522,ANUPPAMBATTU,4,17,15:25,15:25,0.0
2026-08-19,42522,MINJUR,5,21,15:30,15:37,7.0
2026-08-19,42522,NANDIYAMPAKKAM,6,24,15:33,15:40,7.0
2026-08-19,42522,ATTIPPATTU,7,25,15:35,15:44,9.0
2026-08-19,42522,ATTIPATTU PUDU NAGAR.H,8,26,15:38,15:46,8.0
2026-08-19,42522,ENNORE,9,31,15:42,15:49,7.0
2026-08-19,42522,KATHIVAKKAM,10,32,15:44,15:51,7.0
2026-08-19,42522,WIMCO NAGAR,11,35,15:47,15:54,7.0
2026-08-19,42522,TIRUVOTTIYUR,12,38,15:54,15:59,5.0
2026-08-19,42522,VOC NAGAR,13,39,15:58,16:05,7.0
2026-08-19,42522,TONDIARPET,14,41,16:00,16:07,7.0
2026-08-19,42522,KORUKKUPET JN,15,42,16:02,16:12,10.0
2026-08-19,42522,WASHERMANPET,16,44,16:09,16:19,10.0
2026-08-19,42522,ROYAPURAM,17,46,16:12,16:22,10.0
2026-08-19,42522,CHENNAI BEACH,18,47,16:35,16:35,0.0
2026-08-19,42522,CHENNAI FORT,19,49,16:54,16:54,0.0
2026-08-19,42522,CHENNAI PARK,20,50,16:57,17:00,3.0
2026-08-19,42522,CHENNAI EGMORE,21,51,17:00,17:03,3.0
2026-08-19,42522,CHENNAI CHETPAT,22,53,17:04,17:04,0.0
2026-08-19,42522,NUNGAMBAKKAM,23,55,17:07,17:07,0.0
2026-08-19,42522,KODAMBAKKAM,24,56,17:10,17:14,4.0
2026-08-19,42522,MAMBALAM,25,58,17:13,17:16,3.0
2026-08-19,42522,SAIDAPET,26,59,17:16,17:19,3.0
2026-08-19,42522,GUINDY,27,62,17:19,17:22,3.0
2026-08-19,42522,ST THOMAS MOUNT,28,64,17:22,17:27,5.0
2026-08-19,42522,PALAVANTHANGAL,29,65,17:25,17:28,3.0
2026-08-19,42522,MINAMBAKKAM,30,67,17:28,17:31,3.0
2026-08-19,42522,TIRUSULAM,31,69,17:30,17:33,3.0
2026-08-19,42522,PALLAVARAM,32,70,17:33,17:38,5.0
2026-08-19,42522,CHROMEPET,33,72,17:36,17:41,5.0
2026-08-19,42522,TAMBARAM SANATORIUM,34,74,17:39,17:44,5.0
2026-08-19,42522,TAMBARAM,35,76,17:50,17:51,1.0
2026-08-19,40067,CHENNAI BEACH,1,0,,,3.0
2026-08-19,40067,CHENNAI FORT,2,2,17:49,17:52,3.0
2026-08-19,40067,CHENNAI PARK,3,3,17:52,17:55,3.0
2026-08-19,40067,CHENNAI EGMORE,4,4,17:55,17:58,3.0
2026-08-19,40067,CHENNAI CHETPAT,5,6,17:59,17:59,0.0
2026-08-19,40067,NUNGAMBAKKAM,6,8,18:02,18:02,0.0
2026-08-19,40067,KODAMBAKKAM,7,9,18:05,18:09,4.0
2026-08-19,40067,MAMBALAM,8,11,18:08,18:11,3.0
2026-08-19,40067,SAIDAPET,9,13,18:11,18:14,3.0
2026-08-19,40067,GUINDY,10,15,18:14,18:17,3.0
2026-08-19,40067,ST THOMAS MOUNT,11,17,18:17,18:21,4.0
2026-08-19,40067,PALAVANTHANGAL,12,18,18:20,18:23,3.0
2026-08-19,40067,MINAMBAKKAM,13,20,18:23,18:26,3.0
2026-08-19,40067,TIRUSULAM,14,22,18:25,18:28,3.0
2026-08-19,40067,PALLAVARAM,15,23,18:28,18:34,6.0
2026-08-19,40067,CHROMEPET,16,25,18:31,18:37,6.0
2026-08-19,40067,TAMBARAM SANATORIUM,17,28,18:34,18:40,6.0
2026-08-19,40067,TAMBARAM,18,29,18:40,18:44,4.0
2026-08-19,40903,CHENNAI BEACH,1,0,,,4.0
2026-08-19,40903,CHENNAI FORT,2,2,18:11,18:15,4.0
2026-08-19,40903,CHENNAI PARK,3,3,18:14,18:20,6.0
2026-08-19,40903,CHENNAI EGMORE,4,4,18:17,18:24,7.0
2026-08-19,40903,MAMBALAM,5,11,18:27,18:34,7.0
2026-08-19,40903,GUINDY,6,15,18:32,18:39,7.0
2026-08-19,40903,TAMBARAM,7,29,18:54,18:54,0.0
2026-08-19,40903,CHENGALPATTU JN.,8,60,19:27,19:27,0.0
2026-08-19,40903,PALUR,9,71,19:49,20:05,16.0
2026-08-19,40903,WALAJABAD,10,81,19:59,20:27,28.0
2026-08-19,40903,KANCHIPURAM EAST,11,94,20:11,20:39,28.0
2026-08-19,40903,KANCHIPURAM,12,96,20:14,20:48,34.0
2026-08-19,40903,TIRUMALPUR,13,108,20:29,21:01,32.0
2026-08-19,40903,TAKKOLAM,14,116,20:39,21:09,30.0
2026-08-19,40903,ARAKKONAM JN.,15,128,21:15,21:19,4.0
2026-08-19,49007,CHENNAI BEACH,1,0,,,7.0
2026-08-19,49007,CHENNAI FORT,2,2,18:21,18:28,7.0
2026-08-19,49007,CHENNAI PARK,3,3,18:24,18:31,7.0
2026-08-19,49007,CHENNAI EGMORE,4,4,18:27,18:35,8.0
2026-08-19,49007,MAMBALAM,5,11,18:37,18:44,7.0
2026-08-19,49007,GUINDY,6,15,18:42,18:49,7.0
2026-08-19,49007,ST THOMAS MOUNT,7,17,18:45,18:52,7.0
2026-08-19,49007,CHROMEPET,8,25,18:54,19:01,7.0
2026-08-19,49007,TAMBARAM,9,29,19:04,19:05,1.0
2026-08-19,49007,PERUNGALATTUR,10,32,19:10,19:14,4.0
2026-08-19,49007,URAPPAKKAM,11,37,19:16,19:17,1.0
2026-08-19,49007,GUDUVANCHERI,12,40,19:20,19:21,1.0
2026-08-19,49007,POTHERI HALT,13,44,19:24,19:25,1.0
2026-08-19,49007,SINGAPERUMAL KOIL,14,51,19:32,19:35,3.0
2026-08-19,49007,PARANUR,15,55,19:37,19:38,1.0
2026-08-19,49007,CHENGALPATTU JN.,16,60,19:50,19:50,0.0
2026-08-19,40703,CHENNAI BEACH,1,0,,,8.0
2026-08-19,40703,CHENNAI FORT,2,2,19:24,19:32,8.0
2026-08-19,40703,CHENNAI PARK,3,3,19:27,19:36,9.0
2026-08-19,40703,CHENNAI EGMORE,4,4,19:30,19:40,10.0
2026-08-19,40703,CHENNAI CHETPAT,5,6,19:34,19:41,7.0
2026-08-19,40703,NUNGAMBAKKAM,6,8,19:37,19:44,7.0
2026-08-19,40703,KODAMBAKKAM,7,9,19:40,19:51,11.0
2026-08-19,40703,MAMBALAM,8,11,19:43,19:53,10.0
2026-08-19,40703,SAIDAPET,9,13,19:46,19:56,10.0
2026-08-19,40703,GUINDY,10,15,19:49,19:59,10.0
2026-08-19,40703,ST THOMAS MOUNT,11,17,19:52,20:02,10.0
2026-08-19,40703,PALAVANTHANGAL,12,18,19:55,20:05,10.0
2026-08-19,40703,MINAMBAKKAM,13,20,19:58,20:08,10.0
2026-08-19,40703,TIRUSULAM,14,22,20:00,20:10,10.0
2026-08-19,40703,PALLAVARAM,15,23,20:03,20:14,11.0
2026-08-19,40703,CHROMEPET,16,25,20:06,20:15,9.0
2026-08-19,40703,TAMBARAM SANATORIUM,17,28,20:09,20:18,9.0
2026-08-19,40703,TAMBARAM,18,29,20:19,20:28,9.0
2026-08-19,40703,PERUNGALATTUR,19,32,20:25,20:34,9.0
2026-08-19,40703,VANDALUR,20,34,20:28,20:40,12.0
2026-08-19,40703,URAPPAKKAM,21,37,20:32,20:44,12.0
2026-08-19,40703,GUDUVANCHERI,22,40,20:36,20:49,13.0
2026-08-19,40703,POTHERI HALT,23,44,20:40,20:52,12.0
2026-08-19,40703,KATTANGULATUR,24,46,20:44,20:59,15.0
2026-08-19,40703,MARAIMALAI NAGAR KAMARAJAR,25,47,20:46,21:01,15.0
2026-08-19,40703,SINGAPERUMAL KOIL,26,51,20:54,21:08,14.0
2026-08-19,40703,PARANUR,27,55,21:02,21:11,9.0
2026-08-19,40703,CHENGALPATTU JN.,28,60,21:10,21:23,13.0
2026-08-19,40703,REDDIPALAYAM,29,64,21:26,21:53,27.0
2026-08-19,40703,VILLIYAMBAKKAM,30,68,21:31,21:58,27.0
2026-08-19,40703,PALUR,31,71,21:36,22:05,29.0
2026-08-19,40703,PALAYASIVARAM,32,75,21:41,22:07,26.0
2026-08-19,40703,WALAJABAD,33,81,21:46,22:22,36.0
2026-08-19,40703,NATHAPETTAI,34,89,21:54,22:30,36.0
2026-08-19,40703,KANCHIPURAM EAST,35,94,21:56,22:32,36.0
2026-08-19,40703,KANCHIPURAM,36,96,22:05,22:37,32.0
2026-08-19,40201,CHENNAI BEACH,1,0,,,8.0
2026-08-19,40201,CHENNAI FORT,2,2,19:34,19:42,8.0
2026-08-19,40201,CHENNAI PARK,3,3,19:37,19:40,3.0
2026-08-19,40201,CHENNAI EGMORE,4,4,19:40,19:43,3.0
2026-08-19,40201,CHENNAI CHETPAT,5,6,19:44,19:46,2.0
2026-08-19,40201,NUNGAMBAKKAM,6,8,19:47,19:49,2.0
2026-08-19,40201,KODAMBAKKAM,7,9,19:50,19:54,4.0
2026-08-19,40201,MAMBALAM,8,11,19:53,19:56,3.0
2026-08-19,40201,SAIDAPET,9,13,19:56,19:59,3.0
2026-08-19,40201,GUINDY,10,15,19:59,20:02,3.0
2026-08-19,40201,ST THOMAS MOUNT,11,17,20:02,20:05,3.0
2026-08-19,40201,PALAVANTHANGAL,12,18,20:05,20:08,3.0
2026-08-19,40201,MINAMBAKKAM,13,20,20:08,20:11,3.0
2026-08-19,40201,TIRUSULAM,14,22,20:10,20:13,3.0
2026-08-19,40201,PALLAVARAM,15,23,20:13,20:17,4.0
2026-08-19,40201,CHROMEPET,16,25,20:16,20:20,4.0
2026-08-19,40201,TAMBARAM SANATORIUM,17,28,20:19,20:23,4.0
2026-08-19,40201,TAMBARAM,18,29,20:29,20:35,6.0
2026-08-19,40201,PERUNGALATTUR,19,32,20:35,20:41,6.0
2026-08-19,40201,VANDALUR,20,34,20:38,20:45,7.0
2026-08-19,40201,URAPPAKKAM,21,37,20:42,20:48,6.0
2026-08-19,40201,GUDUVANCHERI,22,40,20:55,20:59,4.0
2026-08-19,40203,CHENNAI BEACH,1,0,,,0.0
2026-08-19,40203,CHENNAI FORT,2,2,20:04,20:04,0.0
2026-08-19,40203,CHENNAI PARK,3,3,20:07,20:07,0.0
2026-08-19,40203,CHENNAI EGMORE,4,4,20:10,20:10,0.0
2026-08-19,40203,CHENNAI CHETPAT,5,6,20:14,20:14,0.0
2026-08-19,40203,NUNGAMBAKKAM,6,8,20:17,20:17,0.0
2026-08-19,40203,KODAMBAKKAM,7,9,20:20,20:21,1.0
2026-08-19,40203,MAMBALAM,8,11,20:23,20:23,0.0
2026-08-19,40203,SAIDAPET,9,13,20:26,20:26,0.0
2026-08-19,40203,GUINDY,10,15,20:29,20:29,0.0
2026-08-19,40203,ST THOMAS MOUNT,11,17,20:32,20:33,1.0
2026-08-19,40203,PALAVANTHANGAL,12,18,20:35,20:35,0.0
2026-08-19,40203,MINAMBAKKAM,13,20,20:38,20:38,0.0
2026-08-19,40203,TIRUSULAM,14,22,20:40,20:40,0.0
2026-08-19,40203,PALLAVARAM,15,23,20:43,20:44,1.0
2026-08-19,40203,CHROMEPET,16,25,20:46,20:46,0.0
2026-08-19,40203,TAMBARAM SANATORIUM,17,28,20:49,20:49,0.0
2026-08-19,40203,TAMBARAM,18,29,20:59,20:59,0.0
2026-08-19,40203,PERUNGALATTUR,19,32,21:05,21:05,0.0
2026-08-19,40203,VANDALUR,20,34,21:08,21:11,3.0
2026-08-19,40203,URAPPAKKAM,21,37,21:12,21:15,3.0
2026-08-19,40203,GUDUVANCHERI,22,40,21:30,21:30,0.0
2026-08-19,40081,CHENNAI BEACH,1,0,,,4.0
2026-08-19,40081,CHENNAI FORT,2,2,21:04,21:08,4.0
2026-08-19,40081,CHENNAI PARK,3,3,21:07,21:11,4.0
2026-08-19,40081,CHENNAI EGMORE,4,4,21:10,21:14,4.0
2026-08-19,40081,CHENNAI CHETPAT,5,6,21:14,21:17,3.0
2026-08-19,40081,NUNGAMBAKKAM,6,8,21:17,21:20,3.0
2026-08-19,40081,KODAMBAKKAM,7,9,21:20,21:25,5.0
2026-08-19,40081,MAMBALAM,8,11,21:23,21:27,4.0
2026-08-19,40081,SAIDAPET,9,13,21:26,21:30,4.0
2026-08-19,40081,GUINDY,10,15,21:29,21:33,4.0
2026-08-19,40081,ST THOMAS MOUNT,11,17,21:32,21:36,4.0
2026-08-19,40081,PALAVANTHANGAL,12,18,21:35,21:39,4.0
2026-08-19,40081,MINAMBAKKAM,13,20,21:38,21:42,4.0
2026-08-19,40081,TIRUSULAM,14,22,21:40,21:44,4.0
2026-08-19,40081,PALLAVARAM,15,23,21:43,21:47,4.0
2026-08-19,40081,CHROMEPET,16,25,21:46,21:49,3.0
2026-08-19,40081,TAMBARAM SANATORIUM,17,28,21:49,21:52,3.0
2026-08-19,40081,TAMBARAM,18,29,22:00,22:04,4.0
2026-08-19,40569,CHENNAI BEACH,1,0,,,0.0
2026-08-19,40569,CHENNAI FORT,2,2,22:04,22:04,0.0
2026-08-19,40569,CHENNAI PARK,3,3,22:07,22:07,0.0
2026-08-19,40569,CHENNAI EGMORE,4,4,22:10,22:10,0.0
2026-08-19,40569,CHENNAI CHETPAT,5,6,22:14,22:14,0.0
2026-08-19,40569,NUNGAMBAKKAM,6,8,22:17,22:17,0.0
2026-08-19,40569,KODAMBAKKAM,7,9,22:20,22:21,1.0
2026-08-19,40569,MAMBALAM,8,11,22:23,22:23,0.0
2026-08-19,40569,SAIDAPET,9,13,22:26,22:26,0.0
2026-08-19,40569,GUINDY,10,15,22:29,22:29,0.0
2026-08-19,40569,ST THOMAS MOUNT,11,17,22:32,22:32,0.0
2026-08-19,40569,PALAVANTHANGAL,12,18,22:35,22:35,0.0
2026-08-19,40569,MINAMBAKKAM,13,20,22:38,22:38,0.0
2026-08-19,40569,TIRUSULAM,14,22,22:40,22:40,0.0
2026-08-19,40569,PALLAVARAM,15,23,22:43,22:44,1.0
2026-08-19,40569,CHROMEPET,16,25,22:46,22:46,0.0
2026-08-19,40569,TAMBARAM SANATORIUM,17,28,22:49,22:49,0.0
2026-08-19,40569,TAMBARAM,18,29,22:59,22:59,0.0
2026-08-19,40569,PERUNGALATTUR,19,32,23:05,23:05,0.0
2026-08-19,40569,VANDALUR,20,34,23:08,23:09,1.0
2026-08-19,40569,URAPPAKKAM,21,37,23:12,23:12,0.0
2026-08-19,40569,GUDUVANCHERI,22,40,23:16,23:17,1.0
2026-08-19,40569,POTHERI HALT,23,44,23:20,23:20,0.0
2026-08-19,40569,KATTANGULATUR,24,46,23:24,23:25,1.0
2026-08-19,40569,MARAIMALAI NAGAR KAMARAJAR,25,47,23:26,23:26,0.0
2026-08-19,40569,SINGAPERUMAL KOIL,26,51,23:34,23:34,0.0
2026-08-19,40569,PARANUR,27,55,23:42,23:42,0.0
2026-08-19,40569,CHENGALPATTU JN.,28,60,00:05,00:05,0.0
2026-08-19,40085,CHENNAI BEACH,1,0,,,0.0
2026-08-19,40085,CHENNAI FORT,2,2,23:04,23:04,0.0
2026-08-19,40085,CHENNAI PARK,3,3,23:07,23:07,0.0
2026-08-19,40085,CHENNAI EGMORE,4,4,23:10,23:10,0.0
2026-08-19,40085,CHENNAI CHETPAT,5,6,23:14,23:14,0.0
2026-08-19,40085,NUNGAMBAKKAM,6,8,23:17,23:17,0.0
2026-08-19,40085,KODAMBAKKAM,7,9,23:20,23:21,1.0
2026-08-19,40085,MAMBALAM,8,11,23:23,23:23,0.0
2026-08-19,40085,SAIDAPET,9,13,23:26,23:26,0.0
2026-08-19,40085,GUINDY,10,15,23:29,23:29,0.0
2026-08-19,40085,ST THOMAS MOUNT,11,17,23:32,23:32,0.0
2026-08-19,40085,PALAVANTHANGAL,12,18,23:35,23:35,0.0
2026-08-19,40085,MINAMBAKKAM,13,20,23:38,23:38,0.0
2026-08-19,40085,TIRUSULAM,14,22,23:40,23:40,0.0
2026-08-19,40085,PALLAVARAM,15,23,23:43,23:43,0.0
2026-08-19,40085,CHROMEPET,16,25,23:46,23:46,0.0
2026-08-19,40085,TAMBARAM SANATORIUM,17,28,23:49,23:49,0.0
2026-08-19,40085,TAMBARAM,18,29,00:00,00:00,0.0
2026-08-20,40003,CHENNAI BEACH,1,0,,,0.0
2026-08-20,40003,CHENNAI FORT,2,2,07:14,07:14,0.0
2026-08-20,40003,CHENNAI PARK,3,3,07:17,07:17,0.0
2026-08-20,40003,CHENNAI EGMORE,4,4,07:20,07:20,0.0
2026-08-20,40003,CHENNAI CHETPAT,5,6,07:24,07:24,0.0
2026-08-20,40003,NUNGAMBAKKAM,6,8,07:27,07:27,0.0
2026-08-20,40003,KODAMBAKKAM,7,9,07:30,07:31,1.0
2026-08-20,40003,MAMBALAM,8,11,07:33,07:33,0.0
2026-08-20,40003,SAIDAPET,9,13,07:36,07:36,0.0
2026-08-20,40003,GUINDY,10,15,07:39,07:39,0.0
2026-08-20,40003,ST THOMAS MOUNT,11,17,07:42,07:42,0.0
2026-08-20,40003,PALAVANTHANGAL,12,18,07:45,07:45,0.0
2026-08-20,40003,MINAMBAKKAM,13,20,07:48,07:48,0.0
2026-08-20,40003,TIRUSULAM,14,22,07:50,07:50,0.0
2026-08-20,40003,PALLAVARAM,15,23,07:53,07:56,3.0
2026-08-20,40003,CHROMEPET,16,25,07:56,07:59,3.0
2026-08-20,40003,TAMBARAM SANATORIUM,17,28,07:59,08:02,3.0
2026-08-20,40003,TAMBARAM,18,29,08:10,08:10,0.0
2026-08-20,40045,CHENNAI BEACH,1,0,,,15.0
2026-08-20,40045,CHENNAI FORT,2,2,12:49,13:04,15.0
2026-08-20,40045,CHENNAI PARK,3,3,12:52,13:08,16.0
2026-08-20,40045,CHENNAI EGMORE,4,4,12:55,13:11,16.0
2026-08-20,40045,CHENNAI CHETPAT,5,6,12:59,13:13,14.0
2026-08-20,40045,NUNGAMBAKKAM,6,8,13:02,13:16,14.0
2026-08-20,40045,KODAMBAKKAM,7,9,13:05,13:20,15.0
2026-08-20,40045,MAMBALAM,8,11,13:08,13:20,12.0
2026-08-20,40045,SAIDAPET,9,13,13:11,13:23,12.0
2026-08-20,40045,GUINDY,10,15,13:14,13:26,12.0
2026-08-20,40045,ST THOMAS MOUNT,11,17,13:17,13:33,16.0
2026-08-20,40045,PALAVANTHANGAL,12,18,13:20,13:36,16.0
2026-08-20,40045,MINAMBAKKAM,13,20,13:23,13:39,16.0
2026-08-20,40045,TIRUSULAM,14,22,13:25,13:41,16.0
2026-08-20,40045,PALLAVARAM,15,23,13:28,13:46,18.0
2026-08-20,40045,CHROMEPET,16,25,13:31,13:49,18.0
2026-08-20,40045,TAMBARAM SANATORIUM,17,28,13:34,13:52,18.0
2026-08-20,40045,TAMBARAM,18,29,13:45,13:50,5.0
2026-08-20,40046,TAMBARAM,1,0,,,15.0
2026-08-20,40046,TAMBARAM SANATORIUM,2,1,12:24,12:38,14.0
2026-08-20,40046,CHROMEPET,3,4,12:27,12:41,14.0
2026-08-20,40046,PALLAVARAM,4,6,12:30,12:47,17.0
2026-08-20,40046,TIRUSULAM,5,8,12:33,12:50,17.0
2026-08-20,40046,MINAMBAKKAM,6,9,12:35,12:52,17.0
2026-08-20,40046,PALAVANTHANGAL,7,10,12:38,12:55,17.0
2026-08-20,40046,ST THOMAS MOUNT,8,12,12:41,12:58,17.0
2026-08-20,40046,GUINDY,9,14,12:44,13:01,17.0
2026-08-20,40046,SAIDAPET,10,16,12:47,13:04,17.0
2026-08-20,40046,MAMBALAM,11,18,12:50,13:07,17.0
2026-08-20,40046,KODAMBAKKAM,12,19,12:53,13:12,19.0
2026-08-20,40046,NUNGAMBAKKAM,13,21,12:56,13:14,18.0
2026-08-20,40046,CHENNAI CHETPAT,14,23,12:59,13:17,18.0
2026-08-20,40046,CHENNAI EGMORE,15,25,13:02,13:20,18.0
2026-08-20,40046,CHENNAI PARK,16,26,13:05,13:22,17.0
2026-08-20,40046,CHENNAI FORT,17,27,13:08,13:26,18.0
2026-08-20,40046,CHENNAI BEACH,18,29,13:20,13:25,5.0
2026-08-20,49003,CHENNAI BEACH,1,0,,,14.0
2026-08-20,49003,CHENNAI FORT,2,2,09:47,10:01,14.0
2026-08-20,49003,CHENNAI PARK,3,3,09:50,10:06,16.0
2026-08-20,49003,CHENNAI EGMORE,4,4,09:53,10:10,17.0
2026-08-20,49003,CHENNAI CHETPAT,5,6,09:57,10:13,16.0
2026-08-20,49003,NUNGAMBAKKAM,6,8,10:00,10:16,16.0
2026-08-20,49003,KODAMBAKKAM,7,9,10:03,10:17,14.0
2026-08-20,49003,MAMBALAM,8,11,10:06,10:20,14.0
2026-08-20,49003,SAIDAPET,9,13,10:09,10:23,14.0
2026-08-20,49003,GUINDY,10,15,10:12,10:26,14.0
2026-08-20,49003,ST THOMAS MOUNT,11,17,10:15,10:31,16.0
2026-08-20,49003,PALAVANTHANGAL,12,18,10:18,10:32,14.0
2026-08-20,49003,MINAMBAKKAM,13,20,10:21,10:35,14.0
2026-08-20,49003,TIRUSULAM,14,22,10:23,10:37,14.0
2026-08-20,49003,PALLAVARAM,15,23,10:26,10:41,15.0
2026-08-20,49003,CHROMEPET,16,25,10:29,10:42,13.0
2026-08-20,49003,TAMBARAM SANATORIUM,17,28,10:32,10:45,13.0
2026-08-20,49003,TAMBARAM,18,29,10:43,10:48,5.0
2026-08-20,49004,TAMBARAM,1,0,,,0.0
2026-08-20,49004,TAMBARAM SANATORIUM,2,1,14:29,14:29,0.0
2026-08-20,49004,CHROMEPET,3,4,14:32,14:32,0.0
2026-08-20,49004,PALLAVARAM,4,6,14:35,14:38,3.0
2026-08-20,49004,TIRUSULAM,5,8,14:38,14:41,3.0
2026-08-20,49004,MINAMBAKKAM,6,9,14:40,14:43,3.0
2026-08-20,49004,PALAVANTHANGAL,7,10,14:43,14:46,3.0
2026-08-20,49004,ST THOMAS MOUNT,8,12,14:46,14:49,3.0
2026-08-20,49004,GUINDY,9,14,14:49,14:52,3.0
2026-08-20,49004,SAIDAPET,10,16,14:52,14:55,3.0
2026-08-20,49004,MAMBALAM,11,18,14:55,14:58,3.0
2026-08-20,49004,KODAMBAKKAM,12,19,14:58,15:01,3.0
2026-08-20,49004,NUNGAMBAKKAM,13,21,15:01,15:01,0.0
2026-08-20,49004,CHENNAI CHETPAT,14,23,15:04,15:04,0.0
2026-08-20,49004,CHENNAI EGMORE,15,25,15:07,15:11,4.0
2026-08-20,49004,CHENNAI PARK,16,26,15:10,15:15,5.0
2026-08-20,49004,CHENNAI FORT,17,27,15:13,15:17,4.0
2026-08-20,49004,CHENNAI BEACH,18,29,15:25,15:25,0.0
2026-08-20,40501,CHENNAI BEACH,1,0,,,0.0
2026-08-20,40501,CHENNAI FORT,2,2,03:54,03:54,0.0
2026-08-20,40501,CHENNAI PARK,3,3,03:57,03:57,0.0
2026-08-20,40501,CHENNAI EGMORE,4,4,04:00,04:00,0.0
2026-08-20,40501,CHENNAI CHETPAT,5,6,04:04,04:04,0.0
2026-08-20,40501,NUNGAMBAKKAM,6,8,04:07,04:07,0.0
2026-08-20,40501,KODAMBAKKAM,7,9,04:10,04:11,1.0
2026-08-20,40501,MAMBALAM,8,11,04:13,04:13,0.0
2026-08-20,40501,SAIDAPET,9,13,04:16,04:16,0.0
2026-08-20,40501,GUINDY,10,15,04:19,04:19,0.0
2026-08-20,40501,ST THOMAS MOUNT,11,17,04:22,04:22,0.0
2026-08-20,40501,PALAVANTHANGAL,12,18,04:25,04:25,0.0
2026-08-20,40501,MINAMBAKKAM,13,20,04:28,04:28,0.0
2026-08-20,40501,TIRUSULAM,14,22,04:30,04:30,0.0
2026-08-20,40501,PALLAVARAM,15,23,04:33,04:34,1.0
2026-08-20,40501,CHROMEPET,16,25,04:36,04:36,0.0
2026-08-20,40501,TAMBARAM SANATORIUM,17,28,04:39,04:39,0.0
2026-08-20,40501,TAMBARAM,18,29,04:49,04:49,0.0
2026-08-20,40501,PERUNGALATTUR,19,32,04:56,04:56,0.0
2026-08-20,40501,VANDALUR,20,34,04:59,05:03,4.0
2026-08-20,40501,URAPPAKKAM,21,37,05:03,05:07,4.0
2026-08-20,40501,GUDUVANCHERI,22,40,05:07,05:10,3.0
2026-08-20,40501,POTHERI HALT,23,44,05:11,05:15,4.0
2026-08-20,40501,KATTANGULATUR,24,46,05:15,05:19,4.0
2026-08-20,40501,MARAIMALAI NAGAR KAMARAJAR,25,47,05:17,05:20,3.0
2026-08-20,40501,SINGAPERUMAL KOIL,26,51,05:22,05:25,3.0
2026-08-20,40501,PARANUR,27,55,05:27,05:30,3.0
2026-08-20,40501,CHENGALPATTU JN.,28,60,05:40,05:40,0.0
2026-08-20,40701,CHENNAI BEACH,1,0,,,3.0
2026-08-20,40701,CHENNAI FORT,2,2,05:14,05:17,3.0
2026-08-20,40701,CHENNAI PARK,3,3,05:17,05:20,3.0
2026-08-20,40701,CHENNAI EGMORE,4,4,05:20,05:23,3.0
2026-08-20,40701,CHENNAI CHETPAT,5,6,05:24,05:24,0.0
2026-08-20,40701,NUNGAMBAKKAM,6,8,05:27,05:27,0.0
2026-08-20,40701,KODAMBAKKAM,7,9,05:30,05:34,4.0
2026-08-20,40701,MAMBALAM,8,11,05:33,05:36,3.0
2026-08-20,40701,SAIDAPET,9,13,05:36,05:39,3.0
2026-08-20,40701,GUINDY,10,15,05:39,05:42,3.0
2026-08-20,40701,ST THOMAS MOUNT,11,17,05:42,05:45,3.0
2026-08-20,40701,PALAVANTHANGAL,12,18,05:45,05:48,3.0
2026-08-20,40701,MINAMBAKKAM,13,20,05:48,05:51,3.0
2026-08-20,40701,TIRUSULAM,14,22,05:50,05:53,3.0
2026-08-20,40701,PALLAVARAM,15,23,05:53,05:56,3.0
2026-08-20,40701,CHROMEPET,16,25,05:56,05:59,3.0
2026-08-20,40701,TAMBARAM SANATORIUM,17,28,05:59,06:02,3.0
2026-08-20,40701,TAMBARAM,18,29,06:09,06:09,0.0
2026-08-20,40701,PERUNGALATTUR,19,32,06:16,06:20,4.0
2026-08-20,40701,VANDALUR,20,34,06:19,06:24,5.0
2026-08-20,40701,URAPPAKKAM,21,37,06:23,06:27,4.0
2026-08-20,40701,GUDUVANCHERI,22,40,06:27,06:31,4.0
2026-08-20,40701,POTHERI HALT,23,44,06:31,06:35,4.0
2026-08-20,40701,KATTANGULATUR,24,46,06:35,06:41,6.0
2026-08-20,40701,MARAIMALAI NAGAR KAMARAJAR,25,47,06:37,06:43,6.0
2026-08-20,40701,SINGAPERUMAL KOIL,26,51,06:42,06:49,7.0
2026-08-20,40701,PARANUR,27,55,06:47,06:53,6.0
2026-08-20,40701,CHENGALPATTU JN.,28,60,07:19,07:19,0.0
2026-08-20,40701,PALUR,29,71,07:31,07:42,11.0
2026-08-20,40701,WALAJABAD,30,81,07:41,08:00,19.0
2026-08-20,40701,KANCHIPURAM EAST,31,94,07:54,08:13,19.0
2026-08-20,40701,KANCHIPURAM,32,96,08:15,08:20,5.0
2026-08-20,40801,CHENNAI BEACH,1,0,,,0.0
2026-08-20,40801,CHENNAI FORT,2,2,07:24,07:24,0.0
2026-08-20,40801,CHENNAI PARK,3,3,07:27,07:27,0.0
2026-08-20,40801,CHENNAI EGMORE,4,4,07:30,07:30,0.0
2026-08-20,40801,CHENNAI CHETPAT,5,6,07:34,07:34,0.0
2026-08-20,40801,NUNGAMBAKKAM,6,8,07:37,07:37,0.0
2026-08-20,40801,KODAMBAKKAM,7,9,07:40,07:41,1.0
2026-08-20,40801,MAMBALAM,8,11,07:43,07:43,0.0
2026-08-20,40801,SAIDAPET,9,13,07:46,07:46,0.0
2026-08-20,40801,GUINDY,10,15,07:49,07:49,0.0
2026-08-20,40801,ST THOMAS MOUNT,11,17,07:52,07:52,0.0
2026-08-20,40801,PALAVANTHANGAL,12,18,07:55,07:55,0.0
2026-08-20,40801,MINAMBAKKAM,13,20,07:58,07:58,0.0
2026-08-20,40801,TIRUSULAM,14,22,08:00,08:00,0.0
2026-08-20,40801,PALLAVARAM,15,23,08:03,08:04,1.0
2026-08-20,40801,CHROMEPET,16,25,08:06,08:06,0.0
2026-08-20,40801,TAMBARAM SANATORIUM,17,28,08:09,08:09,0.0
2026-08-20,40801,TAMBARAM,18,29,08:19,08:19,0.0
2026-08-20,40801,PERUNGALATTUR,19,32,08:25,08:32,7.0
2026-08-20,40801,VANDALUR,20,34,08:28,08:36,8.0
2026-08-20,40801,URAPPAKKAM,21,37,08:32,08:39,7.0
2026-08-20,40801,GUDUVANCHERI,22,40,08:36,08:45,9.0
2026-08-20,40801,POTHERI HALT,23,44,08:40,08:47,7.0
2026-08-20,40801,KATTANGULATUR,24,46,08:44,08:52,8.0
2026-08-20,40801,MARAIMALAI NAGAR KAMARAJAR,25,47,08:46,08:52,6.0
2026-08-20,40801,SINGAPERUMAL KOIL,26,51,08:54,09:00,6.0
2026-08-20,40801,PARANUR,27,55,09:02,09:05,3.0
2026-08-20,40801,CHENGALPATTU JN.,28,60,09:10,09:16,6.0
2026-08-20,40801,REDDIPALAYAM,29,64,09:26,09:34,8.0
2026-08-20,40801,VILLIYAMBAKKAM,30,68,09:31,09:39,8.0
2026-08-20,40801,PALUR,31,71,09:36,09:50,14.0
2026-08-20,40801,PALAYASIVARAM,32,75,09:41,10:47,66.0
2026-08-20,40801,WALAJABAD,33,81,09:46,10:59,73.0
2026-08-20,40801,NATHAPETTAI,34,89,09:54,11:07,73.0
2026-08-20,40801,KANCHIPURAM EAST,35,94,09:59,11:12,73.0
2026-08-20,40801,KANCHIPURAM,36,96,10:04,11:15,71.0
2026-08-20,40801,TIRUMALPUR,37,108,10:50,11:27,37.0
2026-08-20,42502,GUMMIDIPUNDI,1,0,,,0.0
2026-08-20,42502,KAVARAIPPETTAI,2,6,06:08,06:09,1.0
2026-08-20,42502,PONNERI,3,13,06:17,06:18,1.0
2026-08-20,42502,ANUPPAMBATTU,4,17,06:23,06:23,0.0
2026-08-20,42502,MINJUR,5,21,06:28,06:29,1.0
2026-08-20,42502,NANDIYAMPAKKAM,6,24,06:31,06:31,0.0
2026-08-20,42502,ATTIPPATTU,7,25,06:33,06:34,1.0
2026-08-20,42502,ATTIPATTU PUDU NAGAR.H,8,26,06:36,06:39,3.0
2026-08-20,42502,ENNORE,9,31,06:44,06:44,0.0
2026-08-20,42502,KATHIVAKKAM,10,32,06:46,06:46,0.0
2026-08-20,42502,WIMCO NAGAR,11,35,06:49,06:49,0.0
2026-08-20,42502,TIRUVOTTIYUR,12,38,06:56,06:59,3.0
2026-08-20,42502,VOC NAGAR,13,39,07:00,07:00,0.0
2026-08-20,42502,TONDIARPET,14,41,07:02,07:02,0.0
2026-08-20,42502,KORUKKUPET JN,15,42,07:04,07:09,5.0
2026-08-20,42502,WASHERMANPET,16,44,07:14,07:22,8.0
2026-08-20,42502,ROYAPURAM,17,46,07:19,07:28,9.0
2026-08-20,42502,CHENNAI BEACH,18,47,07:40,07:41,1.0
2026-08-20,42502,CHENNAI FORT,19,49,07:54,07:54,0.0
2026-08-20,42502,CHENNAI PARK,20,50,07:57,07:58,1.0
2026-08-20,42502,CHENNAI EGMORE,21,51,08:00,08:02,2.0
2026-08-20,42502,CHENNAI CHETPAT,22,53,08:04,08:04,0.0
2026-08-20,42502,NUNGAMBAKKAM,23,55,08:07,08:07,0.0
2026-08-20,42502,KODAMBAKKAM,24,56,08:10,08:12,2.0
2026-08-20,42502,MAMBALAM,25,58,08:13,08:13,0.0
2026-08-20,42502,SAIDAPET,26,59,08:16,08:16,0.0
2026-08-20,42502,GUINDY,27,62,08:19,08:19,0.0
2026-08-20,42502,ST THOMAS MOUNT,28,64,08:22,08:26,4.0
2026-08-20,42502,PALAVANTHANGAL,29,65,08:25,08:29,4.0
2026-08-20,42502,MINAMBAKKAM,30,67,08:28,08:32,4.0
2026-08-20,42502,TIRUSULAM,31,69,08:30,08:34,4.0
2026-08-20,42502,PALLAVARAM,32,70,08:33,08:36,3.0
2026-08-20,42502,CHROMEPET,33,72,08:36,08:39,3.0
2026-08-20,42502,TAMBARAM SANATORIUM,34,74,08:39,08:42,3.0
2026-08-20,42502,TAMBARAM,35,76,08:49,08:53,4.0
2026-08-20,42502,PERUNGALATTUR,36,79,08:55,08:59,4.0
2026-08-20,42502,VANDALUR,37,81,08:58,09:05,7.0
2026-08-20,42502,URAPPAKKAM,38,84,09:02,09:09,7.0
2026-08-20,42502,GUDUVANCHERI,39,87,09:06,09:14,8.0
2026-08-20,42502,POTHERI HALT,40,90,09:10,09:17,7.0
2026-08-20,42502,KATTANGULATUR,41,92,09:14,09:22,8.0
2026-08-20,42502,MARAIMALAI NAGAR KAMARAJAR,42,94,09:16,09:22,6.0
2026-08-20,42502,SINGAPERUMAL KOIL,43,98,09:24,09:31,7.0
2026-08-20,42502,PARANUR,44,102,09:32,09:36,4.0
2026-08-20,42502,CHENGALPATTU JN.,45,106,09:40,09:45,5.0
2026-08-20,40009,CHENNAI BEACH,1,0,,,4.0
2026-08-20,40009,CHENNAI FORT,2,2,08:14,08:18,4.0
2026-08-20,40009,CHENNAI PARK,3,3,08:17,08:20,3.0
2026-08-20,40009,CHENNAI EGMORE,4,4,08:20,08:23,3.0
2026-08-20,40009,CHENNAI CHETPAT,5,6,08:24,08:27,3.0
2026-08-20,40009,NUNGAMBAKKAM,6,8,08:27,08:30,3.0
2026-08-20,40009,KODAMBAKKAM,7,9,08:30,08:32,2.0
2026-08-20,40009,MAMBALAM,8,11,08:33,08:33,0.0
2026-08-20,40009,SAIDAPET,9,13,08:36,08:36,0.0
2026-08-20,40009,GUINDY,10,15,08:39,08:39,0.0
2026-08-20,40009,ST THOMAS MOUNT,11,17,08:42,08:46,4.0
2026-08-20,40009,PALAVANTHANGAL,12,18,08:45,08:49,4.0
2026-08-20,40009,MINAMBAKKAM,13,20,08:48,08:52,4.0
2026-08-20,40009,TIRUSULAM,14,22,08:50,08:54,4.0
2026-08-20,40009,PALLAVARAM,15,23,08:53,08:57,4.0
2026-08-20,40009,CHROMEPET,16,25,08:56,08:59,3.0
2026-08-20,40009,TAMBARAM SANATORIUM,17,28,08:59,09:02,3.0
2026-08-20,40009,TAMBARAM,18,29,09:10,09:10,0.0
2026-08-20,66034,TIRUVANNAMALAI,1,0,,,0.0
2026-08-20,66034,POLUR,2,31,04:57,04:57,0.0
2026-08-20,66034,MADIMANGALAM,3,43,05:05,05:05,0.0
2026-08-20,66034,ARNI ROAD,4,48,05:11,05:14,3.0
2026-08-20,66034,SEDARAMPATTU,5,53,05:17,05:17,0.0
2026-08-20,66034,ONNUPURAM,6,57,05:22,05:22,0.0
2026-08-20,66034,KANNAMANGALAM,7,62,05:29,05:29,0.0
2026-08-20,66034,PENNATHUR H,8,74,05:49,05:49,0.0
2026-08-20,66034,VELLORE CANTONMENT,9,83,06:05,06:05,0.0
2026-08-20,66034,KATPADI JN,10,92,06:18,06:20,2.0
2026-08-20,66034,TIRUVALAM,11,104,06:34,07:08,34.0
2026-08-20,66034,MUKUNDARAYAPURM,12,109,06:39,07:18,39.0
2026-08-20,66034,WALAJAH ROAD,13,117,06:49,07:27,38.0
2026-08-20,66034,THALANGAI,14,127,07:00,07:38,38.0
2026-08-20,66034,SHOLINGHUR,15,132,07:14,07:44,30.0
2026-08-20,66034,ANAVARDIKHANPETTAI,16,141,07:25,07:30,5.0
2026-08-20,66034,CHITTERI,17,145,07:35,08:01,26.0
2026-08-20,66034,ARAKKONAM JN.,18,153,07:58,08:13,15.0
2026-08-20,66034,PULIYAMANGALAM,19,155,08:04,08:24,20.0
2026-08-20,66034,MOSUR,20,158,08:07,08:27,20.0
2026-08-20,66034,TIRUVALANGADU,21,163,08:12,08:35,23.0
2026-08-20,66034,MANAVUR,22,168,08:17,08:40,23.0
2026-08-20,66034,SENJI PANAMBAKKAM,23,171,08:21,08:44,23.0
2026-08-20,66034,KADAMBATTUR,24,174,08:25,08:46,21.0
2026-08-20,66034,EGATTUR,25,178,08:29,08:52,23.0
2026-08-20,66034,TIRUVALLUR,26,180,08:34,08:57,23.0
2026-08-20,66034,SEVVAPET ROAD,27,186,08:40,09:03,23.0
2026-08-20,66034,VEPPAMPATTU,28,189,08:43,09:06,23.0
2026-08-20,66034,TIRUNINRAVUR,29,193,08:49,09:17,28.0
2026-08-20,66034,VILLIVAKKAM,30,212,09:09,09:53,44.0
2026-08-20,66034,PERAMBUR,31,216,09:17,09:58,41.0
2026-08-20,66034,WASHERMANPET,32,221,09:25,10:09,44.0
2026-08-20,66034,ROYAPURAM,33,222,09:29,10:15,46.0
2026-08-20,66034,CHENNAI BEACH,34,224,09:39,10:21,42.0
2026-08-20,66034,CHENNAI FORT,35,225,10:04,10:34,30.0
2026-08-20,66034,CHENNAI PARK,36,226,10:07,10:43,36.0
2026-08-20,66034,CHENNAI EGMORE,37,228,10:10,10:47,37.0
2026-08-20,66034,CHENNAI CHETPAT,38,230,10:14,10:50,36.0
2026-08-20,66034,NUNGAMBAKKAM,39,232,10:17,10:53,36.0
2026-08-20,66034,KODAMBAKKAM,40,233,10:20,10:55,35.0
2026-08-20,66034,MAMBALAM,41,235,10:23,10:59,36.0
2026-08-20,66034,SAIDAPET,42,236,10:26,11:02,36.0
2026-08-20,66034,GUINDY,43,239,10:29,11:05,36.0
2026-08-20,66034,ST THOMAS MOUNT,44,241,10:32,11:08,36.0
2026-08-20,66034,PALAVANTHANGAL,45,242,10:35,11:11,36.0
2026-08-20,66034,MINAMBAKKAM,46,244,10:38,11:14,36.0
2026-08-20,66034,TIRUSULAM,47,245,10:40,11:16,36.0
2026-08-20,66034,PALLAVARAM,48,247,10:43,11:17,34.0
2026-08-20,66034,CHROMEPET,49,249,10:46,11:20,34.0
2026-08-20,66034,TAMBARAM SANATORIUM,50,251,10:49,11:22,33.0
2026-08-20,66034,TAMBARAM,51,253,11:10,11:25,15.0
2026-08-20,40527,CHENNAI BEACH,1,0,,,12.0
2026-08-20,40527,CHENNAI FORT,2,2,10:17,10:29,12.0
2026-08-20,40527,CHENNAI PARK,3,3,10:20,10:36,16.0
2026-08-20,40527,CHENNAI EGMORE,4,4,10:23,10:41,18.0
2026-08-20,40527,CHENNAI CHETPAT,5,6,10:27,10:42,15.0
2026-08-20,40527,NUNGAMBAKKAM,6,8,10:30,10:45,15.0
2026-08-20,40527,KODAMBAKKAM,7,9,10:33,10:50,17.0
2026-08-20,40527,MAMBALAM,8,11,10:36,10:52,16.0
2026-08-20,40527,SAIDAPET,9,13,10:39,10:55,16.0
2026-08-20,40527,GUINDY,10,15,10:42,10:58,16.0
2026-08-20,40527,ST THOMAS MOUNT,11,17,10:45,11:03,18.0
2026-08-20,40527,PALAVANTHANGAL,12,18,10:48,11:04,16.0
2026-08-20,40527,MINAMBAKKAM,13,20,10:51,11:07,16.0
2026-08-20,40527,TIRUSULAM,14,22,10:53,11:09,16.0
2026-08-20,40527,PALLAVARAM,15,23,10:56,11:14,18.0
2026-08-20,40527,CHROMEPET,16,25,10:59,11:17,18.0
2026-08-20,40527,TAMBARAM SANATORIUM,17,28,11:02,11:20,18.0
2026-08-20,40527,TAMBARAM,18,29,11:12,11:30,18.0
2026-08-20,40527,PERUNGALATTUR,19,32,11:19,11:40,21.0
2026-08-20,40527,VANDALUR,20,34,11:22,11:45,23.0
2026-08-20,40527,URAPPAKKAM,21,37,11:26,11:47,21.0
2026-08-20,40527,GUDUVANCHERI,22,40,11:30,11:54,24.0
2026-08-20,40527,POTHERI HALT,23,44,11:34,11:58,24.0
2026-08-20,40527,KATTANGULATUR,24,46,11:38,12:02,24.0
2026-08-20,40527,MARAIMALAI NAGAR KAMARAJAR,25,47,11:40,12:03,23.0
2026-08-20,40527,SINGAPERUMAL KOIL,26,51,11:45,12:05,20.0
2026-08-20,40527,PARANUR,27,55,11:50,12:10,20.0
2026-08-20,40527,CHENGALPATTU JN.,28,60,12:05,12:10,5.0
2026-08-20,40033,CHENNAI BEACH,1,0,,,5.0
2026-08-20,40033,CHENNAI FORT,2,2,11:02,11:07,5.0
2026-08-20,40033,CHENNAI PARK,3,3,11:05,11:11,6.0
2026-08-20,40033,CHENNAI EGMORE,4,4,11:08,11:14,6.0
2026-08-20,40033,CHENNAI CHETPAT,5,6,11:12,11:16,4.0
2026-08-20,40033,NUNGAMBAKKAM,6,8,11:15,11:19,4.0
2026-08-20,40033,KODAMBAKKAM,7,9,11:18,11:23,5.0
2026-08-20,40033,MAMBALAM,8,11,11:21,11:25,4.0
2026-08-20,40033,SAIDAPET,9,13,11:24,11:28,4.0
2026-08-20,40033,GUINDY,10,15,11:27,11:31,4.0
2026-08-20,40033,ST THOMAS MOUNT,11,17,11:30,11:35,5.0
2026-08-20,40033,PALAVANTHANGAL,12,18,11:33,11:37,4.0
2026-08-20,40033,MINAMBAKKAM,13,20,11:36,11:40,4.0
2026-08-20,40033,TIRUSULAM,14,22,11:38,11:42,4.0
2026-08-20,40033,PALLAVARAM,15,23,11:41,11:46,5.0
2026-08-20,40033,CHROMEPET,16,25,11:44,11:47,3.0
2026-08-20,40033,TAMBARAM SANATORIUM,17,28,11:47,11:50,3.0
2026-08-20,40033,TAMBARAM,18,29,11:58,12:03,5.0
2026-08-20,40533,CHENNAI BEACH,1,0,,,0.0
2026-08-20,40533,CHENNAI FORT,2,2,12:06,12:06,0.0
2026-08-20,40533,CHENNAI PARK,3,3,12:09,12:10,1.0
2026-08-20,40533,CHENNAI EGMORE,4,4,12:12,12:14,2.0
2026-08-20,40533,CHENNAI CHETPAT,5,6,12:16,12:16,0.0
2026-08-20,40533,NUNGAMBAKKAM,6,8,12:19,12:19,0.0
2026-08-20,40533,KODAMBAKKAM,7,9,12:22,12:23,1.0
2026-08-20,40533,MAMBALAM,8,11,12:25,12:25,0.0
2026-08-20,40533,SAIDAPET,9,13,12:28,12:28,0.0
2026-08-20,40533,GUINDY,10,15,12:31,12:31,0.0
2026-08-20,40533,ST THOMAS MOUNT,11,17,12:34,12:35,1.0
2026-08-20,40533,PALAVANTHANGAL,12,18,12:37,12:37,0.0
2026-08-20,40533,MINAMBAKKAM,13,20,12:40,12:40,0.0
2026-08-20,40533,TIRUSULAM,14,22,12:42,12:42,0.0
2026-08-20,40533,PALLAVARAM,15,23,12:45,12:47,2.0
2026-08-20,40533,CHROMEPET,16,25,12:48,12:48,0.0
2026-08-20,40533,TAMBARAM SANATORIUM,17,28,12:51,12:51,0.0
2026-08-20,40533,TAMBARAM,18,29,13:01,13:06,5.0
2026-08-20,40533,PERUNGALATTUR,19,32,13:07,13:12,5.0
2026-08-20,40533,VANDALUR,20,34,13:10,13:17,7.0
2026-08-20,40533,URAPPAKKAM,21,37,13:14,13:19,5.0
2026-08-20,40533,GUDUVANCHERI,22,40,13:18,13:24,6.0
2026-08-20,40533,POTHERI HALT,23,44,13:22,13:27,5.0
2026-08-20,40533,KATTANGULATUR,24,46,13:26,13:32,6.0
2026-08-20,40533,MARAIMALAI NAGAR KAMARAJAR,25,47,13:28,13:32,4.0
2026-08-20,40533,SINGAPERUMAL KOIL,26,51,13:36,13:39,3.0
2026-08-20,40533,PARANUR,27,55,13:44,13:44,0.0
2026-08-20,40533,CHENGALPATTU JN.,28,60,14:00,14:00,0.0
2026-08-20,40901,CHENNAI BEACH,1,0,,,9.0
2026-08-20,40901,CHENNAI FORT,2,2,13:04,13:13,9.0
2026-08-20,40901,CHENNAI PARK,3,3,13:07,13:17,10.0
2026-08-20,40901,CHENNAI EGMORE,4,4,13:10,13:20,10.0
2026-08-20,40901,CHENNAI CHETPAT,5,6,13:14,13:22,8.0
2026-08-20,40901,NUNGAMBAKKAM,6,8,13:17,13:25,8.0
2026-08-20,40901,KODAMBAKKAM,7,9,13:20,13:29,9.0
2026-08-20,40901,MAMBALAM,8,11,13:23,13:29,6.0
2026-08-20,40901,SAIDAPET,9,13,13:26,13:32,6.0
2026-08-20,40901,GUINDY,10,15,13:29,13:35,6.0
2026-08-20,40901,ST THOMAS MOUNT,11,17,13:32,13:42,10.0
2026-08-20,40901,PALAVANTHANGAL,12,18,13:35,13:45,10.0
2026-08-20,40901,MINAMBAKKAM,13,20,13:38,13:48,10.0
2026-08-20,40901,TIRUSULAM,14,22,13:40,13:50,10.0
2026-08-20,40901,PALLAVARAM,15,23,13:43,13:54,11.0
2026-08-20,40901,CHROMEPET,16,25,13:46,13:55,9.0
2026-08-20,40901,TAMBARAM SANATORIUM,17,28,13:49,13:58,9.0
2026-08-20,40901,TAMBARAM,18,29,13:59,14:11,12.0
2026-08-20,40901,PERUNGALATTUR,19,32,14:05,14:23,18.0
2026-08-20,40901,VANDALUR,20,34,14:08,14:27,19.0
2026-08-20,40901,URAPPAKKAM,21,37,14:12,14:30,18.0
2026-08-20,40901,GUDUVANCHERI,22,40,14:16,14:36,20.0
2026-08-20,40901,POTHERI HALT,23,44,14:20,14:38,18.0
2026-08-20,40901,KATTANGULATUR,24,46,14:24,14:45,21.0
2026-08-20,40901,MARAIMALAI NAGAR KAMARAJAR,25,47,14:26,14:47,21.0
2026-08-20,40901,SINGAPERUMAL KOIL,26,51,14:34,14:53,19.0
2026-08-20,40901,PARANUR,27,55,14:42,14:57,15.0
2026-08-20,40901,CHENGALPATTU JN.,28,60,14:50,15:08,18.0
2026-08-20,40901,REDDIPALAYAM,29,64,15:06,15:30,24.0
2026-08-20,40901,VILLIYAMBAKKAM,30,68,15:11,15:35,24.0
2026-08-20,40901,PALUR,31,71,15:16,15:36,20.0
2026-08-20,40901,PALAYASIVARAM,32,75,15:21,15:40,19.0
2026-08-20,40901,WALAJABAD,33,81,15:26,15:48,22.0
2026-08-20,40901,NATHAPETTAI,34,89,15:34,15:56,22.0
2026-08-20,40901,KANCHIPURAM EAST,35,94,15:39,16:01,22.0
2026-08-20,40901,KANCHIPURAM,36,96,15:44,16:03,19.0
2026-08-20,40901,TIRUMALPUR,37,108,15:57,16:16,19.0
2026-08-20,40901,TAKKOLAM,38,116,16:07,16:24,17.0
2026-08-20,40901,ARAKKONAM JN.,39,128,16:30,16:34,4.0
2026-08-20,40051,CHENNAI BEACH,1,0,,,0.0
2026-08-20,40051,CHENNAI FORT,2,2,14:04,14:04,0.0
2026-08-20,40051,CHENNAI PARK,3,3,14:07,14:09,2.0
2026-08-20,40051,CHENNAI EGMORE,4,4,14:10,14:12,2.0
2026-08-20,40051,CHENNAI CHETPAT,5,6,14:14,14:14,0.0
2026-08-20,40051,NUNGAMBAKKAM,6,8,14:17,14:17,0.0
2026-08-20,40051,KODAMBAKKAM,7,9,14:20,14:20,0.0
2026-08-20,40051,MAMBALAM,8,11,14:23,14:23,0.0
2026-08-20,40051,SAIDAPET,9,13,14:26,14:26,0.0
2026-08-20,40051,GUINDY,10,15,14:29,14:29,0.0
2026-08-20,40051,ST THOMAS MOUNT,11,17,14:32,14:33,1.0
2026-08-20,40051,PALAVANTHANGAL,12,18,14:35,14:35,0.0
2026-08-20,40051,MINAMBAKKAM,13,20,14:38,14:38,0.0
2026-08-20,40051,TIRUSULAM,14,22,14:40,14:40,0.0
2026-08-20,40051,PALLAVARAM,15,23,14:43,14:43,0.0
2026-08-20,40051,CHROMEPET,16,25,14:46,14:46,0.0
2026-08-20,40051,TAMBARAM SANATORIUM,17,28,14:49,14:49,0.0
2026-08-20,40051,TAMBARAM,18,29,14:55,14:55,0.0
2026-08-20,40803,CHENNAI BEACH,1,0,,,0.0
2026-08-20,40803,CHENNAI FORT,2,2,15:04,15:04,0.0
2026-08-20,40803,CHENNAI PARK,3,3,15:07,15:07,0.0
2026-08-20,40803,CHENNAI EGMORE,4,4,15:10,15:11,1.0
2026-08-20,40803,CHENNAI CHETPAT,5,6,15:14,15:14,0.0
2026-08-20,40803,NUNGAMBAKKAM,6,8,15:17,15:17,0.0
2026-08-20,40803,KODAMBAKKAM,7,9,15:20,15:20,0.0
2026-08-20,40803,MAMBALAM,8,11,15:23,15:23,0.0
2026-08-20,40803,SAIDAPET,9,13,15:26,15:26,0.0
2026-08-20,40803,GUINDY,10,15,15:29,15:29,0.0
2026-08-20,40803,ST THOMAS MOUNT,11,17,15:32,15:33,1.0
2026-08-20,40803,PALAVANTHANGAL,12,18,15:35,15:35,0.0
2026-08-20,40803,MINAMBAKKAM,13,20,15:38,15:38,0.0
2026-08-20,40803,TIRUSULAM,14,22,15:40,15:40,0.0
2026-08-20,40803,PALLAVARAM,15,23,15:43,15:45,2.0
2026-08-20,40803,CHROMEPET,16,25,15:46,15:46,0.0
2026-08-20,40803,TAMBARAM SANATORIUM,17,28,15:49,15:49,0.0
2026-08-20,40803,TAMBARAM,18,29,15:59,15:59,0.0
2026-08-20,40803,PERUNGALATTUR,19,32,16:05,16:05,0.0
2026-08-20,40803,VANDALUR,20,34,16:08,16:09,1.0
2026-08-20,40803,URAPPAKKAM,21,37,16:12,16:12,0.0
2026-08-20,40803,GUDUVANCHERI,22,40,16:16,16:18,2.0
2026-08-20,40803,POTHERI HALT,23,44,16:20,16:20,0.0
2026-08-20,40803,KATTANGULATUR,24,46,16:24,16:26,2.0
2026-08-20,40803,MARAIMALAI NAGAR KAMARAJAR,25,47,16:26,16:26,0.0
2026-08-20,40803,SINGAPERUMAL KOIL,26,51,16:34,16:35,1.0
2026-08-20,40803,PARANUR,27,55,16:42,16:42,0.0
2026-08-20,40803,CHENGALPATTU JN.,28,60,16:50,16:54,4.0
2026-08-20,40803,REDDIPALAYAM,29,64,17:06,17:09,3.0
2026-08-20,40803,VILLIYAMBAKKAM,30,68,17:11,17:14,3.0
2026-08-20,40803,PALUR,31,71,17:16,17:19,3.0
2026-08-20,40803,PALAYASIVARAM,32,75,17:21,17:21,0.0
2026-08-20,40803,WALAJABAD,33,81,17:26,17:34,8.0
2026-08-20,40803,NATHAPETTAI,34,89,17:34,17:42,8.0
2026-08-20,40803,KANCHIPURAM EAST,35,94,17:39,17:47,8.0
2026-08-20,40803,KANCHIPURAM,36,96,17:44,17:56,12.0
2026-08-20,40803,TIRUMALPUR,37,108,18:20,18:20,0.0
2026-08-20,40547,CHENNAI BEACH,1,0,,,0.0
2026-08-20,40547,CHENNAI FORT,2,2,16:19,16:19,0.0
2026-08-20,40547,CHENNAI PARK,3,3,16:22,16:23,1.0
2026-08-20,40547,CHENNAI EGMORE,4,4,16:25,16:27,2.0
2026-08-20,40547,CHENNAI CHETPAT,5,6,16:29,16:29,0.0
2026-08-20,40547,NUNGAMBAKKAM,6,8,16:32,16:32,0.0
2026-08-20,40547,KODAMBAKKAM,7,9,16:35,16:36,1.0
2026-08-20,40547,MAMBALAM,8,11,16:38,16:38,0.0
2026-08-20,40547,SAIDAPET,9,13,16:41,16:41,0.0
2026-08-20,40547,GUINDY,10,15,16:44,16:44,0.0
2026-08-20,40547,ST THOMAS MOUNT,11,17,16:47,16:49,2.0
2026-08-20,40547,PALAVANTHANGAL,12,18,16:50,16:50,0.0
2026-08-20,40547,MINAMBAKKAM,13,20,16:53,16:53,0.0
2026-08-20,40547,TIRUSULAM,14,22,16:55,16:55,0.0
2026-08-20,40547,PALLAVARAM,15,23,16:58,16:59,1.0
2026-08-20,40547,CHROMEPET,16,25,17:01,17:01,0.0
2026-08-20,40547,TAMBARAM SANATORIUM,17,28,17:04,17:04,0.0
2026-08-20,40547,TAMBARAM,18,29,17:14,17:15,1.0
2026-08-20,40547,PERUNGALATTUR,19,32,17:20,17:23,3.0
2026-08-20,40547,VANDALUR,20,34,17:23,17:27,4.0
2026-08-20,40547,URAPPAKKAM,21,37,17:27,17:30,3.0
2026-08-20,40547,GUDUVANCHERI,22,40,17:31,17:34,3.0
2026-08-20,40547,POTHERI HALT,23,44,17:35,17:38,3.0
2026-08-20,40547,KATTANGULATUR,24,46,17:39,17:41,2.0
2026-08-20,40547,MARAIMALAI NAGAR KAMARAJAR,25,47,17:41,17:41,0.0
2026-08-20,40547,SINGAPERUMAL KOIL,26,51,17:49,17:50,1.0
2026-08-20,40547,PARANUR,27,55,17:57,17:57,0.0
2026-08-20,40547,CHENGALPATTU JN.,28,60,18:15,18:15,0.0
2026-08-20,42522,GUMMIDIPUNDI,1,0,,,0.0
2026-08-20,42522,KAVARAIPPETTAI,2,6,15:08,15:08,0.0
2026-08-20,42522,PONNERI,3,13,15:17,15:18,1.0
2026-08-20,42522,ANUPPAMBATTU,4,17,15:25,15:25,0.0
2026-08-20,42522,MINJUR,5,21,15:30,15:30,0.0
2026-08-20,42522,NANDIYAMPAKKAM,6,24,15:33,15:33,0.0
2026-08-20,42522,ATTIPPATTU,7,25,15:35,15:36,1.0
2026-08-20,42522,ATTIPATTU PUDU NAGAR.H,8,26,15:38,15:39,1.0
2026-08-20,42522,ENNORE,9,31,15:42,15:45,3.0
2026-08-20,42522,KATHIVAKKAM,10,32,15:44,15:47,3.0
2026-08-20,42522,WIMCO NAGAR,11,35,15:47,15:50,3.0
2026-08-20,42522,TIRUVOTTIYUR,12,38,15:54,15:56,2.0
2026-08-20,42522,VOC NAGAR,13,39,15:58,16:01,3.0
2026-08-20,42522,TONDIARPET,14,41,16:00,16:02,2.0
2026-08-20,42522,KORUKKUPET JN,15,42,16:02,16:09,7.0
2026-08-20,42522,WASHERMANPET,16,44,16:09,16:16,7.0
2026-08-20,42522,ROYAPURAM,17,46,16:12,16:19,7.0
2026-08-20,42522,CHENNAI BEACH,18,47,16:35,16:40,5.0
2026-08-20,42522,CHENNAI FORT,19,49,16:54,16:54,0.0
2026-08-20,42522,CHENNAI PARK,20,50,16:57,16:58,1.0
2026-08-20,42522,CHENNAI EGMORE,21,51,17:00,17:02,2.0
2026-08-20,42522,CHENNAI CHETPAT,22,53,17:04,17:04,0.0
2026-08-20,42522,NUNGAMBAKKAM,23,55,17:07,17:07,0.0
2026-08-20,42522,KODAMBAKKAM,24,56,17:10,17:11,1.0
2026-08-20,42522,MAMBALAM,25,58,17:13,17:13,0.0
2026-08-20,42522,SAIDAPET,26,59,17:16,17:16,0.0
2026-08-20,42522,GUINDY,27,62,17:19,17:19,0.0
2026-08-20,42522,ST THOMAS MOUNT,28,64,17:22,17:24,2.0
2026-08-20,42522,PALAVANTHANGAL,29,65,17:25,17:25,0.0
2026-08-20,42522,MINAMBAKKAM,30,67,17:28,17:28,0.0
2026-08-20,42522,TIRUSULAM,31,69,17:30,17:30,0.0
2026-08-20,42522,PALLAVARAM,32,70,17:33,17:36,3.0
2026-08-20,42522,CHROMEPET,33,72,17:36,17:39,3.0
2026-08-20,42522,TAMBARAM SANATORIUM,34,74,17:39,17:42,3.0
2026-08-20,42522,TAMBARAM,35,76,17:50,17:55,5.0
2026-08-20,40067,CHENNAI BEACH,1,0,,,4.0
2026-08-20,40067,CHENNAI FORT,2,2,17:49,17:53,4.0
2026-08-20,40067,CHENNAI PARK,3,3,17:52,17:58,6.0
2026-08-20,40067,CHENNAI EGMORE,4,4,17:55,18:01,6.0
2026-08-20,40067,CHENNAI CHETPAT,5,6,17:59,18:02,3.0
2026-08-20,40067,NUNGAMBAKKAM,6,8,18:02,18:05,3.0
2026-08-20,40067,KODAMBAKKAM,7,9,18:05,18:09,4.0
2026-08-20,40067,MAMBALAM,8,11,18:08,18:11,3.0
2026-08-20,40067,SAIDAPET,9,13,18:11,18:14,3.0
2026-08-20,40067,GUINDY,10,15,18:14,18:17,3.0
2026-08-20,40067,ST THOMAS MOUNT,11,17,18:17,18:22,5.0
2026-08-20,40067,PALAVANTHANGAL,12,18,18:20,18:23,3.0
2026-08-20,40067,MINAMBAKKAM,13,20,18:23,18:26,3.0
2026-08-20,40067,TIRUSULAM,14,22,18:25,18:28,3.0
2026-08-20,40067,PALLAVARAM,15,23,18:28,18:34,6.0
2026-08-20,40067,CHROMEPET,16,25,18:31,18:37,6.0
2026-08-20,40067,TAMBARAM SANATORIUM,17,28,18:34,18:40,6.0
2026-08-20,40067,TAMBARAM,18,29,18:40,18:45,5.0
2026-08-20,40903,CHENNAI BEACH,1,0,,,7.0
2026-08-20,40903,CHENNAI FORT,2,2,18:11,18:18,7.0
2026-08-20,40903,CHENNAI PARK,3,3,18:14,18:22,8.0
2026-08-20,40903,CHENNAI EGMORE,4,4,18:17,18:27,10.0
2026-08-20,40903,MAMBALAM,5,11,18:27,18:34,7.0
2026-08-20,40903,GUINDY,6,15,18:32,18:39,7.0
2026-08-20,40903,TAMBARAM,7,29,18:54,18:56,2.0
2026-08-20,40903,CHENGALPATTU JN.,8,60,19:27,19:28,1.0
2026-08-20,40903,PALUR,9,71,19:49,19:50,1.0
2026-08-20,40903,WALAJABAD,10,81,19:59,20:03,4.0
2026-08-20,40903,KANCHIPURAM EAST,11,94,20:11,20:15,4.0
2026-08-20,40903,KANCHIPURAM,12,96,20:14,20:19,5.0
2026-08-20,40903,TIRUMALPUR,13,108,20:29,20:31,2.0
2026-08-20,40903,TAKKOLAM,14,116,20:39,20:39,0.0
2026-08-20,40903,ARAKKONAM JN.,15,128,21:15,21:15,0.0
2026-08-20,49007,CHENNAI BEACH,1,0,,,8.0
2026-08-20,49007,CHENNAI FORT,2,2,18:21,18:29,8.0
2026-08-20,49007,CHENNAI PARK,3,3,18:24,18:32,8.0
2026-08-20,49007,CHENNAI EGMORE,4,4,18:27,18:35,8.0
2026-08-20,49007,MAMBALAM,5,11,18:37,18:42,5.0
2026-08-20,49007,GUINDY,6,15,18:42,18:47,5.0
2026-08-20,49007,ST THOMAS MOUNT,7,17,18:45,18:54,9.0
2026-08-20,49007,CHROMEPET,8,25,18:54,19:03,9.0
2026-08-20,49007,TAMBARAM,9,29,19:04,19:05,1.0
2026-08-20,49007,PERUNGALATTUR,10,32,19:10,19:11,1.0
2026-08-20,49007,URAPPAKKAM,11,37,19:16,19:17,1.0
2026-08-20,49007,GUDUVANCHERI,12,40,19:20,19:20,0.0
2026-08-20,49007,POTHERI HALT,13,44,19:24,19:25,1.0
2026-08-20,49007,SINGAPERUMAL KOIL,14,51,19:32,19:32,0.0
2026-08-20,49007,PARANUR,15,55,19:37,19:38,1.0
2026-08-20,49007,CHENGALPATTU JN.,16,60,19:50,19:50,0.0
2026-08-20,40703,CHENNAI BEACH,1,0,,,7.0
2026-08-20,40703,CHENNAI FORT,2,2,19:24,19:31,7.0
2026-08-20,40703,CHENNAI PARK,3,3,19:27,19:35,8.0
2026-08-20,40703,CHENNAI EGMORE,4,4,19:30,19:39,9.0
2026-08-20,40703,CHENNAI CHETPAT,5,6,19:34,19:40,6.0
2026-08-20,40703,NUNGAMBAKKAM,6,8,19:37,19:43,6.0
2026-08-20,40703,KODAMBAKKAM,7,9,19:40,19:48,8.0
2026-08-20,40703,MAMBALAM,8,11,19:43,19:50,7.0
2026-08-20,40703,SAIDAPET,9,13,19:46,19:53,7.0
2026-08-20,40703,GUINDY,10,15,19:49,19:56,7.0
2026-08-20,40703,ST THOMAS MOUNT,11,17,19:52,19:59,7.0
2026-08-20,40703,PALAVANTHANGAL,12,18,19:55,20:02,7.0
2026-08-20,40703,MINAMBAKKAM,13,20,19:58,20:05,7.0
2026-08-20,40703,TIRUSULAM,14,22,20:00,20:07,7.0
2026-08-20,40703,PALLAVARAM,15,23,20:03,20:12,9.0
2026-08-20,40703,CHROMEPET,16,25,20:06,20:15,9.0
2026-08-20,40703,TAMBARAM SANATORIUM,17,28,20:09,20:18,9.0
2026-08-20,40703,TAMBARAM,18,29,20:19,20:22,3.0
2026-08-20,40703,PERUNGALATTUR,19,32,20:25,20:36,11.0
2026-08-20,40703,VANDALUR,20,34,20:28,20:38,10.0
2026-08-20,40703,URAPPAKKAM,21,37,20:32,20:43,11.0
2026-08-20,40703,GUDUVANCHERI,22,40,20:36,20:47,11.0
2026-08-20,40703,POTHERI HALT,23,44,20:40,20:51,11.0
2026-08-20,40703,KATTANGULATUR,24,46,20:44,20:55,11.0
2026-08-20,40703,MARAIMALAI NAGAR KAMARAJAR,25,47,20:46,20:56,10.0
2026-08-20,40703,SINGAPERUMAL KOIL,26,51,20:54,21:05,11.0
2026-08-20,40703,PARANUR,27,55,21:02,21:10,8.0
2026-08-20,40703,CHENGALPATTU JN.,28,60,21:10,21:24,14.0
2026-08-20,40703,REDDIPALAYAM,29,64,21:26,21:43,17.0
2026-08-20,40703,VILLIYAMBAKKAM,30,68,21:31,21:48,17.0
2026-08-20,40703,PALUR,31,71,21:36,21:50,14.0
2026-08-20,40703,PALAYASIVARAM,32,75,21:41,21:54,13.0
2026-08-20,40703,WALAJABAD,33,81,21:46,22:02,16.0
2026-08-20,40703,NATHAPETTAI,34,89,21:54,22:10,16.0
2026-08-20,40703,KANCHIPURAM EAST,35,94,21:56,22:12,16.0
2026-08-20,40703,KANCHIPURAM,36,96,22:05,22:10,5.0
2026-08-20,40201,CHENNAI BEACH,1,0,,,9.0
2026-08-20,40201,CHENNAI FORT,2,2,19:34,19:43,9.0
2026-08-20,40201,CHENNAI PARK,3,3,19:37,19:47,10.0
2026-08-20,40201,CHENNAI EGMORE,4,4,19:40,19:51,11.0
2026-08-20,40201,CHENNAI CHETPAT,5,6,19:44,19:52,8.0
2026-08-20,40201,NUNGAMBAKKAM,6,8,19:47,19:55,8.0
2026-08-20,40201,KODAMBAKKAM,7,9,19:50,20:00,10.0
2026-08-20,40201,MAMBALAM,8,11,19:53,20:02,9.0
2026-08-20,40201,SAIDAPET,9,13,19:56,20:05,9.0
2026-08-20,40201,GUINDY,10,15,19:59,20:08,9.0
2026-08-20,40201,ST THOMAS MOUNT,11,17,20:02,20:12,10.0
2026-08-20,40201,PALAVANTHANGAL,12,18,20:05,20:14,9.0
2026-08-20,40201,MINAMBAKKAM,13,20,20:08,20:17,9.0
2026-08-20,40201,TIRUSULAM,14,22,20:10,20:19,9.0
2026-08-20,40201,PALLAVARAM,15,23,20:13,20:23,10.0
2026-08-20,40201,CHROMEPET,16,25,20:16,20:24,8.0
2026-08-20,40201,TAMBARAM SANATORIUM,17,28,20:19,20:27,8.0
2026-08-20,40201,TAMBARAM,18,29,20:29,20:37,8.0
2026-08-20,40201,PERUNGALATTUR,19,32,20:35,20:43,8.0
2026-08-20,40201,VANDALUR,20,34,20:38,20:49,11.0
2026-08-20,40201,URAPPAKKAM,21,37,20:42,20:53,11.0
2026-08-20,40201,GUDUVANCHERI,22,40,20:55,21:00,5.0
2026-08-20,40203,CHENNAI BEACH,1,0,,,0.0
2026-08-20,40203,CHENNAI FORT,2,2,20:04,20:04,0.0
2026-08-20,40203,CHENNAI PARK,3,3,20:07,20:09,2.0
2026-08-20,40203,CHENNAI EGMORE,4,4,20:10,20:13,3.0
2026-08-20,40203,CHENNAI CHETPAT,5,6,20:14,20:14,0.0
2026-08-20,40203,NUNGAMBAKKAM,6,8,20:17,20:17,0.0
2026-08-20,40203,KODAMBAKKAM,7,9,20:20,20:23,3.0
2026-08-20,40203,MAMBALAM,8,11,20:23,20:23,0.0
2026-08-20,40203,SAIDAPET,9,13,20:26,20:26,0.0
2026-08-20,40203,GUINDY,10,15,20:29,20:29,0.0
2026-08-20,40203,ST THOMAS MOUNT,11,17,20:32,20:35,3.0
2026-08-20,40203,PALAVANTHANGAL,12,18,20:35,20:38,3.0
2026-08-20,40203,MINAMBAKKAM,13,20,20:38,20:41,3.0
2026-08-20,40203,TIRUSULAM,14,22,20:40,20:43,3.0
2026-08-20,40203,PALLAVARAM,15,23,20:43,20:47,4.0
2026-08-20,40203,CHROMEPET,16,25,20:46,20:50,4.0
2026-08-20,40203,TAMBARAM SANATORIUM,17,28,20:49,20:53,4.0
2026-08-20,40203,TAMBARAM,18,29,20:59,21:01,2.0
2026-08-20,40203,PERUNGALATTUR,19,32,21:05,21:05,0.0
2026-08-20,40203,VANDALUR,20,34,21:08,21:14,6.0
2026-08-20,40203,URAPPAKKAM,21,37,21:12,21:18,6.0
2026-08-20,40203,GUDUVANCHERI,22,40,21:30,21:30,0.0
2026-08-20,40081,CHENNAI BEACH,1,0,,,0.0
2026-08-20,40081,CHENNAI FORT,2,2,21:04,21:04,0.0
2026-08-20,40081,CHENNAI PARK,3,3,21:07,21:08,1.0
2026-08-20,40081,CHENNAI EGMORE,4,4,21:10,21:12,2.0
2026-08-20,40081,CHENNAI CHETPAT,5,6,21:14,21:14,0.0
2026-08-20,40081,NUNGAMBAKKAM,6,8,21:17,21:17,0.0
2026-08-20,40081,KODAMBAKKAM,7,9,21:20,21:20,0.0
2026-08-20,40081,MAMBALAM,8,11,21:23,21:23,0.0
2026-08-20,40081,SAIDAPET,9,13,21:26,21:26,0.0
2026-08-20,40081,GUINDY,10,15,21:29,21:29,0.0
2026-08-20,40081,ST THOMAS MOUNT,11,17,21:32,21:32,0.0
2026-08-20,40081,PALAVANTHANGAL,12,18,21:35,21:35,0.0
2026-08-20,40081,MINAMBAKKAM,13,20,21:38,21:38,0.0
2026-08-20,40081,TIRUSULAM,14,22,21:40,21:40,0.0
2026-08-20,40081,PALLAVARAM,15,23,21:43,21:44,1.0
2026-08-20,40081,CHROMEPET,16,25,21:46,21:46,0.0
2026-08-20,40081,TAMBARAM SANATORIUM,17,28,21:49,21:49,0.0
2026-08-20,40081,TAMBARAM,18,29,22:00,22:00,0.0
2026-08-20,40569,CHENNAI BEACH,1,0,,,0.0
2026-08-20,40569,CHENNAI FORT,2,2,22:04,22:04,0.0
2026-08-20,40569,CHENNAI PARK,3,3,22:07,22:08,1.0
2026-08-20,40569,CHENNAI EGMORE,4,4,22:10,22:14,4.0
2026-08-20,40569,CHENNAI CHETPAT,5,6,22:14,22:17,3.0
2026-08-20,40569,NUNGAMBAKKAM,6,8,22:17,22:20,3.0
2026-08-20,40569,KODAMBAKKAM,7,9,22:20,22:23,3.0
2026-08-20,40569,MAMBALAM,8,11,22:23,22:23,0.0
2026-08-20,40569,SAIDAPET,9,13,22:26,22:26,0.0
2026-08-20,40569,GUINDY,10,15,22:29,22:29,0.0
2026-08-20,40569,ST THOMAS MOUNT,11,17,22:32,22:33,1.0
2026-08-20,40569,PALAVANTHANGAL,12,18,22:35,22:35,0.0
2026-08-20,40569,MINAMBAKKAM,13,20,22:38,22:38,0.0
2026-08-20,40569,TIRUSULAM,14,22,22:40,22:40,0.0
2026-08-20,40569,PALLAVARAM,15,23,22:43,22:43,0.0
2026-08-20,40569,CHROMEPET,16,25,22:46,22:46,0.0
2026-08-20,40569,TAMBARAM SANATORIUM,17,28,22:49,22:49,0.0
2026-08-20,40569,TAMBARAM,18,29,22:59,22:59,0.0
2026-08-20,40569,PERUNGALATTUR,19,32,23:05,23:05,0.0
2026-08-20,40569,VANDALUR,20,34,23:08,23:08,0.0
2026-08-20,40569,URAPPAKKAM,21,37,23:12,23:12,0.0
2026-08-20,40569,GUDUVANCHERI,22,40,23:16,23:16,0.0
2026-08-20,40569,POTHERI HALT,23,44,23:20,23:20,0.0
2026-08-20,40569,KATTANGULATUR,24,46,23:24,23:24,0.0
2026-08-20,40569,MARAIMALAI NAGAR KAMARAJAR,25,47,23:26,23:26,0.0
2026-08-20,40569,SINGAPERUMAL KOIL,26,51,23:34,23:34,0.0
2026-08-20,40569,PARANUR,27,55,23:42,23:42,0.0
2026-08-20,40569,CHENGALPATTU JN.,28,60,00:05,00:05,0.0
2026-08-20,40085,CHENNAI BEACH,1,0,,,0.0
2026-08-20,40085,CHENNAI FORT,2,2,23:04,23:04,0.0
2026-08-20,40085,CHENNAI PARK,3,3,23:07,23:07,0.0
2026-08-20,40085,CHENNAI EGMORE,4,4,23:10,23:10,0.0
2026-08-20,40085,CHENNAI CHETPAT,5,6,23:14,23:14,0.0
2026-08-20,40085,NUNGAMBAKKAM,6,8,23:17,23:17,0.0
2026-08-20,40085,KODAMBAKKAM,7,9,23:20,23:20,0.0
2026-08-20,40085,MAMBALAM,8,11,23:23,23:23,0.0
2026-08-20,40085,SAIDAPET,9,13,23:26,23:26,0.0
2026-08-20,40085,GUINDY,10,15,23:29,23:29,0.0
2026-08-20,40085,ST THOMAS MOUNT,11,17,23:32,23:32,0.0
2026-08-20,40085,PALAVANTHANGAL,12,18,23:35,23:35,0.0
2026-08-20,40085,MINAMBAKKAM,13,20,23:38,23:38,0.0
2026-08-20,40085,TIRUSULAM,14,22,23:40,23:40,0.0
2026-08-20,40085,PALLAVARAM,15,23,23:43,23:43,0.0
2026-08-20,40085,CHROMEPET,16,25,23:46,23:46,0.0
2026-08-20,40085,TAMBARAM SANATORIUM,17,28,23:49,23:49,0.0
2026-08-20,40085,TAMBARAM,18,29,00:00,00:00,0.0
